availability_id,guide_id,for_date,is_available,slots_available,price_multiplier,updated_at
gav_3e60e774,gid_d03d6531,2026-09-01,0,0,1.1,2026-08-18T10:00:00+05:30
gav_0bbee8b3,gid_d03d6531,2026-09-02,1,2,1.1,2026-08-18T10:00:00+05:30
gav_fb232cf3,gid_d03d6531,2026-09-03,1,2,1,2026-08-18T10:00:00+05:30
gav_12fa81ff,gid_d03d6531,2026-09-04,1,2,1,2026-08-18T10:00:00+05:30
gav_18c8f3e6,gid_d03d6531,2026-09-05,1,1,1.25,2026-08-18T10:00:00+05:30
gav_d9662c87,gid_d03d6531,2026-09-06,1,1,1.25,2026-08-18T10:00:00+05:30
gav_38eddced,gid_d03d6531,2026-09-07,0,0,1,2026-08-18T10:00:00+05:30
gav_bcce73e8,gid_d03d6531,2026-09-08,1,1,1,2026-08-18T10:00:00+05:30
gav_70b737aa,gid_d03d6531,2026-09-09,0,0,1.1,2026-08-18T10:00:00+05:30
gav_fefb431e,gid_d03d6531,2026-09-10,1,1,1,2026-08-18T10:00:00+05:30
gav_e5d6ad79,gid_d03d6531,2026-09-11,1,1,1,2026-08-18T10:00:00+05:30
gav_b17b4768,gid_d03d6531,2026-09-12,0,0,1.25,2026-08-18T10:00:00+05:30
gav_38f1f5e4,gid_d03d6531,2026-09-13,1,2,1.25,2026-08-18T10:00:00+05:30
gav_e35320eb,gid_d03d6531,2026-09-14,1,2,1,2026-08-18T10:00:00+05:30
gav_c25fcdd2,gid_d03d6531,2026-09-15,1,1,1,2026-08-18T10:00:00+05:30
gav_36ee36de,gid_d03d6531,2026-09-16,1,2,1.1,2026-08-18T10:00:00+05:30
gav_9f019c64,gid_d03d6531,2026-09-17,1,1,1,2026-08-18T10:00:00+05:30
gav_ceab14f7,gid_d03d6531,2026-09-18,1,1,1.1,2026-08-18T10:00:00+05:30
gav_3c81e16c,gid_d03d6531,2026-09-19,1,2,1.25,2026-08-18T10:00:00+05:30
gav_d4c34b0b,gid_d03d6531,2026-09-20,1,1,1.25,2026-08-18T10:00:00+05:30
gav_862d6d9d,gid_d03d6531,2026-09-21,1,2,1.1,2026-08-18T10:00:00+05:30
gav_91882754,gid_d03d6531,2026-09-22,1,1,1.1,2026-08-18T10:00:00+05:30
gav_a038bad4,gid_d03d6531,2026-09-23,1,2,1,2026-08-18T10:00:00+05:30
gav_61ec2d73,gid_d03d6531,2026-09-24,1,2,1,2026-08-18T10:00:00+05:30
gav_e93e67e9,gid_d03d6531,2026-09-25,0,0,1.1,2026-08-18T10:00:00+05:30
gav_e682efb2,gid_d03d6531,2026-09-26,1,2,1.25,2026-08-18T10:00:00+05:30
gav_51626a53,gid_d03d6531,2026-09-27,1,1,1.35,2026-08-18T10:00:00+05:30
gav_610ed9de,gid_d03d6531,2026-09-28,1,2,1.1,2026-08-18T10:00:00+05:30
gav_1a528145,gid_d03d6531,2026-09-29,1,1,1,2026-08-18T10:00:00+05:30
gav_998efc86,gid_d03d6531,2026-09-30,1,2,1.1,2026-08-18T10:00:00+05:30
gav_03dbf374,gid_99f76657,2026-09-01,1,2,1,2026-08-18T10:00:00+05:30
gav_ab776f93,gid_99f76657,2026-09-02,1,1,1.1,2026-08-18T10:00:00+05:30
gav_f8cb70a6,gid_99f76657,2026-09-03,0,0,1.1,2026-08-18T10:00:00+05:30
gav_76ac655a,gid_99f76657,2026-09-04,1,2,1,2026-08-18T10:00:00+05:30
gav_cd328555,gid_99f76657,2026-09-05,1,1,1.25,2026-08-18T10:00:00+05:30
gav_79fa51b6,gid_99f76657,2026-09-06,1,1,1.25,2026-08-18T10:00:00+05:30
gav_c359c2f0,gid_99f76657,2026-09-07,1,2,1,2026-08-18T10:00:00+05:30
gav_ce5a4664,gid_99f76657,2026-09-08,1,2,1,2026-08-18T10:00:00+05:30
gav_5d06a848,gid_99f76657,2026-09-09,1,1,1,2026-08-18T10:00:00+05:30
gav_d4a0431e,gid_99f76657,2026-09-10,1,1,1,2026-08-18T10:00:00+05:30
gav_a8bc9e29,gid_99f76657,2026-09-11,1,2,1,2026-08-18T10:00:00+05:30
gav_de270e02,gid_99f76657,2026-09-12,1,1,1.25,2026-08-18T10:00:00+05:30
gav_159c573d,gid_99f76657,2026-09-13,0,0,1.35,2026-08-18T10:00:00+05:30
gav_d40a1bae,gid_99f76657,2026-09-14,1,1,1,2026-08-18T10:00:00+05:30
gav_5a3250d5,gid_99f76657,2026-09-15,0,0,1,2026-08-18T10:00:00+05:30
gav_9954e407,gid_99f76657,2026-09-16,1,2,1,2026-08-18T10:00:00+05:30
gav_ef27be4a,gid_99f76657,2026-09-17,1,1,1.1,2026-08-18T10:00:00+05:30
gav_f6402233,gid_99f76657,2026-09-18,1,2,1,2026-08-18T10:00:00+05:30
gav_c219d9f2,gid_99f76657,2026-09-19,0,0,1.35,2026-08-18T10:00:00+05:30
gav_9e0b3411,gid_99f76657,2026-09-20,0,0,1.25,2026-08-18T10:00:00+05:30
gav_5746c355,gid_99f76657,2026-09-21,0,0,1,2026-08-18T10:00:00+05:30
gav_b7f64081,gid_99f76657,2026-09-22,0,0,1.1,2026-08-18T10:00:00+05:30
gav_8465f975,gid_99f76657,2026-09-23,1,2,1,2026-08-18T10:00:00+05:30
gav_66c70fed,gid_99f76657,2026-09-24,0,0,1.1,2026-08-18T10:00:00+05:30
gav_f4145e81,gid_99f76657,2026-09-25,1,2,1,2026-08-18T10:00:00+05:30
gav_8c3c5532,gid_99f76657,2026-09-26,0,0,1.25,2026-08-18T10:00:00+05:30
gav_6971024d,gid_99f76657,2026-09-27,1,2,1.25,2026-08-18T10:00:00+05:30
gav_589387bc,gid_99f76657,2026-09-28,0,0,1,2026-08-18T10:00:00+05:30
gav_c559c0a0,gid_99f76657,2026-09-29,1,1,1,2026-08-18T10:00:00+05:30
gav_d49ff1b5,gid_99f76657,2026-09-30,1,1,1.1,2026-08-18T10:00:00+05:30
gav_23d2d541,gid_f0dd145e,2026-09-01,1,2,1.1,2026-08-18T10:00:00+05:30
gav_ef2f5d85,gid_f0dd145e,2026-09-02,1,1,1.1,2026-08-18T10:00:00+05:30
gav_1ce6300d,gid_f0dd145e,2026-09-03,1,2,1,2026-08-18T10:00:00+05:30
gav_9e214d22,gid_f0dd145e,2026-09-04,0,0,1.1,2026-08-18T10:00:00+05:30
gav_67729796,gid_f0dd145e,2026-09-05,1,2,1.25,2026-08-18T10:00:00+05:30
gav_acbc7ea1,gid_f0dd145e,2026-09-06,1,2,1.35,2026-08-18T10:00:00+05:30
gav_452c5cd5,gid_f0dd145e,2026-09-07,1,1,1,2026-08-18T10:00:00+05:30
gav_d6339ec7,gid_f0dd145e,2026-09-08,0,0,1.1,2026-08-18T10:00:00+05:30
gav_704e7a34,gid_f0dd145e,2026-09-09,1,1,1,2026-08-18T10:00:00+05:30
gav_fe6e1b6d,gid_f0dd145e,2026-09-10,1,1,1,2026-08-18T10:00:00+05:30
gav_f9c62589,gid_f0dd145e,2026-09-11,1,1,1,2026-08-18T10:00:00+05:30
gav_4a408d52,gid_f0dd145e,2026-09-12,1,1,1.25,2026-08-18T10:00:00+05:30
gav_0aadbb1e,gid_f0dd145e,2026-09-13,1,2,1.35,2026-08-18T10:00:00+05:30
gav_db68352e,gid_f0dd145e,2026-09-14,1,2,1,2026-08-18T10:00:00+05:30
gav_6a6d939f,gid_f0dd145e,2026-09-15,1,1,1,2026-08-18T10:00:00+05:30
gav_afe43b3c,gid_f0dd145e,2026-09-16,1,2,1.1,2026-08-18T10:00:00+05:30
gav_6c366cef,gid_f0dd145e,2026-09-17,1,1,1.1,2026-08-18T10:00:00+05:30
gav_3aa90123,gid_f0dd145e,2026-09-18,1,2,1.1,2026-08-18T10:00:00+05:30
gav_43172f0d,gid_f0dd145e,2026-09-19,1,2,1.35,2026-08-18T10:00:00+05:30
gav_984340fa,gid_f0dd145e,2026-09-20,1,2,1.25,2026-08-18T10:00:00+05:30
gav_2f5272cd,gid_f0dd145e,2026-09-21,1,2,1,2026-08-18T10:00:00+05:30
gav_621b4395,gid_f0dd145e,2026-09-22,0,0,1.1,2026-08-18T10:00:00+05:30
gav_b82ae085,gid_f0dd145e,2026-09-23,1,2,1,2026-08-18T10:00:00+05:30
gav_3babf534,gid_f0dd145e,2026-09-24,1,2,1,2026-08-18T10:00:00+05:30
gav_202742f4,gid_f0dd145e,2026-09-25,1,2,1,2026-08-18T10:00:00+05:30
gav_c4353a9e,gid_f0dd145e,2026-09-26,1,2,1.25,2026-08-18T10:00:00+05:30
gav_161739a2,gid_f0dd145e,2026-09-27,1,2,1.25,2026-08-18T10:00:00+05:30
gav_3e30f7c1,gid_f0dd145e,2026-09-28,1,1,1.1,2026-08-18T10:00:00+05:30
gav_1285221b,gid_f0dd145e,2026-09-29,1,2,1.1,2026-08-18T10:00:00+05:30
gav_93508e06,gid_f0dd145e,2026-09-30,1,1,1,2026-08-18T10:00:00+05:30
gav_9c9e845d,gid_60f2dce2,2026-09-01,0,0,1,2026-08-18T10:00:00+05:30
gav_8fc239a2,gid_60f2dce2,2026-09-02,1,1,1.1,2026-08-18T10:00:00+05:30
gav_b6cc0ecb,gid_60f2dce2,2026-09-03,1,1,1.1,2026-08-18T10:00:00+05:30
gav_b3593f58,gid_60f2dce2,2026-09-04,1,2,1,2026-08-18T10:00:00+05:30
gav_0b90624f,gid_60f2dce2,2026-09-05,1,1,1.25,2026-08-18T10:00:00+05:30
gav_9bf4359a,gid_60f2dce2,2026-09-06,1,1,1.35,2026-08-18T10:00:00+05:30
gav_745e68c8,gid_60f2dce2,2026-09-07,1,1,1.1,2026-08-18T10:00:00+05:30
gav_b929cdce,gid_60f2dce2,2026-09-08,1,2,1,2026-08-18T10:00:00+05:30
gav_affad6fa,gid_60f2dce2,2026-09-09,1,2,1,2026-08-18T10:00:00+05:30
gav_920f56d8,gid_60f2dce2,2026-09-10,0,0,1,2026-08-18T10:00:00+05:30
gav_aa643190,gid_60f2dce2,2026-09-11,0,0,1.1,2026-08-18T10:00:00+05:30
gav_1eba5a9d,gid_60f2dce2,2026-09-12,1,2,1.25,2026-08-18T10:00:00+05:30
gav_ec056abd,gid_60f2dce2,2026-09-13,1,1,1.25,2026-08-18T10:00:00+05:30
gav_00e9800c,gid_60f2dce2,2026-09-14,1,2,1,2026-08-18T10:00:00+05:30
gav_e1293c49,gid_60f2dce2,2026-09-15,1,2,1.1,2026-08-18T10:00:00+05:30
gav_7211bf5e,gid_60f2dce2,2026-09-16,0,0,1.1,2026-08-18T10:00:00+05:30
gav_53c57083,gid_60f2dce2,2026-09-17,1,2,1,2026-08-18T10:00:00+05:30
gav_def8f125,gid_60f2dce2,2026-09-18,1,1,1,2026-08-18T10:00:00+05:30
gav_73b78b7e,gid_60f2dce2,2026-09-19,1,2,1.25,2026-08-18T10:00:00+05:30
gav_9188963e,gid_60f2dce2,2026-09-20,1,1,1.25,2026-08-18T10:00:00+05:30
gav_9fb1d5de,gid_60f2dce2,2026-09-21,1,2,1,2026-08-18T10:00:00+05:30
gav_981e20b8,gid_60f2dce2,2026-09-22,1,1,1.1,2026-08-18T10:00:00+05:30
gav_1507d1ef,gid_60f2dce2,2026-09-23,0,0,1.1,2026-08-18T10:00:00+05:30
gav_f01cab2c,gid_60f2dce2,2026-09-24,0,0,1,2026-08-18T10:00:00+05:30
gav_003b1df0,gid_60f2dce2,2026-09-25,0,0,1,2026-08-18T10:00:00+05:30
gav_0bc0b119,gid_60f2dce2,2026-09-26,1,1,1.25,2026-08-18T10:00:00+05:30
gav_c016de4f,gid_60f2dce2,2026-09-27,1,2,1.35,2026-08-18T10:00:00+05:30
gav_4b5c19df,gid_60f2dce2,2026-09-28,0,0,1.1,2026-08-18T10:00:00+05:30
gav_3fa903d6,gid_60f2dce2,2026-09-29,1,2,1,2026-08-18T10:00:00+05:30
gav_5ee1fc33,gid_60f2dce2,2026-09-30,1,1,1,2026-08-18T10:00:00+05:30
gav_61559deb,gid_d5e89c6a,2026-09-01,1,2,1,2026-08-18T10:00:00+05:30
gav_6a9c9168,gid_d5e89c6a,2026-09-02,1,2,1,2026-08-18T10:00:00+05:30
gav_205eb2f1,gid_d5e89c6a,2026-09-03,1,2,1,2026-08-18T10:00:00+05:30
gav_7463ce53,gid_d5e89c6a,2026-09-04,0,0,1,2026-08-18T10:00:00+05:30
gav_a0efe779,gid_d5e89c6a,2026-09-05,0,0,1.25,2026-08-18T10:00:00+05:30
gav_7ab8b5d9,gid_d5e89c6a,2026-09-06,1,2,1.35,2026-08-18T10:00:00+05:30
gav_0a3c8caf,gid_d5e89c6a,2026-09-07,1,1,1.1,2026-08-18T10:00:00+05:30
gav_7e8aea90,gid_d5e89c6a,2026-09-08,0,0,1,2026-08-18T10:00:00+05:30
gav_d6785e61,gid_d5e89c6a,2026-09-09,0,0,1,2026-08-18T10:00:00+05:30
gav_21f33eeb,gid_d5e89c6a,2026-09-10,0,0,1.1,2026-08-18T10:00:00+05:30
gav_52821259,gid_d5e89c6a,2026-09-11,0,0,1,2026-08-18T10:00:00+05:30
gav_e6f8d336,gid_d5e89c6a,2026-09-12,1,2,1.35,2026-08-18T10:00:00+05:30
gav_0450a390,gid_d5e89c6a,2026-09-13,1,2,1.25,2026-08-18T10:00:00+05:30
gav_a5d5cd19,gid_d5e89c6a,2026-09-14,1,2,1,2026-08-18T10:00:00+05:30
gav_8ff3dcbc,gid_d5e89c6a,2026-09-15,0,0,1,2026-08-18T10:00:00+05:30
gav_6b7db89b,gid_d5e89c6a,2026-09-16,0,0,1.1,2026-08-18T10:00:00+05:30
gav_b51a3723,gid_d5e89c6a,2026-09-17,0,0,1.1,2026-08-18T10:00:00+05:30
gav_04132b42,gid_d5e89c6a,2026-09-18,1,2,1,2026-08-18T10:00:00+05:30
gav_76a277be,gid_d5e89c6a,2026-09-19,0,0,1.35,2026-08-18T10:00:00+05:30
gav_79f06948,gid_d5e89c6a,2026-09-20,0,0,1.35,2026-08-18T10:00:00+05:30
gav_0edfbe39,gid_d5e89c6a,2026-09-21,1,1,1,2026-08-18T10:00:00+05:30
gav_8b4e0219,gid_d5e89c6a,2026-09-22,1,1,1.1,2026-08-18T10:00:00+05:30
gav_373efd3c,gid_d5e89c6a,2026-09-23,1,2,1,2026-08-18T10:00:00+05:30
gav_c588c268,gid_d5e89c6a,2026-09-24,1,2,1,2026-08-18T10:00:00+05:30
gav_a380b790,gid_d5e89c6a,2026-09-25,1,1,1.1,2026-08-18T10:00:00+05:30
gav_10af94e7,gid_d5e89c6a,2026-09-26,0,0,1.35,2026-08-18T10:00:00+05:30
gav_2e80ca46,gid_d5e89c6a,2026-09-27,1,2,1.35,2026-08-18T10:00:00+05:30
gav_22790c33,gid_d5e89c6a,2026-09-28,0,0,1.1,2026-08-18T10:00:00+05:30
gav_ea8341ac,gid_d5e89c6a,2026-09-29,0,0,1,2026-08-18T10:00:00+05:30
gav_e1fc4e2b,gid_d5e89c6a,2026-09-30,1,1,1,2026-08-18T10:00:00+05:30
gav_8003b187,gid_460ad60c,2026-09-01,1,2,1,2026-08-18T10:00:00+05:30
gav_0bd60bbb,gid_460ad60c,2026-09-02,1,2,1.1,2026-08-18T10:00:00+05:30
gav_90ebcbc5,gid_460ad60c,2026-09-03,0,0,1.1,2026-08-18T10:00:00+05:30
gav_156cb275,gid_460ad60c,2026-09-04,0,0,1.1,2026-08-18T10:00:00+05:30
gav_be545d97,gid_460ad60c,2026-09-05,0,0,1.25,2026-08-18T10:00:00+05:30
gav_831040df,gid_460ad60c,2026-09-06,1,1,1.25,2026-08-18T10:00:00+05:30
gav_931d754b,gid_460ad60c,2026-09-07,1,1,1,2026-08-18T10:00:00+05:30
gav_09e391af,gid_460ad60c,2026-09-08,1,2,1.1,2026-08-18T10:00:00+05:30
gav_bc0e37d6,gid_460ad60c,2026-09-09,1,2,1,2026-08-18T10:00:00+05:30
gav_9c071927,gid_460ad60c,2026-09-10,0,0,1,2026-08-18T10:00:00+05:30
gav_51dad71a,gid_460ad60c,2026-09-11,0,0,1,2026-08-18T10:00:00+05:30
gav_b41c14f1,gid_460ad60c,2026-09-12,1,2,1.35,2026-08-18T10:00:00+05:30
gav_8dde424a,gid_460ad60c,2026-09-13,1,2,1.35,2026-08-18T10:00:00+05:30
gav_25bfbbd3,gid_460ad60c,2026-09-14,1,2,1,2026-08-18T10:00:00+05:30
gav_e10d7847,gid_460ad60c,2026-09-15,1,1,1,2026-08-18T10:00:00+05:30
gav_76fbf8da,gid_460ad60c,2026-09-16,1,1,1,2026-08-18T10:00:00+05:30
gav_d3eec369,gid_460ad60c,2026-09-17,1,1,1,2026-08-18T10:00:00+05:30
gav_384c0c54,gid_460ad60c,2026-09-18,1,2,1,2026-08-18T10:00:00+05:30
gav_7679b31c,gid_460ad60c,2026-09-19,1,2,1.25,2026-08-18T10:00:00+05:30
gav_0f7cdc46,gid_460ad60c,2026-09-20,1,1,1.25,2026-08-18T10:00:00+05:30
gav_0df1e3aa,gid_460ad60c,2026-09-21,0,0,1,2026-08-18T10:00:00+05:30
gav_d6a98ad3,gid_460ad60c,2026-09-22,1,2,1.1,2026-08-18T10:00:00+05:30
gav_baccc832,gid_460ad60c,2026-09-23,1,2,1.1,2026-08-18T10:00:00+05:30
gav_e27d79b7,gid_460ad60c,2026-09-24,1,2,1,2026-08-18T10:00:00+05:30
gav_90ad010e,gid_460ad60c,2026-09-25,0,0,1,2026-08-18T10:00:00+05:30
gav_140275bf,gid_460ad60c,2026-09-26,1,2,1.25,2026-08-18T10:00:00+05:30
gav_06c85f40,gid_460ad60c,2026-09-27,1,2,1.35,2026-08-18T10:00:00+05:30
gav_be34c8e9,gid_460ad60c,2026-09-28,1,1,1,2026-08-18T10:00:00+05:30
gav_4026bb80,gid_460ad60c,2026-09-29,1,1,1.1,2026-08-18T10:00:00+05:30
gav_72c74157,gid_460ad60c,2026-09-30,0,0,1.1,2026-08-18T10:00:00+05:30
gav_815cd622,gid_52fc11f7,2026-09-01,1,1,1,2026-08-18T10:00:00+05:30
gav_57ce1894,gid_52fc11f7,2026-09-02,1,1,1,2026-08-18T10:00:00+05:30
gav_e543b653,gid_52fc11f7,2026-09-03,1,1,1,2026-08-18T10:00:00+05:30
gav_abf4aaae,gid_52fc11f7,2026-09-04,0,0,1.1,2026-08-18T10:00:00+05:30
gav_f5e0ffe2,gid_52fc11f7,2026-09-05,0,0,1.25,2026-08-18T10:00:00+05:30
gav_3e28ca41,gid_52fc11f7,2026-09-06,1,1,1.35,2026-08-18T10:00:00+05:30
gav_3139cf35,gid_52fc11f7,2026-09-07,1,2,1.1,2026-08-18T10:00:00+05:30
gav_bd048bfc,gid_52fc11f7,2026-09-08,1,1,1,2026-08-18T10:00:00+05:30
gav_ab621a07,gid_52fc11f7,2026-09-09,0,0,1,2026-08-18T10:00:00+05:30
gav_f3c6836c,gid_52fc11f7,2026-09-10,1,1,1.1,2026-08-18T10:00:00+05:30
gav_b093da3f,gid_52fc11f7,2026-09-11,1,1,1,2026-08-18T10:00:00+05:30
gav_4fea9238,gid_52fc11f7,2026-09-12,1,2,1.35,2026-08-18T10:00:00+05:30
gav_55c8804c,gid_52fc11f7,2026-09-13,1,1,1.35,2026-08-18T10:00:00+05:30
gav_4c310118,gid_52fc11f7,2026-09-14,0,0,1,2026-08-18T10:00:00+05:30
gav_0d841f96,gid_52fc11f7,2026-09-15,1,1,1,2026-08-18T10:00:00+05:30
gav_fbb4fbe4,gid_52fc11f7,2026-09-16,1,1,1,2026-08-18T10:00:00+05:30
gav_9395bd56,gid_52fc11f7,2026-09-17,1,2,1,2026-08-18T10:00:00+05:30
gav_3e3f6d71,gid_52fc11f7,2026-09-18,0,0,1,2026-08-18T10:00:00+05:30
gav_119bf333,gid_52fc11f7,2026-09-19,1,1,1.35,2026-08-18T10:00:00+05:30
gav_ed231c66,gid_52fc11f7,2026-09-20,1,1,1.25,2026-08-18T10:00:00+05:30
gav_d2e8ee2c,gid_52fc11f7,2026-09-21,1,2,1,2026-08-18T10:00:00+05:30
gav_f69bbd69,gid_52fc11f7,2026-09-22,1,1,1,2026-08-18T10:00:00+05:30
gav_e344a60f,gid_52fc11f7,2026-09-23,1,2,1,2026-08-18T10:00:00+05:30
gav_1d553b4f,gid_52fc11f7,2026-09-24,1,2,1.1,2026-08-18T10:00:00+05:30
gav_8d7372c8,gid_52fc11f7,2026-09-25,0,0,1,2026-08-18T10:00:00+05:30
gav_76915f59,gid_52fc11f7,2026-09-26,1,1,1.25,2026-08-18T10:00:00+05:30
gav_e2ac4a22,gid_52fc11f7,2026-09-27,1,1,1.25,2026-08-18T10:00:00+05:30
gav_1e8c337d,gid_52fc11f7,2026-09-28,1,1,1.1,2026-08-18T10:00:00+05:30
gav_f2ec680f,gid_52fc11f7,2026-09-29,1,1,1,2026-08-18T10:00:00+05:30
gav_65a0b574,gid_52fc11f7,2026-09-30,1,1,1.1,2026-08-18T10:00:00+05:30
gav_cc63c964,gid_f1027cd5,2026-09-01,1,2,1.1,2026-08-18T10:00:00+05:30
gav_f69f846d,gid_f1027cd5,2026-09-02,0,0,1,2026-08-18T10:00:00+05:30
gav_2940f9c6,gid_f1027cd5,2026-09-03,1,1,1,2026-08-18T10:00:00+05:30
gav_37329332,gid_f1027cd5,2026-09-04,0,0,1,2026-08-18T10:00:00+05:30
gav_89c741d5,gid_f1027cd5,2026-09-05,0,0,1.25,2026-08-18T10:00:00+05:30
gav_d9bfbfc3,gid_f1027cd5,2026-09-06,1,1,1.25,2026-08-18T10:00:00+05:30
gav_0f474a5f,gid_f1027cd5,2026-09-07,1,1,1,2026-08-18T10:00:00+05:30
gav_ffbc2ff7,gid_f1027cd5,2026-09-08,0,0,1,2026-08-18T10:00:00+05:30
gav_0e1a5e6f,gid_f1027cd5,2026-09-09,0,0,1.1,2026-08-18T10:00:00+05:30
gav_5ac27bfb,gid_f1027cd5,2026-09-10,1,1,1,2026-08-18T10:00:00+05:30
gav_ced69d16,gid_f1027cd5,2026-09-11,1,2,1.1,2026-08-18T10:00:00+05:30
gav_49f27c15,gid_f1027cd5,2026-09-12,1,2,1.25,2026-08-18T10:00:00+05:30
gav_2f8918b6,gid_f1027cd5,2026-09-13,1,1,1.35,2026-08-18T10:00:00+05:30
gav_b5866183,gid_f1027cd5,2026-09-14,1,2,1,2026-08-18T10:00:00+05:30
gav_4adaf362,gid_f1027cd5,2026-09-15,1,2,1,2026-08-18T10:00:00+05:30
gav_a7cd8ee0,gid_f1027cd5,2026-09-16,1,2,1,2026-08-18T10:00:00+05:30
gav_26c45d54,gid_f1027cd5,2026-09-17,1,2,1.1,2026-08-18T10:00:00+05:30
gav_bf77b750,gid_f1027cd5,2026-09-18,1,1,1,2026-08-18T10:00:00+05:30
gav_31e42619,gid_f1027cd5,2026-09-19,1,1,1.35,2026-08-18T10:00:00+05:30
gav_ac87f906,gid_f1027cd5,2026-09-20,1,2,1.25,2026-08-18T10:00:00+05:30
gav_3812366c,gid_f1027cd5,2026-09-21,1,2,1,2026-08-18T10:00:00+05:30
gav_14fd8ed2,gid_f1027cd5,2026-09-22,1,2,1,2026-08-18T10:00:00+05:30
gav_bd29e73d,gid_f1027cd5,2026-09-23,0,0,1.1,2026-08-18T10:00:00+05:30
gav_4082ce1a,gid_f1027cd5,2026-09-24,1,2,1.1,2026-08-18T10:00:00+05:30
gav_d7a94e9e,gid_f1027cd5,2026-09-25,1,1,1.1,2026-08-18T10:00:00+05:30
gav_4d019c58,gid_f1027cd5,2026-09-26,1,2,1.25,2026-08-18T10:00:00+05:30
gav_7ae59e59,gid_f1027cd5,2026-09-27,0,0,1.25,2026-08-18T10:00:00+05:30
gav_c031aca3,gid_f1027cd5,2026-09-28,1,2,1.1,2026-08-18T10:00:00+05:30
gav_15a77b4a,gid_f1027cd5,2026-09-29,1,1,1.1,2026-08-18T10:00:00+05:30
gav_6d870158,gid_f1027cd5,2026-09-30,1,1,1,2026-08-18T10:00:00+05:30
gav_f9e2ae3e,gid_cc39c0ff,2026-09-01,1,2,1,2026-08-18T10:00:00+05:30
gav_6feaf103,gid_cc39c0ff,2026-09-02,0,0,1,2026-08-18T10:00:00+05:30
gav_fa73374f,gid_cc39c0ff,2026-09-03,1,2,1,2026-08-18T10:00:00+05:30
gav_4b92156b,gid_cc39c0ff,2026-09-04,1,2,1,2026-08-18T10:00:00+05:30
gav_f639ee4b,gid_cc39c0ff,2026-09-05,0,0,1.35,2026-08-18T10:00:00+05:30
gav_6312846c,gid_cc39c0ff,2026-09-06,0,0,1.25,2026-08-18T10:00:00+05:30
gav_2843e868,gid_cc39c0ff,2026-09-07,1,1,1,2026-08-18T10:00:00+05:30
gav_4c03248f,gid_cc39c0ff,2026-09-08,1,1,1.1,2026-08-18T10:00:00+05:30
gav_0de97615,gid_cc39c0ff,2026-09-09,1,2,1.1,2026-08-18T10:00:00+05:30
gav_e1123605,gid_cc39c0ff,2026-09-10,1,1,1.1,2026-08-18T10:00:00+05:30
gav_a99fc5b4,gid_cc39c0ff,2026-09-11,1,2,1,2026-08-18T10:00:00+05:30
gav_a97f782e,gid_cc39c0ff,2026-09-12,1,1,1.25,2026-08-18T10:00:00+05:30
gav_de11edcf,gid_cc39c0ff,2026-09-13,1,2,1.25,2026-08-18T10:00:00+05:30
gav_21925064,gid_cc39c0ff,2026-09-14,1,1,1,2026-08-18T10:00:00+05:30
gav_c1d6c06f,gid_cc39c0ff,2026-09-15,1,2,1.1,2026-08-18T10:00:00+05:30
gav_0490cd22,gid_cc39c0ff,2026-09-16,1,1,1,2026-08-18T10:00:00+05:30
gav_03250f51,gid_cc39c0ff,2026-09-17,1,1,1,2026-08-18T10:00:00+05:30
gav_1dfd6a8a,gid_cc39c0ff,2026-09-18,1,2,1,2026-08-18T10:00:00+05:30
gav_a705b6f3,gid_cc39c0ff,2026-09-19,1,1,1.25,2026-08-18T10:00:00+05:30
gav_2213fecb,gid_cc39c0ff,2026-09-20,0,0,1.35,2026-08-18T10:00:00+05:30
gav_a0fecc1a,gid_cc39c0ff,2026-09-21,0,0,1,2026-08-18T10:00:00+05:30
gav_118db96a,gid_cc39c0ff,2026-09-22,1,2,1,2026-08-18T10:00:00+05:30
gav_7e945d2c,gid_cc39c0ff,2026-09-23,0,0,1,2026-08-18T10:00:00+05:30
gav_92579051,gid_cc39c0ff,2026-09-24,0,0,1,2026-08-18T10:00:00+05:30
gav_3d27441e,gid_cc39c0ff,2026-09-25,1,2,1,2026-08-18T10:00:00+05:30
gav_66a1ef8e,gid_cc39c0ff,2026-09-26,1,2,1.35,2026-08-18T10:00:00+05:30
gav_aa0bae3f,gid_cc39c0ff,2026-09-27,0,0,1.25,2026-08-18T10:00:00+05:30
gav_f670095a,gid_cc39c0ff,2026-09-28,1,2,1,2026-08-18T10:00:00+05:30
gav_2577328d,gid_cc39c0ff,2026-09-29,1,2,1.1,2026-08-18T10:00:00+05:30
gav_fc0d45ef,gid_cc39c0ff,2026-09-30,1,1,1.1,2026-08-18T10:00:00+05:30
gav_0b16d3fa,gid_164b1b9f,2026-09-01,1,2,1.1,2026-08-18T10:00:00+05:30
gav_3e147f65,gid_164b1b9f,2026-09-02,1,1,1.1,2026-08-18T10:00:00+05:30
gav_ac6f2d2a,gid_164b1b9f,2026-09-03,1,2,1.1,2026-08-18T10:00:00+05:30
gav_ee01cecf,gid_164b1b9f,2026-09-04,1,2,1,2026-08-18T10:00:00+05:30
gav_e262e640,gid_164b1b9f,2026-09-05,1,2,1.25,2026-08-18T10:00:00+05:30
gav_2d124876,gid_164b1b9f,2026-09-06,1,1,1.25,2026-08-18T10:00:00+05:30
gav_38c2e6a3,gid_164b1b9f,2026-09-07,0,0,1,2026-08-18T10:00:00+05:30
gav_3dbd273c,gid_164b1b9f,2026-09-08,1,2,1.1,2026-08-18T10:00:00+05:30
gav_3f6ee66b,gid_164b1b9f,2026-09-09,1,1,1.1,2026-08-18T10:00:00+05:30
gav_a3d1f767,gid_164b1b9f,2026-09-10,1,1,1.1,2026-08-18T10:00:00+05:30
gav_996d6284,gid_164b1b9f,2026-09-11,1,2,1,2026-08-18T10:00:00+05:30
gav_e8f96acc,gid_164b1b9f,2026-09-12,1,2,1.25,2026-08-18T10:00:00+05:30
gav_672a1c16,gid_164b1b9f,2026-09-13,1,1,1.25,2026-08-18T10:00:00+05:30
gav_8754dee9,gid_164b1b9f,2026-09-14,1,2,1,2026-08-18T10:00:00+05:30
gav_eca772f1,gid_164b1b9f,2026-09-15,1,2,1,2026-08-18T10:00:00+05:30
gav_44708851,gid_164b1b9f,2026-09-16,1,1,1.1,2026-08-18T10:00:00+05:30
gav_9f5a57df,gid_164b1b9f,2026-09-17,0,0,1,2026-08-18T10:00:00+05:30
gav_d4c23cfb,gid_164b1b9f,2026-09-18,1,2,1.1,2026-08-18T10:00:00+05:30
gav_969dd7dd,gid_164b1b9f,2026-09-19,1,2,1.25,2026-08-18T10:00:00+05:30
gav_ef322e10,gid_164b1b9f,2026-09-20,1,1,1.25,2026-08-18T10:00:00+05:30
gav_2c63272a,gid_164b1b9f,2026-09-21,1,2,1,2026-08-18T10:00:00+05:30
gav_3cab0e44,gid_164b1b9f,2026-09-22,0,0,1.1,2026-08-18T10:00:00+05:30
gav_c68b5fa0,gid_164b1b9f,2026-09-23,0,0,1,2026-08-18T10:00:00+05:30
gav_ade28d7c,gid_164b1b9f,2026-09-24,1,1,1.1,2026-08-18T10:00:00+05:30
gav_a707e44b,gid_164b1b9f,2026-09-25,0,0,1.1,2026-08-18T10:00:00+05:30
gav_35a556ca,gid_164b1b9f,2026-09-26,0,0,1.25,2026-08-18T10:00:00+05:30
gav_b653c421,gid_164b1b9f,2026-09-27,1,2,1.35,2026-08-18T10:00:00+05:30
gav_686312f2,gid_164b1b9f,2026-09-28,1,2,1.1,2026-08-18T10:00:00+05:30
gav_b28de29b,gid_164b1b9f,2026-09-29,1,1,1,2026-08-18T10:00:00+05:30
gav_bd76f1ff,gid_164b1b9f,2026-09-30,0,0,1,2026-08-18T10:00:00+05:30
gav_723f2e2c,gid_6cc2b58b,2026-09-01,0,0,1,2026-08-18T10:00:00+05:30
gav_a004ed3a,gid_6cc2b58b,2026-09-02,1,2,1,2026-08-18T10:00:00+05:30
gav_f8434598,gid_6cc2b58b,2026-09-03,1,2,1,2026-08-18T10:00:00+05:30
gav_52ba1d97,gid_6cc2b58b,2026-09-04,0,0,1,2026-08-18T10:00:00+05:30
gav_bf372d77,gid_6cc2b58b,2026-09-05,1,1,1.35,2026-08-18T10:00:00+05:30
gav_dc992e2e,gid_6cc2b58b,2026-09-06,1,2,1.25,2026-08-18T10:00:00+05:30
gav_dfc415d6,gid_6cc2b58b,2026-09-07,1,1,1,2026-08-18T10:00:00+05:30
gav_cbc44da7,gid_6cc2b58b,2026-09-08,1,1,1.1,2026-08-18T10:00:00+05:30
gav_d0055cda,gid_6cc2b58b,2026-09-09,0,0,1,2026-08-18T10:00:00+05:30
gav_ecfb16fa,gid_6cc2b58b,2026-09-10,1,2,1,2026-08-18T10:00:00+05:30
gav_045f4707,gid_6cc2b58b,2026-09-11,1,2,1,2026-08-18T10:00:00+05:30
gav_2f17e225,gid_6cc2b58b,2026-09-12,0,0,1.35,2026-08-18T10:00:00+05:30
gav_40bd6039,gid_6cc2b58b,2026-09-13,1,1,1.35,2026-08-18T10:00:00+05:30
gav_85722fe6,gid_6cc2b58b,2026-09-14,1,1,1,2026-08-18T10:00:00+05:30
gav_9bc02647,gid_6cc2b58b,2026-09-15,1,2,1,2026-08-18T10:00:00+05:30
gav_0ea51f67,gid_6cc2b58b,2026-09-16,1,1,1,2026-08-18T10:00:00+05:30
gav_a1b96762,gid_6cc2b58b,2026-09-17,1,1,1,2026-08-18T10:00:00+05:30
gav_ba1e8efb,gid_6cc2b58b,2026-09-18,1,1,1,2026-08-18T10:00:00+05:30
gav_89f184c0,gid_6cc2b58b,2026-09-19,1,2,1.35,2026-08-18T10:00:00+05:30
gav_c07478da,gid_6cc2b58b,2026-09-20,0,0,1.25,2026-08-18T10:00:00+05:30
gav_1f1b22cd,gid_6cc2b58b,2026-09-21,1,2,1,2026-08-18T10:00:00+05:30
gav_296db15e,gid_6cc2b58b,2026-09-22,0,0,1,2026-08-18T10:00:00+05:30
gav_7f2026f7,gid_6cc2b58b,2026-09-23,1,1,1,2026-08-18T10:00:00+05:30
gav_65fb23d6,gid_6cc2b58b,2026-09-24,1,1,1.1,2026-08-18T10:00:00+05:30
gav_5a88b55e,gid_6cc2b58b,2026-09-25,1,2,1,2026-08-18T10:00:00+05:30
gav_39f05e10,gid_6cc2b58b,2026-09-26,1,2,1.25,2026-08-18T10:00:00+05:30
gav_db3bb2c2,gid_6cc2b58b,2026-09-27,1,1,1.25,2026-08-18T10:00:00+05:30
gav_ff8e2ebc,gid_6cc2b58b,2026-09-28,1,1,1.1,2026-08-18T10:00:00+05:30
gav_f705f7ff,gid_6cc2b58b,2026-09-29,1,2,1,2026-08-18T10:00:00+05:30
gav_47b1b11e,gid_6cc2b58b,2026-09-30,0,0,1,2026-08-18T10:00:00+05:30
gav_42ecc19f,gid_573f689d,2026-09-01,1,1,1.1,2026-08-18T10:00:00+05:30
gav_7daa71aa,gid_573f689d,2026-09-02,0,0,1.1,2026-08-18T10:00:00+05:30
gav_6fef4950,gid_573f689d,2026-09-03,1,2,1.1,2026-08-18T10:00:00+05:30
gav_ee74bb4d,gid_573f689d,2026-09-04,1,2,1,2026-08-18T10:00:00+05:30
gav_e71a5782,gid_573f689d,2026-09-05,1,1,1.35,2026-08-18T10:00:00+05:30
gav_8c1f0670,gid_573f689d,2026-09-06,0,0,1.35,2026-08-18T10:00:00+05:30
gav_26b253f1,gid_573f689d,2026-09-07,0,0,1,2026-08-18T10:00:00+05:30
gav_0a556f37,gid_573f689d,2026-09-08,1,1,1,2026-08-18T10:00:00+05:30
gav_25b4b186,gid_573f689d,2026-09-09,1,2,1,2026-08-18T10:00:00+05:30
gav_391afe75,gid_573f689d,2026-09-10,0,0,1.1,2026-08-18T10:00:00+05:30
gav_41a2d91f,gid_573f689d,2026-09-11,1,2,1,2026-08-18T10:00:00+05:30
gav_ce2aa46c,gid_573f689d,2026-09-12,1,2,1.35,2026-08-18T10:00:00+05:30
gav_97f7c7cc,gid_573f689d,2026-09-13,1,2,1.35,2026-08-18T10:00:00+05:30
gav_a4be65af,gid_573f689d,2026-09-14,1,2,1,2026-08-18T10:00:00+05:30
gav_9879e4eb,gid_573f689d,2026-09-15,1,1,1.1,2026-08-18T10:00:00+05:30
gav_089769c9,gid_573f689d,2026-09-16,1,1,1.1,2026-08-18T10:00:00+05:30
gav_7a5abc32,gid_573f689d,2026-09-17,1,1,1,2026-08-18T10:00:00+05:30
gav_379c1811,gid_573f689d,2026-09-18,1,1,1.1,2026-08-18T10:00:00+05:30
gav_6470ec45,gid_573f689d,2026-09-19,1,2,1.35,2026-08-18T10:00:00+05:30
gav_f8e51d81,gid_573f689d,2026-09-20,1,2,1.25,2026-08-18T10:00:00+05:30
gav_18e947c0,gid_573f689d,2026-09-21,0,0,1,2026-08-18T10:00:00+05:30
gav_6eb7a845,gid_573f689d,2026-09-22,1,2,1,2026-08-18T10:00:00+05:30
gav_073a839b,gid_573f689d,2026-09-23,1,2,1.1,2026-08-18T10:00:00+05:30
gav_35f86497,gid_573f689d,2026-09-24,1,2,1,2026-08-18T10:00:00+05:30
gav_3d01553e,gid_573f689d,2026-09-25,1,2,1,2026-08-18T10:00:00+05:30
gav_be765569,gid_573f689d,2026-09-26,1,1,1.35,2026-08-18T10:00:00+05:30
gav_f7289b66,gid_573f689d,2026-09-27,1,2,1.35,2026-08-18T10:00:00+05:30
gav_3e01bb94,gid_573f689d,2026-09-28,1,2,1.1,2026-08-18T10:00:00+05:30
gav_07494e35,gid_573f689d,2026-09-29,1,1,1,2026-08-18T10:00:00+05:30
gav_d2281f81,gid_573f689d,2026-09-30,1,1,1.1,2026-08-18T10:00:00+05:30
gav_0b3aeb87,gid_e1da0920,2026-09-01,1,2,1,2026-08-18T10:00:00+05:30
gav_32f2a430,gid_e1da0920,2026-09-02,0,0,1,2026-08-18T10:00:00+05:30
gav_407a0e1e,gid_e1da0920,2026-09-03,1,2,1,2026-08-18T10:00:00+05:30
gav_81ce0f6b,gid_e1da0920,2026-09-04,1,2,1.1,2026-08-18T10:00:00+05:30
gav_785a7a07,gid_e1da0920,2026-09-05,1,1,1.25,2026-08-18T10:00:00+05:30
gav_03374f23,gid_e1da0920,2026-09-06,1,1,1.35,2026-08-18T10:00:00+05:30
gav_cc27ee0a,gid_e1da0920,2026-09-07,0,0,1.1,2026-08-18T10:00:00+05:30
gav_e5f49248,gid_e1da0920,2026-09-08,1,1,1.1,2026-08-18T10:00:00+05:30
gav_3a40ce24,gid_e1da0920,2026-09-09,0,0,1.1,2026-08-18T10:00:00+05:30
gav_b6e9a99e,gid_e1da0920,2026-09-10,0,0,1,2026-08-18T10:00:00+05:30
gav_7fdd8a83,gid_e1da0920,2026-09-11,1,1,1,2026-08-18T10:00:00+05:30
gav_434cd850,gid_e1da0920,2026-09-12,0,0,1.35,2026-08-18T10:00:00+05:30
gav_c263e22c,gid_e1da0920,2026-09-13,0,0,1.25,2026-08-18T10:00:00+05:30
gav_f0a65546,gid_e1da0920,2026-09-14,1,2,1,2026-08-18T10:00:00+05:30
gav_b2a45eb6,gid_e1da0920,2026-09-15,0,0,1,2026-08-18T10:00:00+05:30
gav_16e4380b,gid_e1da0920,2026-09-16,1,2,1,2026-08-18T10:00:00+05:30
gav_30ab78ce,gid_e1da0920,2026-09-17,1,1,1,2026-08-18T10:00:00+05:30
gav_0fdef5ac,gid_e1da0920,2026-09-18,1,1,1,2026-08-18T10:00:00+05:30
gav_93bed00a,gid_e1da0920,2026-09-19,1,2,1.25,2026-08-18T10:00:00+05:30
gav_8fa8e8e5,gid_e1da0920,2026-09-20,1,1,1.25,2026-08-18T10:00:00+05:30
gav_ff20308a,gid_e1da0920,2026-09-21,1,1,1,2026-08-18T10:00:00+05:30
gav_ca44ced8,gid_e1da0920,2026-09-22,1,1,1.1,2026-08-18T10:00:00+05:30
gav_86748fc5,gid_e1da0920,2026-09-23,1,2,1,2026-08-18T10:00:00+05:30
gav_742c2e7d,gid_e1da0920,2026-09-24,1,2,1,2026-08-18T10:00:00+05:30
gav_8464b911,gid_e1da0920,2026-09-25,1,1,1.1,2026-08-18T10:00:00+05:30
gav_49d1b149,gid_e1da0920,2026-09-26,1,2,1.25,2026-08-18T10:00:00+05:30
gav_d119f2dc,gid_e1da0920,2026-09-27,1,1,1.35,2026-08-18T10:00:00+05:30
gav_48e8a6d4,gid_e1da0920,2026-09-28,0,0,1.1,2026-08-18T10:00:00+05:30
gav_f24cc0c4,gid_e1da0920,2026-09-29,1,2,1,2026-08-18T10:00:00+05:30
gav_ef6339c3,gid_e1da0920,2026-09-30,1,1,1.1,2026-08-18T10:00:00+05:30
gav_9df484bc,gid_35e07e9c,2026-09-01,1,1,1.1,2026-08-18T10:00:00+05:30
gav_e29ff26a,gid_35e07e9c,2026-09-02,1,1,1.1,2026-08-18T10:00:00+05:30
gav_f074f066,gid_35e07e9c,2026-09-03,1,2,1,2026-08-18T10:00:00+05:30
gav_36713465,gid_35e07e9c,2026-09-04,1,1,1,2026-08-18T10:00:00+05:30
gav_7f99addd,gid_35e07e9c,2026-09-05,0,0,1.35,2026-08-18T10:00:00+05:30
gav_1daaaae7,gid_35e07e9c,2026-09-06,0,0,1.25,2026-08-18T10:00:00+05:30
gav_92b371b9,gid_35e07e9c,2026-09-07,1,1,1,2026-08-18T10:00:00+05:30
gav_a2850053,gid_35e07e9c,2026-09-08,0,0,1,2026-08-18T10:00:00+05:30
gav_d6915f4f,gid_35e07e9c,2026-09-09,1,2,1,2026-08-18T10:00:00+05:30
gav_3d5b23f0,gid_35e07e9c,2026-09-10,1,2,1,2026-08-18T10:00:00+05:30
gav_a6030059,gid_35e07e9c,2026-09-11,0,0,1,2026-08-18T10:00:00+05:30
gav_0eceb7a9,gid_35e07e9c,2026-09-12,1,1,1.25,2026-08-18T10:00:00+05:30
gav_a618cf37,gid_35e07e9c,2026-09-13,1,2,1.25,2026-08-18T10:00:00+05:30
gav_551021cb,gid_35e07e9c,2026-09-14,1,2,1,2026-08-18T10:00:00+05:30
gav_81e0d20d,gid_35e07e9c,2026-09-15,1,1,1,2026-08-18T10:00:00+05:30
gav_e0dda444,gid_35e07e9c,2026-09-16,1,2,1.1,2026-08-18T10:00:00+05:30
gav_70b58162,gid_35e07e9c,2026-09-17,0,0,1.1,2026-08-18T10:00:00+05:30
gav_9fddbde1,gid_35e07e9c,2026-09-18,0,0,1.1,2026-08-18T10:00:00+05:30
gav_69f9953d,gid_35e07e9c,2026-09-19,0,0,1.25,2026-08-18T10:00:00+05:30
gav_eabace40,gid_35e07e9c,2026-09-20,0,0,1.25,2026-08-18T10:00:00+05:30
gav_093498a9,gid_35e07e9c,2026-09-21,0,0,1,2026-08-18T10:00:00+05:30
gav_1aa17797,gid_35e07e9c,2026-09-22,1,1,1,2026-08-18T10:00:00+05:30
gav_e8a70015,gid_35e07e9c,2026-09-23,0,0,1.1,2026-08-18T10:00:00+05:30
gav_2300f8e4,gid_35e07e9c,2026-09-24,1,1,1,2026-08-18T10:00:00+05:30
gav_a0802291,gid_35e07e9c,2026-09-25,1,1,1,2026-08-18T10:00:00+05:30
gav_b503058e,gid_35e07e9c,2026-09-26,1,1,1.25,2026-08-18T10:00:00+05:30
gav_4fc44cd2,gid_35e07e9c,2026-09-27,1,2,1.25,2026-08-18T10:00:00+05:30
gav_1c644c3b,gid_35e07e9c,2026-09-28,0,0,1,2026-08-18T10:00:00+05:30
gav_89036afb,gid_35e07e9c,2026-09-29,1,1,1,2026-08-18T10:00:00+05:30
gav_4acd7347,gid_35e07e9c,2026-09-30,1,1,1.1,2026-08-18T10:00:00+05:30
gav_48b82609,gid_76c1d795,2026-09-01,1,2,1.1,2026-08-18T10:00:00+05:30
gav_987a6e1a,gid_76c1d795,2026-09-02,1,2,1.1,2026-08-18T10:00:00+05:30
gav_dda4e25a,gid_76c1d795,2026-09-03,1,1,1,2026-08-18T10:00:00+05:30
gav_779312ff,gid_76c1d795,2026-09-04,1,1,1,2026-08-18T10:00:00+05:30
gav_3c49a2be,gid_76c1d795,2026-09-05,1,1,1.35,2026-08-18T10:00:00+05:30
gav_5ff6805e,gid_76c1d795,2026-09-06,1,2,1.25,2026-08-18T10:00:00+05:30
gav_17cbb364,gid_76c1d795,2026-09-07,0,0,1,2026-08-18T10:00:00+05:30
gav_6bcd8257,gid_76c1d795,2026-09-08,0,0,1.1,2026-08-18T10:00:00+05:30
gav_29370aaa,gid_76c1d795,2026-09-09,0,0,1.1,2026-08-18T10:00:00+05:30
gav_68296975,gid_76c1d795,2026-09-10,1,1,1,2026-08-18T10:00:00+05:30
gav_62f6bd62,gid_76c1d795,2026-09-11,1,1,1,2026-08-18T10:00:00+05:30
gav_9e41e574,gid_76c1d795,2026-09-12,1,1,1.35,2026-08-18T10:00:00+05:30
gav_c8826afa,gid_76c1d795,2026-09-13,1,2,1.25,2026-08-18T10:00:00+05:30
gav_b1436b85,gid_76c1d795,2026-09-14,1,1,1.1,2026-08-18T10:00:00+05:30
gav_297076bc,gid_76c1d795,2026-09-15,1,2,1,2026-08-18T10:00:00+05:30
gav_ec7ae731,gid_76c1d795,2026-09-16,1,1,1,2026-08-18T10:00:00+05:30
gav_c3d4838a,gid_76c1d795,2026-09-17,0,0,1,2026-08-18T10:00:00+05:30
gav_6600cd62,gid_76c1d795,2026-09-18,1,1,1.1,2026-08-18T10:00:00+05:30
gav_6375c768,gid_76c1d795,2026-09-19,0,0,1.25,2026-08-18T10:00:00+05:30
gav_99f5f9a9,gid_76c1d795,2026-09-20,1,1,1.25,2026-08-18T10:00:00+05:30
gav_480041db,gid_76c1d795,2026-09-21,0,0,1,2026-08-18T10:00:00+05:30
gav_1a9b556c,gid_76c1d795,2026-09-22,0,0,1,2026-08-18T10:00:00+05:30
gav_4dca5a8b,gid_76c1d795,2026-09-23,1,1,1.1,2026-08-18T10:00:00+05:30
gav_87b0a9ec,gid_76c1d795,2026-09-24,1,2,1,2026-08-18T10:00:00+05:30
gav_e53b0593,gid_76c1d795,2026-09-25,1,1,1,2026-08-18T10:00:00+05:30
gav_d0f540ee,gid_76c1d795,2026-09-26,1,1,1.35,2026-08-18T10:00:00+05:30
gav_e2388c0b,gid_76c1d795,2026-09-27,1,1,1.35,2026-08-18T10:00:00+05:30
gav_0c1d3f55,gid_76c1d795,2026-09-28,1,1,1,2026-08-18T10:00:00+05:30
gav_11c3121b,gid_76c1d795,2026-09-29,1,2,1,2026-08-18T10:00:00+05:30
gav_0eeebd8a,gid_76c1d795,2026-09-30,0,0,1,2026-08-18T10:00:00+05:30
gav_71f74559,gid_2d936e8d,2026-09-01,0,0,1.1,2026-08-18T10:00:00+05:30
gav_0ee040dd,gid_2d936e8d,2026-09-02,1,2,1.1,2026-08-18T10:00:00+05:30
gav_57bb8544,gid_2d936e8d,2026-09-03,1,1,1.1,2026-08-18T10:00:00+05:30
gav_fddc619b,gid_2d936e8d,2026-09-04,1,1,1,2026-08-18T10:00:00+05:30
gav_76548dcf,gid_2d936e8d,2026-09-05,1,2,1.35,2026-08-18T10:00:00+05:30
gav_3cf0e6fb,gid_2d936e8d,2026-09-06,0,0,1.25,2026-08-18T10:00:00+05:30
gav_7e329b29,gid_2d936e8d,2026-09-07,1,2,1.1,2026-08-18T10:00:00+05:30
gav_48ab5656,gid_2d936e8d,2026-09-08,0,0,1.1,2026-08-18T10:00:00+05:30
gav_6ba98059,gid_2d936e8d,2026-09-09,1,1,1,2026-08-18T10:00:00+05:30
gav_ef3e2a15,gid_2d936e8d,2026-09-10,0,0,1.1,2026-08-18T10:00:00+05:30
gav_7f732c56,gid_2d936e8d,2026-09-11,1,2,1,2026-08-18T10:00:00+05:30
gav_2a3d5267,gid_2d936e8d,2026-09-12,1,2,1.35,2026-08-18T10:00:00+05:30
gav_badb73bb,gid_2d936e8d,2026-09-13,1,2,1.35,2026-08-18T10:00:00+05:30
gav_14cf8d8f,gid_2d936e8d,2026-09-14,0,0,1,2026-08-18T10:00:00+05:30
gav_b785c007,gid_2d936e8d,2026-09-15,1,2,1,2026-08-18T10:00:00+05:30
gav_d38e59db,gid_2d936e8d,2026-09-16,1,2,1.1,2026-08-18T10:00:00+05:30
gav_98e3171a,gid_2d936e8d,2026-09-17,1,2,1,2026-08-18T10:00:00+05:30
gav_8e799e32,gid_2d936e8d,2026-09-18,1,2,1.1,2026-08-18T10:00:00+05:30
gav_0296f907,gid_2d936e8d,2026-09-19,0,0,1.35,2026-08-18T10:00:00+05:30
gav_0f4e88aa,gid_2d936e8d,2026-09-20,0,0,1.35,2026-08-18T10:00:00+05:30
gav_7d3aa379,gid_2d936e8d,2026-09-21,0,0,1,2026-08-18T10:00:00+05:30
gav_ff0daf8d,gid_2d936e8d,2026-09-22,0,0,1,2026-08-18T10:00:00+05:30
gav_f867caad,gid_2d936e8d,2026-09-23,1,1,1,2026-08-18T10:00:00+05:30
gav_f6c73f90,gid_2d936e8d,2026-09-24,0,0,1,2026-08-18T10:00:00+05:30
gav_f981b10a,gid_2d936e8d,2026-09-25,1,2,1,2026-08-18T10:00:00+05:30
gav_0200aac4,gid_2d936e8d,2026-09-26,1,1,1.25,2026-08-18T10:00:00+05:30
gav_4baaa89a,gid_2d936e8d,2026-09-27,1,1,1.25,2026-08-18T10:00:00+05:30
gav_66ab5e40,gid_2d936e8d,2026-09-28,1,1,1,2026-08-18T10:00:00+05:30
gav_f1a31d7d,gid_2d936e8d,2026-09-29,1,1,1,2026-08-18T10:00:00+05:30
gav_1d7649c7,gid_2d936e8d,2026-09-30,1,2,1.1,2026-08-18T10:00:00+05:30
gav_087d91af,gid_e0bb34c2,2026-09-01,1,1,1,2026-08-18T10:00:00+05:30
gav_602f5673,gid_e0bb34c2,2026-09-02,1,1,1.1,2026-08-18T10:00:00+05:30
gav_3290dcc6,gid_e0bb34c2,2026-09-03,0,0,1.1,2026-08-18T10:00:00+05:30
gav_ba69bb71,gid_e0bb34c2,2026-09-04,1,2,1,2026-08-18T10:00:00+05:30
gav_79d1f17d,gid_e0bb34c2,2026-09-05,0,0,1.25,2026-08-18T10:00:00+05:30
gav_29b87fc3,gid_e0bb34c2,2026-09-06,1,1,1.35,2026-08-18T10:00:00+05:30
gav_30c4d852,gid_e0bb34c2,2026-09-07,1,2,1.1,2026-08-18T10:00:00+05:30
gav_8d00dfee,gid_e0bb34c2,2026-09-08,1,2,1,2026-08-18T10:00:00+05:30
gav_4febf346,gid_e0bb34c2,2026-09-09,1,2,1,2026-08-18T10:00:00+05:30
gav_4cf33412,gid_e0bb34c2,2026-09-10,1,1,1,2026-08-18T10:00:00+05:30
gav_f16a5f8e,gid_e0bb34c2,2026-09-11,0,0,1.1,2026-08-18T10:00:00+05:30
gav_f7f45283,gid_e0bb34c2,2026-09-12,1,2,1.25,2026-08-18T10:00:00+05:30
gav_a69ba486,gid_e0bb34c2,2026-09-13,0,0,1.25,2026-08-18T10:00:00+05:30
gav_7854c3e5,gid_e0bb34c2,2026-09-14,1,1,1.1,2026-08-18T10:00:00+05:30
gav_9758caec,gid_e0bb34c2,2026-09-15,1,1,1.1,2026-08-18T10:00:00+05:30
gav_fd72bdde,gid_e0bb34c2,2026-09-16,1,1,1,2026-08-18T10:00:00+05:30
gav_ac0ace1d,gid_e0bb34c2,2026-09-17,0,0,1,2026-08-18T10:00:00+05:30
gav_df79a17a,gid_e0bb34c2,2026-09-18,0,0,1.1,2026-08-18T10:00:00+05:30
gav_e5ecc83f,gid_e0bb34c2,2026-09-19,0,0,1.35,2026-08-18T10:00:00+05:30
gav_f5dad447,gid_e0bb34c2,2026-09-20,1,2,1.25,2026-08-18T10:00:00+05:30
gav_4f87b238,gid_e0bb34c2,2026-09-21,1,1,1.1,2026-08-18T10:00:00+05:30
gav_c417545d,gid_e0bb34c2,2026-09-22,1,1,1.1,2026-08-18T10:00:00+05:30
gav_0a9e118b,gid_e0bb34c2,2026-09-23,1,2,1,2026-08-18T10:00:00+05:30
gav_9a9c055c,gid_e0bb34c2,2026-09-24,1,1,1,2026-08-18T10:00:00+05:30
gav_0e5a3450,gid_e0bb34c2,2026-09-25,0,0,1,2026-08-18T10:00:00+05:30
gav_0dc092ab,gid_e0bb34c2,2026-09-26,1,2,1.25,2026-08-18T10:00:00+05:30
gav_817e4d42,gid_e0bb34c2,2026-09-27,1,2,1.35,2026-08-18T10:00:00+05:30
gav_2e5fd925,gid_e0bb34c2,2026-09-28,1,2,1,2026-08-18T10:00:00+05:30
gav_24b9c2f0,gid_e0bb34c2,2026-09-29,1,2,1,2026-08-18T10:00:00+05:30
gav_8297c3c6,gid_e0bb34c2,2026-09-30,1,1,1,2026-08-18T10:00:00+05:30
gav_a859f7d7,gid_37cb9a34,2026-09-01,1,1,1,2026-08-18T10:00:00+05:30
gav_cc7a627a,gid_37cb9a34,2026-09-02,1,1,1.1,2026-08-18T10:00:00+05:30
gav_20b363fd,gid_37cb9a34,2026-09-03,1,1,1,2026-08-18T10:00:00+05:30
gav_62b29663,gid_37cb9a34,2026-09-04,1,2,1,2026-08-18T10:00:00+05:30
gav_937a3f11,gid_37cb9a34,2026-09-05,1,1,1.25,2026-08-18T10:00:00+05:30
gav_e5b68823,gid_37cb9a34,2026-09-06,1,1,1.25,2026-08-18T10:00:00+05:30
gav_f880ce1f,gid_37cb9a34,2026-09-07,0,0,1,2026-08-18T10:00:00+05:30
gav_d394a21b,gid_37cb9a34,2026-09-08,1,2,1,2026-08-18T10:00:00+05:30
gav_aa30c60a,gid_37cb9a34,2026-09-09,1,1,1,2026-08-18T10:00:00+05:30
gav_91e807a4,gid_37cb9a34,2026-09-10,1,1,1,2026-08-18T10:00:00+05:30
gav_74e6adb7,gid_37cb9a34,2026-09-11,1,2,1.1,2026-08-18T10:00:00+05:30
gav_553de193,gid_37cb9a34,2026-09-12,1,1,1.25,2026-08-18T10:00:00+05:30
gav_053da5ce,gid_37cb9a34,2026-09-13,1,1,1.25,2026-08-18T10:00:00+05:30
gav_1f922e7f,gid_37cb9a34,2026-09-14,1,2,1,2026-08-18T10:00:00+05:30
gav_35f5d644,gid_37cb9a34,2026-09-15,0,0,1,2026-08-18T10:00:00+05:30
gav_0f8d8302,gid_37cb9a34,2026-09-16,0,0,1,2026-08-18T10:00:00+05:30
gav_3dc74b2c,gid_37cb9a34,2026-09-17,0,0,1,2026-08-18T10:00:00+05:30
gav_3f67093f,gid_37cb9a34,2026-09-18,1,1,1,2026-08-18T10:00:00+05:30
gav_6544c3ee,gid_37cb9a34,2026-09-19,1,2,1.35,2026-08-18T10:00:00+05:30
gav_043eb5bb,gid_37cb9a34,2026-09-20,1,1,1.25,2026-08-18T10:00:00+05:30
gav_dfcf7488,gid_37cb9a34,2026-09-21,1,1,1,2026-08-18T10:00:00+05:30
gav_a2f5c337,gid_37cb9a34,2026-09-22,1,1,1,2026-08-18T10:00:00+05:30
gav_a19a31b6,gid_37cb9a34,2026-09-23,1,2,1,2026-08-18T10:00:00+05:30
gav_a7a6dfe2,gid_37cb9a34,2026-09-24,1,1,1.1,2026-08-18T10:00:00+05:30
gav_8c0b5c79,gid_37cb9a34,2026-09-25,0,0,1.1,2026-08-18T10:00:00+05:30
gav_c315b888,gid_37cb9a34,2026-09-26,1,2,1.25,2026-08-18T10:00:00+05:30
gav_ba53acd7,gid_37cb9a34,2026-09-27,0,0,1.25,2026-08-18T10:00:00+05:30
gav_417d6982,gid_37cb9a34,2026-09-28,0,0,1.1,2026-08-18T10:00:00+05:30
gav_c8884c67,gid_37cb9a34,2026-09-29,1,2,1,2026-08-18T10:00:00+05:30
gav_cb3adafd,gid_37cb9a34,2026-09-30,0,0,1,2026-08-18T10:00:00+05:30
gav_8e37ad24,gid_1fdccfdf,2026-09-01,0,0,1,2026-08-18T10:00:00+05:30
gav_3fe3170f,gid_1fdccfdf,2026-09-02,1,1,1,2026-08-18T10:00:00+05:30
gav_0a1f69ca,gid_1fdccfdf,2026-09-03,1,2,1,2026-08-18T10:00:00+05:30
gav_a1681239,gid_1fdccfdf,2026-09-04,1,2,1,2026-08-18T10:00:00+05:30
gav_2f4e9712,gid_1fdccfdf,2026-09-05,1,1,1.25,2026-08-18T10:00:00+05:30
gav_28a7b200,gid_1fdccfdf,2026-09-06,0,0,1.25,2026-08-18T10:00:00+05:30
gav_ac5ae498,gid_1fdccfdf,2026-09-07,0,0,1,2026-08-18T10:00:00+05:30
gav_fe9efa62,gid_1fdccfdf,2026-09-08,0,0,1,2026-08-18T10:00:00+05:30
gav_0fee9eb1,gid_1fdccfdf,2026-09-09,1,2,1,2026-08-18T10:00:00+05:30
gav_6e36d03b,gid_1fdccfdf,2026-09-10,1,2,1,2026-08-18T10:00:00+05:30
gav_ae7a0693,gid_1fdccfdf,2026-09-11,0,0,1,2026-08-18T10:00:00+05:30
gav_84f6f723,gid_1fdccfdf,2026-09-12,1,2,1.25,2026-08-18T10:00:00+05:30
gav_6e632a2e,gid_1fdccfdf,2026-09-13,0,0,1.35,2026-08-18T10:00:00+05:30
gav_51667e6c,gid_1fdccfdf,2026-09-14,1,2,1,2026-08-18T10:00:00+05:30
gav_f33554c8,gid_1fdccfdf,2026-09-15,0,0,1,2026-08-18T10:00:00+05:30
gav_48c0c66d,gid_1fdccfdf,2026-09-16,0,0,1.1,2026-08-18T10:00:00+05:30
gav_1c6f2fbe,gid_1fdccfdf,2026-09-17,0,0,1,2026-08-18T10:00:00+05:30
gav_f77132e4,gid_1fdccfdf,2026-09-18,0,0,1.1,2026-08-18T10:00:00+05:30
gav_b90a2c1d,gid_1fdccfdf,2026-09-19,1,1,1.35,2026-08-18T10:00:00+05:30
gav_5c57cc39,gid_1fdccfdf,2026-09-20,1,2,1.25,2026-08-18T10:00:00+05:30
gav_8ab66bf4,gid_1fdccfdf,2026-09-21,1,1,1.1,2026-08-18T10:00:00+05:30
gav_ecf28fd7,gid_1fdccfdf,2026-09-22,1,1,1,2026-08-18T10:00:00+05:30
gav_db714ea2,gid_1fdccfdf,2026-09-23,1,1,1.1,2026-08-18T10:00:00+05:30
gav_0230dfea,gid_1fdccfdf,2026-09-24,1,2,1.1,2026-08-18T10:00:00+05:30
gav_ce5ac305,gid_1fdccfdf,2026-09-25,1,2,1,2026-08-18T10:00:00+05:30
gav_f79eff1b,gid_1fdccfdf,2026-09-26,1,1,1.25,2026-08-18T10:00:00+05:30
gav_9ed03972,gid_1fdccfdf,2026-09-27,1,2,1.35,2026-08-18T10:00:00+05:30
gav_64d3307a,gid_1fdccfdf,2026-09-28,1,2,1,2026-08-18T10:00:00+05:30
gav_bb327cff,gid_1fdccfdf,2026-09-29,1,2,1.1,2026-08-18T10:00:00+05:30
gav_f85527b5,gid_1fdccfdf,2026-09-30,0,0,1,2026-08-18T10:00:00+05:30
gav_ce4ff264,gid_a52a052e,2026-09-01,1,2,1,2026-08-18T10:00:00+05:30
gav_3485961c,gid_a52a052e,2026-09-02,0,0,1,2026-08-18T10:00:00+05:30
gav_a86b16aa,gid_a52a052e,2026-09-03,0,0,1,2026-08-18T10:00:00+05:30
gav_154ef767,gid_a52a052e,2026-09-04,1,2,1,2026-08-18T10:00:00+05:30
gav_6b407408,gid_a52a052e,2026-09-05,0,0,1.35,2026-08-18T10:00:00+05:30
gav_7e4f5818,gid_a52a052e,2026-09-06,1,2,1.25,2026-08-18T10:00:00+05:30
gav_68dcd5e0,gid_a52a052e,2026-09-07,1,1,1,2026-08-18T10:00:00+05:30
gav_057a5143,gid_a52a052e,2026-09-08,1,1,1,2026-08-18T10:00:00+05:30
gav_ba53201f,gid_a52a052e,2026-09-09,1,1,1.1,2026-08-18T10:00:00+05:30
gav_d9ea4491,gid_a52a052e,2026-09-10,1,2,1.1,2026-08-18T10:00:00+05:30
gav_52bda0f9,gid_a52a052e,2026-09-11,1,1,1.1,2026-08-18T10:00:00+05:30
gav_befe4dd7,gid_a52a052e,2026-09-12,0,0,1.25,2026-08-18T10:00:00+05:30
gav_ef1b3c72,gid_a52a052e,2026-09-13,1,1,1.25,2026-08-18T10:00:00+05:30
gav_fa2fec8b,gid_a52a052e,2026-09-14,0,0,1,2026-08-18T10:00:00+05:30
gav_ba35647b,gid_a52a052e,2026-09-15,0,0,1.1,2026-08-18T10:00:00+05:30
gav_cfa506e7,gid_a52a052e,2026-09-16,0,0,1.1,2026-08-18T10:00:00+05:30
gav_e6c14c01,gid_a52a052e,2026-09-17,1,2,1,2026-08-18T10:00:00+05:30
gav_7d0e462d,gid_a52a052e,2026-09-18,0,0,1.1,2026-08-18T10:00:00+05:30
gav_5137a6f3,gid_a52a052e,2026-09-19,1,2,1.35,2026-08-18T10:00:00+05:30
gav_ca798e1e,gid_a52a052e,2026-09-20,0,0,1.25,2026-08-18T10:00:00+05:30
gav_9133b805,gid_a52a052e,2026-09-21,1,1,1.1,2026-08-18T10:00:00+05:30
gav_0bf62101,gid_a52a052e,2026-09-22,1,1,1.1,2026-08-18T10:00:00+05:30
gav_7a98c0c0,gid_a52a052e,2026-09-23,1,2,1,2026-08-18T10:00:00+05:30
gav_546d1819,gid_a52a052e,2026-09-24,1,1,1.1,2026-08-18T10:00:00+05:30
gav_74e046f6,gid_a52a052e,2026-09-25,1,2,1,2026-08-18T10:00:00+05:30
gav_a3b1ad14,gid_a52a052e,2026-09-26,1,2,1.25,2026-08-18T10:00:00+05:30
gav_c760fbd2,gid_a52a052e,2026-09-27,0,0,1.35,2026-08-18T10:00:00+05:30
gav_20e9059a,gid_a52a052e,2026-09-28,1,2,1,2026-08-18T10:00:00+05:30
gav_e3a80346,gid_a52a052e,2026-09-29,1,1,1,2026-08-18T10:00:00+05:30
gav_e9fb5f20,gid_a52a052e,2026-09-30,1,2,1,2026-08-18T10:00:00+05:30
gav_280fa700,gid_a578313e,2026-09-01,0,0,1,2026-08-18T10:00:00+05:30
gav_f53d699d,gid_a578313e,2026-09-02,1,1,1.1,2026-08-18T10:00:00+05:30
gav_3bfa165a,gid_a578313e,2026-09-03,1,1,1.1,2026-08-18T10:00:00+05:30
gav_b24cc3e3,gid_a578313e,2026-09-04,1,2,1,2026-08-18T10:00:00+05:30
gav_19e5a121,gid_a578313e,2026-09-05,0,0,1.35,2026-08-18T10:00:00+05:30
gav_db008b35,gid_a578313e,2026-09-06,1,1,1.25,2026-08-18T10:00:00+05:30
gav_6c1ac0ac,gid_a578313e,2026-09-07,1,2,1.1,2026-08-18T10:00:00+05:30
gav_614376de,gid_a578313e,2026-09-08,0,0,1.1,2026-08-18T10:00:00+05:30
gav_3662670b,gid_a578313e,2026-09-09,1,2,1.1,2026-08-18T10:00:00+05:30
gav_b5ae3575,gid_a578313e,2026-09-10,1,2,1.1,2026-08-18T10:00:00+05:30
gav_4a8595dd,gid_a578313e,2026-09-11,1,1,1,2026-08-18T10:00:00+05:30
gav_78c3eeb3,gid_a578313e,2026-09-12,1,1,1.25,2026-08-18T10:00:00+05:30
gav_5fa29c13,gid_a578313e,2026-09-13,0,0,1.35,2026-08-18T10:00:00+05:30
gav_e729ff15,gid_a578313e,2026-09-14,1,1,1,2026-08-18T10:00:00+05:30
gav_114d6c0d,gid_a578313e,2026-09-15,1,1,1,2026-08-18T10:00:00+05:30
gav_b8b95bdf,gid_a578313e,2026-09-16,1,1,1.1,2026-08-18T10:00:00+05:30
gav_abebbd41,gid_a578313e,2026-09-17,0,0,1,2026-08-18T10:00:00+05:30
gav_645dab30,gid_a578313e,2026-09-18,1,1,1,2026-08-18T10:00:00+05:30
gav_74f95fa6,gid_a578313e,2026-09-19,1,1,1.25,2026-08-18T10:00:00+05:30
gav_47ceeaab,gid_a578313e,2026-09-20,1,2,1.25,2026-08-18T10:00:00+05:30
gav_f856b96f,gid_a578313e,2026-09-21,1,1,1.1,2026-08-18T10:00:00+05:30
gav_bde93c3b,gid_a578313e,2026-09-22,1,2,1,2026-08-18T10:00:00+05:30
gav_cb2e3875,gid_a578313e,2026-09-23,1,1,1,2026-08-18T10:00:00+05:30
gav_9e0fc9d0,gid_a578313e,2026-09-24,0,0,1,2026-08-18T10:00:00+05:30
gav_c5a61d17,gid_a578313e,2026-09-25,1,2,1,2026-08-18T10:00:00+05:30
gav_225ce347,gid_a578313e,2026-09-26,0,0,1.25,2026-08-18T10:00:00+05:30
gav_da22cc7a,gid_a578313e,2026-09-27,1,2,1.25,2026-08-18T10:00:00+05:30
gav_ad197b11,gid_a578313e,2026-09-28,1,2,1.1,2026-08-18T10:00:00+05:30
gav_e3aef0d7,gid_a578313e,2026-09-29,1,2,1,2026-08-18T10:00:00+05:30
gav_4cac547e,gid_a578313e,2026-09-30,1,2,1.1,2026-08-18T10:00:00+05:30
gav_cc8e93cb,gid_4124e7b1,2026-09-01,1,2,1.1,2026-08-18T10:00:00+05:30
gav_5eed85b7,gid_4124e7b1,2026-09-02,0,0,1,2026-08-18T10:00:00+05:30
gav_9346adf3,gid_4124e7b1,2026-09-03,1,2,1,2026-08-18T10:00:00+05:30
gav_cc7dd4f7,gid_4124e7b1,2026-09-04,0,0,1,2026-08-18T10:00:00+05:30
gav_623cbb8b,gid_4124e7b1,2026-09-05,1,2,1.25,2026-08-18T10:00:00+05:30
gav_e7c69260,gid_4124e7b1,2026-09-06,0,0,1.35,2026-08-18T10:00:00+05:30
gav_64efcd59,gid_4124e7b1,2026-09-07,0,0,1.1,2026-08-18T10:00:00+05:30
gav_7f408d07,gid_4124e7b1,2026-09-08,1,2,1,2026-08-18T10:00:00+05:30
gav_b7a83668,gid_4124e7b1,2026-09-09,0,0,1.1,2026-08-18T10:00:00+05:30
gav_cdb117f9,gid_4124e7b1,2026-09-10,1,2,1,2026-08-18T10:00:00+05:30
gav_0f6f6e7c,gid_4124e7b1,2026-09-11,1,2,1.1,2026-08-18T10:00:00+05:30
gav_19f93e06,gid_4124e7b1,2026-09-12,1,2,1.25,2026-08-18T10:00:00+05:30
gav_7c036003,gid_4124e7b1,2026-09-13,1,2,1.25,2026-08-18T10:00:00+05:30
gav_6540cb57,gid_4124e7b1,2026-09-14,1,1,1,2026-08-18T10:00:00+05:30
gav_6b4a41db,gid_4124e7b1,2026-09-15,1,1,1,2026-08-18T10:00:00+05:30
gav_395f4fa8,gid_4124e7b1,2026-09-16,0,0,1,2026-08-18T10:00:00+05:30
gav_91c1cfcd,gid_4124e7b1,2026-09-17,0,0,1.1,2026-08-18T10:00:00+05:30
gav_9461fa10,gid_4124e7b1,2026-09-18,1,2,1,2026-08-18T10:00:00+05:30
gav_0b642f85,gid_4124e7b1,2026-09-19,0,0,1.25,2026-08-18T10:00:00+05:30
gav_17d26c9b,gid_4124e7b1,2026-09-20,0,0,1.25,2026-08-18T10:00:00+05:30
gav_8ebc6fbd,gid_4124e7b1,2026-09-21,1,1,1,2026-08-18T10:00:00+05:30
gav_0bcfa900,gid_4124e7b1,2026-09-22,0,0,1,2026-08-18T10:00:00+05:30
gav_b0dc5a14,gid_4124e7b1,2026-09-23,1,1,1,2026-08-18T10:00:00+05:30
gav_0477eb88,gid_4124e7b1,2026-09-24,0,0,1.1,2026-08-18T10:00:00+05:30
gav_22235858,gid_4124e7b1,2026-09-25,0,0,1,2026-08-18T10:00:00+05:30
gav_5969d57a,gid_4124e7b1,2026-09-26,1,1,1.35,2026-08-18T10:00:00+05:30
gav_d209c021,gid_4124e7b1,2026-09-27,1,2,1.25,2026-08-18T10:00:00+05:30
gav_cf276058,gid_4124e7b1,2026-09-28,1,1,1,2026-08-18T10:00:00+05:30
gav_9d548f08,gid_4124e7b1,2026-09-29,0,0,1,2026-08-18T10:00:00+05:30
gav_359b4040,gid_4124e7b1,2026-09-30,1,2,1,2026-08-18T10:00:00+05:30
gav_bd8ae582,gid_6f377a93,2026-09-01,1,2,1,2026-08-18T10:00:00+05:30
gav_1507a87a,gid_6f377a93,2026-09-02,1,1,1,2026-08-18T10:00:00+05:30
gav_ba84ccc9,gid_6f377a93,2026-09-03,1,2,1.1,2026-08-18T10:00:00+05:30
gav_17f59b8d,gid_6f377a93,2026-09-04,1,1,1,2026-08-18T10:00:00+05:30
gav_e5d06a0f,gid_6f377a93,2026-09-05,1,2,1.25,2026-08-18T10:00:00+05:30
gav_46502b5b,gid_6f377a93,2026-09-06,0,0,1.35,2026-08-18T10:00:00+05:30
gav_6f0bad05,gid_6f377a93,2026-09-07,1,1,1,2026-08-18T10:00:00+05:30
gav_f3a30583,gid_6f377a93,2026-09-08,1,1,1.1,2026-08-18T10:00:00+05:30
gav_7e898b99,gid_6f377a93,2026-09-09,0,0,1,2026-08-18T10:00:00+05:30
gav_373b3388,gid_6f377a93,2026-09-10,1,2,1.1,2026-08-18T10:00:00+05:30
gav_5b8ad716,gid_6f377a93,2026-09-11,1,2,1,2026-08-18T10:00:00+05:30
gav_67f1e5aa,gid_6f377a93,2026-09-12,1,1,1.25,2026-08-18T10:00:00+05:30
gav_7ccc129a,gid_6f377a93,2026-09-13,1,1,1.25,2026-08-18T10:00:00+05:30
gav_f3dbb49c,gid_6f377a93,2026-09-14,1,1,1,2026-08-18T10:00:00+05:30
gav_ca81d15e,gid_6f377a93,2026-09-15,0,0,1,2026-08-18T10:00:00+05:30
gav_3d9bb5ae,gid_6f377a93,2026-09-16,0,0,1,2026-08-18T10:00:00+05:30
gav_0cabbf62,gid_6f377a93,2026-09-17,0,0,1.1,2026-08-18T10:00:00+05:30
gav_8a70598f,gid_6f377a93,2026-09-18,0,0,1,2026-08-18T10:00:00+05:30
gav_20bf16c1,gid_6f377a93,2026-09-19,1,2,1.25,2026-08-18T10:00:00+05:30
gav_4a8e8df0,gid_6f377a93,2026-09-20,1,2,1.35,2026-08-18T10:00:00+05:30
gav_605faf20,gid_6f377a93,2026-09-21,1,1,1,2026-08-18T10:00:00+05:30
gav_270003f9,gid_6f377a93,2026-09-22,0,0,1.1,2026-08-18T10:00:00+05:30
gav_05b36219,gid_6f377a93,2026-09-23,1,2,1,2026-08-18T10:00:00+05:30
gav_f31e1975,gid_6f377a93,2026-09-24,1,2,1,2026-08-18T10:00:00+05:30
gav_1cd20753,gid_6f377a93,2026-09-25,0,0,1,2026-08-18T10:00:00+05:30
gav_e7bbbf8d,gid_6f377a93,2026-09-26,0,0,1.35,2026-08-18T10:00:00+05:30
gav_aba872c3,gid_6f377a93,2026-09-27,0,0,1.35,2026-08-18T10:00:00+05:30
gav_cfd1eb2a,gid_6f377a93,2026-09-28,1,2,1,2026-08-18T10:00:00+05:30
gav_30aa2398,gid_6f377a93,2026-09-29,0,0,1,2026-08-18T10:00:00+05:30
gav_6092106a,gid_6f377a93,2026-09-30,0,0,1,2026-08-18T10:00:00+05:30
gav_9c581fbf,gid_ba8904a7,2026-09-01,1,1,1,2026-08-18T10:00:00+05:30
gav_698f5cdd,gid_ba8904a7,2026-09-02,1,1,1,2026-08-18T10:00:00+05:30
gav_03a4fefa,gid_ba8904a7,2026-09-03,1,2,1,2026-08-18T10:00:00+05:30
gav_4b255c1f,gid_ba8904a7,2026-09-04,0,0,1,2026-08-18T10:00:00+05:30
gav_01236554,gid_ba8904a7,2026-09-05,0,0,1.25,2026-08-18T10:00:00+05:30
gav_1e5ae9e2,gid_ba8904a7,2026-09-06,1,1,1.35,2026-08-18T10:00:00+05:30
gav_480b87ce,gid_ba8904a7,2026-09-07,1,1,1,2026-08-18T10:00:00+05:30
gav_5c365e76,gid_ba8904a7,2026-09-08,1,2,1.1,2026-08-18T10:00:00+05:30
gav_979a8ce6,gid_ba8904a7,2026-09-09,1,1,1.1,2026-08-18T10:00:00+05:30
gav_0ab370af,gid_ba8904a7,2026-09-10,1,2,1.1,2026-08-18T10:00:00+05:30
gav_a05254b2,gid_ba8904a7,2026-09-11,1,1,1.1,2026-08-18T10:00:00+05:30
gav_926f140a,gid_ba8904a7,2026-09-12,1,2,1.25,2026-08-18T10:00:00+05:30
gav_856b5b91,gid_ba8904a7,2026-09-13,1,1,1.25,2026-08-18T10:00:00+05:30
gav_efeb9443,gid_ba8904a7,2026-09-14,0,0,1,2026-08-18T10:00:00+05:30
gav_bee80663,gid_ba8904a7,2026-09-15,1,2,1,2026-08-18T10:00:00+05:30
gav_5c2b584e,gid_ba8904a7,2026-09-16,1,2,1,2026-08-18T10:00:00+05:30
gav_65bb046b,gid_ba8904a7,2026-09-17,1,1,1,2026-08-18T10:00:00+05:30
gav_b5f1652b,gid_ba8904a7,2026-09-18,1,1,1,2026-08-18T10:00:00+05:30
gav_25076ce7,gid_ba8904a7,2026-09-19,1,2,1.25,2026-08-18T10:00:00+05:30
gav_b243ad7b,gid_ba8904a7,2026-09-20,1,1,1.25,2026-08-18T10:00:00+05:30
gav_e9dffa75,gid_ba8904a7,2026-09-21,1,2,1.1,2026-08-18T10:00:00+05:30
gav_01c3ab33,gid_ba8904a7,2026-09-22,0,0,1.1,2026-08-18T10:00:00+05:30
gav_41d11fc6,gid_ba8904a7,2026-09-23,1,1,1.1,2026-08-18T10:00:00+05:30
gav_70f21b39,gid_ba8904a7,2026-09-24,0,0,1.1,2026-08-18T10:00:00+05:30
gav_610cbb32,gid_ba8904a7,2026-09-25,1,1,1.1,2026-08-18T10:00:00+05:30
gav_54faf2b1,gid_ba8904a7,2026-09-26,1,1,1.25,2026-08-18T10:00:00+05:30
gav_42e7b3a6,gid_ba8904a7,2026-09-27,0,0,1.35,2026-08-18T10:00:00+05:30
gav_f8e6b01d,gid_ba8904a7,2026-09-28,0,0,1,2026-08-18T10:00:00+05:30
gav_25a0cfd9,gid_ba8904a7,2026-09-29,0,0,1.1,2026-08-18T10:00:00+05:30
gav_63ac9f7b,gid_ba8904a7,2026-09-30,0,0,1,2026-08-18T10:00:00+05:30
gav_f0e921e4,gid_20f2a591,2026-09-01,0,0,1,2026-08-18T10:00:00+05:30
gav_c34517cf,gid_20f2a591,2026-09-02,1,2,1.1,2026-08-18T10:00:00+05:30
gav_9a2655ae,gid_20f2a591,2026-09-03,1,1,1.1,2026-08-18T10:00:00+05:30
gav_034ae15e,gid_20f2a591,2026-09-04,1,1,1.1,2026-08-18T10:00:00+05:30
gav_e486bd88,gid_20f2a591,2026-09-05,1,1,1.35,2026-08-18T10:00:00+05:30
gav_40c45adb,gid_20f2a591,2026-09-06,1,1,1.25,2026-08-18T10:00:00+05:30
gav_1cb9319b,gid_20f2a591,2026-09-07,0,0,1,2026-08-18T10:00:00+05:30
gav_c495e88e,gid_20f2a591,2026-09-08,1,2,1,2026-08-18T10:00:00+05:30
gav_5607902d,gid_20f2a591,2026-09-09,1,2,1.1,2026-08-18T10:00:00+05:30
gav_50914ec1,gid_20f2a591,2026-09-10,1,2,1,2026-08-18T10:00:00+05:30
gav_c504d0bc,gid_20f2a591,2026-09-11,1,1,1,2026-08-18T10:00:00+05:30
gav_e6d671f8,gid_20f2a591,2026-09-12,0,0,1.25,2026-08-18T10:00:00+05:30
gav_8ea611ba,gid_20f2a591,2026-09-13,1,2,1.25,2026-08-18T10:00:00+05:30
gav_aff1bbf7,gid_20f2a591,2026-09-14,0,0,1.1,2026-08-18T10:00:00+05:30
gav_3135c67d,gid_20f2a591,2026-09-15,1,1,1.1,2026-08-18T10:00:00+05:30
gav_1c055ae8,gid_20f2a591,2026-09-16,1,2,1,2026-08-18T10:00:00+05:30
gav_262547b8,gid_20f2a591,2026-09-17,1,2,1.1,2026-08-18T10:00:00+05:30
gav_0bf5237c,gid_20f2a591,2026-09-18,1,2,1,2026-08-18T10:00:00+05:30
gav_2cf45a47,gid_20f2a591,2026-09-19,1,1,1.25,2026-08-18T10:00:00+05:30
gav_c3efcfce,gid_20f2a591,2026-09-20,1,1,1.25,2026-08-18T10:00:00+05:30
gav_9b02d65c,gid_20f2a591,2026-09-21,1,1,1.1,2026-08-18T10:00:00+05:30
gav_575902ba,gid_20f2a591,2026-09-22,1,2,1,2026-08-18T10:00:00+05:30
gav_2759b169,gid_20f2a591,2026-09-23,1,1,1.1,2026-08-18T10:00:00+05:30
gav_cc0a7483,gid_20f2a591,2026-09-24,1,2,1,2026-08-18T10:00:00+05:30
gav_8f4f5e22,gid_20f2a591,2026-09-25,1,2,1.1,2026-08-18T10:00:00+05:30
gav_37b605a5,gid_20f2a591,2026-09-26,0,0,1.35,2026-08-18T10:00:00+05:30
gav_35c8b221,gid_20f2a591,2026-09-27,1,2,1.25,2026-08-18T10:00:00+05:30
gav_195abb19,gid_20f2a591,2026-09-28,1,1,1.1,2026-08-18T10:00:00+05:30
gav_cb7bc8e0,gid_20f2a591,2026-09-29,0,0,1,2026-08-18T10:00:00+05:30
gav_0365ed32,gid_20f2a591,2026-09-30,0,0,1,2026-08-18T10:00:00+05:30
gav_0b645bec,gid_f893e523,2026-09-01,0,0,1,2026-08-18T10:00:00+05:30
gav_b891242b,gid_f893e523,2026-09-02,1,1,1,2026-08-18T10:00:00+05:30
gav_2bd3f211,gid_f893e523,2026-09-03,1,1,1,2026-08-18T10:00:00+05:30
gav_85de98cd,gid_f893e523,2026-09-04,0,0,1.1,2026-08-18T10:00:00+05:30
gav_63e72eba,gid_f893e523,2026-09-05,1,2,1.25,2026-08-18T10:00:00+05:30
gav_a93ba6c7,gid_f893e523,2026-09-06,0,0,1.25,2026-08-18T10:00:00+05:30
gav_f54abccb,gid_f893e523,2026-09-07,1,1,1.1,2026-08-18T10:00:00+05:30
gav_600b2664,gid_f893e523,2026-09-08,0,0,1,2026-08-18T10:00:00+05:30
gav_bab8fa64,gid_f893e523,2026-09-09,1,2,1.1,2026-08-18T10:00:00+05:30
gav_3028d8f4,gid_f893e523,2026-09-10,1,1,1.1,2026-08-18T10:00:00+05:30
gav_875badbf,gid_f893e523,2026-09-11,1,1,1,2026-08-18T10:00:00+05:30
gav_8d6c76eb,gid_f893e523,2026-09-12,0,0,1.35,2026-08-18T10:00:00+05:30
gav_403f5625,gid_f893e523,2026-09-13,1,1,1.25,2026-08-18T10:00:00+05:30
gav_0a626fe0,gid_f893e523,2026-09-14,1,1,1.1,2026-08-18T10:00:00+05:30
gav_9284d42e,gid_f893e523,2026-09-15,0,0,1.1,2026-08-18T10:00:00+05:30
gav_4cb70f6f,gid_f893e523,2026-09-16,1,1,1,2026-08-18T10:00:00+05:30
gav_b993a7c9,gid_f893e523,2026-09-17,1,1,1,2026-08-18T10:00:00+05:30
gav_761d0faf,gid_f893e523,2026-09-18,0,0,1.1,2026-08-18T10:00:00+05:30
gav_a86af740,gid_f893e523,2026-09-19,1,1,1.25,2026-08-18T10:00:00+05:30
gav_bca63c36,gid_f893e523,2026-09-20,1,1,1.35,2026-08-18T10:00:00+05:30
gav_e8914aea,gid_f893e523,2026-09-21,0,0,1.1,2026-08-18T10:00:00+05:30
gav_cbb2dde5,gid_f893e523,2026-09-22,1,1,1,2026-08-18T10:00:00+05:30
gav_aa1f3a04,gid_f893e523,2026-09-23,1,2,1,2026-08-18T10:00:00+05:30
gav_3ca48488,gid_f893e523,2026-09-24,0,0,1.1,2026-08-18T10:00:00+05:30
gav_51f7c592,gid_f893e523,2026-09-25,0,0,1.1,2026-08-18T10:00:00+05:30
gav_205398c7,gid_f893e523,2026-09-26,0,0,1.35,2026-08-18T10:00:00+05:30
gav_40bc7104,gid_f893e523,2026-09-27,1,1,1.25,2026-08-18T10:00:00+05:30
gav_4e675eb5,gid_f893e523,2026-09-28,1,1,1,2026-08-18T10:00:00+05:30
gav_841f927b,gid_f893e523,2026-09-29,0,0,1,2026-08-18T10:00:00+05:30
gav_4fb6d664,gid_f893e523,2026-09-30,1,1,1,2026-08-18T10:00:00+05:30
gav_6f287653,gid_b5e067d4,2026-09-01,1,1,1.1,2026-08-18T10:00:00+05:30
gav_ba067352,gid_b5e067d4,2026-09-02,1,1,1,2026-08-18T10:00:00+05:30
gav_c7df53b8,gid_b5e067d4,2026-09-03,1,1,1,2026-08-18T10:00:00+05:30
gav_94146fc5,gid_b5e067d4,2026-09-04,1,2,1,2026-08-18T10:00:00+05:30
gav_c9eee719,gid_b5e067d4,2026-09-05,1,1,1.25,2026-08-18T10:00:00+05:30
gav_0d5beeab,gid_b5e067d4,2026-09-06,1,1,1.25,2026-08-18T10:00:00+05:30
gav_0200f619,gid_b5e067d4,2026-09-07,0,0,1,2026-08-18T10:00:00+05:30
gav_7e9c2bf5,gid_b5e067d4,2026-09-08,0,0,1.1,2026-08-18T10:00:00+05:30
gav_b257ae7b,gid_b5e067d4,2026-09-09,1,1,1.1,2026-08-18T10:00:00+05:30
gav_ec39654e,gid_b5e067d4,2026-09-10,0,0,1.1,2026-08-18T10:00:00+05:30
gav_5f35891c,gid_b5e067d4,2026-09-11,1,1,1,2026-08-18T10:00:00+05:30
gav_34d029fd,gid_b5e067d4,2026-09-12,1,2,1.25,2026-08-18T10:00:00+05:30
gav_67f21cab,gid_b5e067d4,2026-09-13,1,2,1.25,2026-08-18T10:00:00+05:30
gav_22a9511a,gid_b5e067d4,2026-09-14,1,1,1,2026-08-18T10:00:00+05:30
gav_ba74553f,gid_b5e067d4,2026-09-15,1,2,1,2026-08-18T10:00:00+05:30
gav_292fe290,gid_b5e067d4,2026-09-16,1,2,1,2026-08-18T10:00:00+05:30
gav_7ce2939a,gid_b5e067d4,2026-09-17,1,2,1.1,2026-08-18T10:00:00+05:30
gav_88aef0ac,gid_b5e067d4,2026-09-18,0,0,1,2026-08-18T10:00:00+05:30
gav_6b1d8d82,gid_b5e067d4,2026-09-19,1,1,1.35,2026-08-18T10:00:00+05:30
gav_6614fe18,gid_b5e067d4,2026-09-20,1,1,1.35,2026-08-18T10:00:00+05:30
gav_657eaccc,gid_b5e067d4,2026-09-21,1,2,1,2026-08-18T10:00:00+05:30
gav_77fc2b40,gid_b5e067d4,2026-09-22,1,1,1.1,2026-08-18T10:00:00+05:30
gav_f321284f,gid_b5e067d4,2026-09-23,1,1,1.1,2026-08-18T10:00:00+05:30
gav_a4810b59,gid_b5e067d4,2026-09-24,0,0,1,2026-08-18T10:00:00+05:30
gav_41d46842,gid_b5e067d4,2026-09-25,1,1,1,2026-08-18T10:00:00+05:30
gav_a802cb48,gid_b5e067d4,2026-09-26,0,0,1.35,2026-08-18T10:00:00+05:30
gav_5c7a9b89,gid_b5e067d4,2026-09-27,1,2,1.25,2026-08-18T10:00:00+05:30
gav_334502e9,gid_b5e067d4,2026-09-28,1,1,1,2026-08-18T10:00:00+05:30
gav_92b7a92d,gid_b5e067d4,2026-09-29,1,1,1,2026-08-18T10:00:00+05:30
gav_f30bb3da,gid_b5e067d4,2026-09-30,1,2,1,2026-08-18T10:00:00+05:30
gav_c60c3f9d,gid_ee2ce9b8,2026-09-01,1,2,1,2026-08-18T10:00:00+05:30
gav_c93b61f8,gid_ee2ce9b8,2026-09-02,0,0,1,2026-08-18T10:00:00+05:30
gav_883af05e,gid_ee2ce9b8,2026-09-03,1,2,1.1,2026-08-18T10:00:00+05:30
gav_1801105c,gid_ee2ce9b8,2026-09-04,1,2,1,2026-08-18T10:00:00+05:30
gav_98154b16,gid_ee2ce9b8,2026-09-05,1,2,1.25,2026-08-18T10:00:00+05:30
gav_17c90824,gid_ee2ce9b8,2026-09-06,0,0,1.35,2026-08-18T10:00:00+05:30
gav_7f77ccb3,gid_ee2ce9b8,2026-09-07,1,2,1.1,2026-08-18T10:00:00+05:30
gav_fb04beba,gid_ee2ce9b8,2026-09-08,0,0,1,2026-08-18T10:00:00+05:30
gav_7ce2d18f,gid_ee2ce9b8,2026-09-09,1,1,1,2026-08-18T10:00:00+05:30
gav_02520ee1,gid_ee2ce9b8,2026-09-10,1,2,1,2026-08-18T10:00:00+05:30
gav_c4fad92a,gid_ee2ce9b8,2026-09-11,1,2,1,2026-08-18T10:00:00+05:30
gav_c27b0027,gid_ee2ce9b8,2026-09-12,0,0,1.25,2026-08-18T10:00:00+05:30
gav_71dffd36,gid_ee2ce9b8,2026-09-13,1,2,1.35,2026-08-18T10:00:00+05:30
gav_d4289d1a,gid_ee2ce9b8,2026-09-14,1,1,1.1,2026-08-18T10:00:00+05:30
gav_c46fd2e4,gid_ee2ce9b8,2026-09-15,1,1,1.1,2026-08-18T10:00:00+05:30
gav_fce1b8e8,gid_ee2ce9b8,2026-09-16,0,0,1.1,2026-08-18T10:00:00+05:30
gav_22686e14,gid_ee2ce9b8,2026-09-17,1,2,1.1,2026-08-18T10:00:00+05:30
gav_867ee0ce,gid_ee2ce9b8,2026-09-18,1,1,1.1,2026-08-18T10:00:00+05:30
gav_f30fcc2e,gid_ee2ce9b8,2026-09-19,1,2,1.25,2026-08-18T10:00:00+05:30
gav_c84b0527,gid_ee2ce9b8,2026-09-20,1,1,1.25,2026-08-18T10:00:00+05:30
gav_0c9f44e3,gid_ee2ce9b8,2026-09-21,1,1,1.1,2026-08-18T10:00:00+05:30
gav_b53c4bfc,gid_ee2ce9b8,2026-09-22,1,1,1,2026-08-18T10:00:00+05:30
gav_87654864,gid_ee2ce9b8,2026-09-23,1,2,1,2026-08-18T10:00:00+05:30
gav_bd254e83,gid_ee2ce9b8,2026-09-24,1,2,1,2026-08-18T10:00:00+05:30
gav_b49e431c,gid_ee2ce9b8,2026-09-25,1,1,1.1,2026-08-18T10:00:00+05:30
gav_79a56c89,gid_ee2ce9b8,2026-09-26,1,1,1.25,2026-08-18T10:00:00+05:30
gav_306e1293,gid_ee2ce9b8,2026-09-27,0,0,1.25,2026-08-18T10:00:00+05:30
gav_35bd00b8,gid_ee2ce9b8,2026-09-28,1,2,1.1,2026-08-18T10:00:00+05:30
gav_e077ff98,gid_ee2ce9b8,2026-09-29,1,2,1.1,2026-08-18T10:00:00+05:30
gav_622e9025,gid_ee2ce9b8,2026-09-30,1,1,1.1,2026-08-18T10:00:00+05:30
gav_6a4a064c,gid_84ff12d6,2026-09-01,1,1,1,2026-08-18T10:00:00+05:30
gav_23e90cf7,gid_84ff12d6,2026-09-02,1,1,1,2026-08-18T10:00:00+05:30
gav_b2b3f10d,gid_84ff12d6,2026-09-03,1,1,1.1,2026-08-18T10:00:00+05:30
gav_7310be27,gid_84ff12d6,2026-09-04,1,2,1.1,2026-08-18T10:00:00+05:30
gav_6fb27ae2,gid_84ff12d6,2026-09-05,1,1,1.25,2026-08-18T10:00:00+05:30
gav_fb2854f0,gid_84ff12d6,2026-09-06,1,2,1.25,2026-08-18T10:00:00+05:30
gav_61f18bd6,gid_84ff12d6,2026-09-07,0,0,1,2026-08-18T10:00:00+05:30
gav_6b515519,gid_84ff12d6,2026-09-08,1,1,1,2026-08-18T10:00:00+05:30
gav_89037ee5,gid_84ff12d6,2026-09-09,1,1,1.1,2026-08-18T10:00:00+05:30
gav_1074c7cb,gid_84ff12d6,2026-09-10,1,1,1.1,2026-08-18T10:00:00+05:30
gav_52e0736b,gid_84ff12d6,2026-09-11,1,1,1,2026-08-18T10:00:00+05:30
gav_7c602151,gid_84ff12d6,2026-09-12,0,0,1.35,2026-08-18T10:00:00+05:30
gav_205857b2,gid_84ff12d6,2026-09-13,0,0,1.25,2026-08-18T10:00:00+05:30
gav_77706e64,gid_84ff12d6,2026-09-14,0,0,1.1,2026-08-18T10:00:00+05:30
gav_dc51570b,gid_84ff12d6,2026-09-15,1,2,1,2026-08-18T10:00:00+05:30
gav_faf3dbac,gid_84ff12d6,2026-09-16,1,1,1,2026-08-18T10:00:00+05:30
gav_237994aa,gid_84ff12d6,2026-09-17,1,1,1.1,2026-08-18T10:00:00+05:30
gav_edca8c3d,gid_84ff12d6,2026-09-18,1,1,1,2026-08-18T10:00:00+05:30
gav_15286b3e,gid_84ff12d6,2026-09-19,1,2,1.25,2026-08-18T10:00:00+05:30
gav_2c030794,gid_84ff12d6,2026-09-20,1,1,1.25,2026-08-18T10:00:00+05:30
gav_5e946a2a,gid_84ff12d6,2026-09-21,1,1,1,2026-08-18T10:00:00+05:30
gav_24c910c9,gid_84ff12d6,2026-09-22,1,2,1.1,2026-08-18T10:00:00+05:30
gav_a7b76dda,gid_84ff12d6,2026-09-23,0,0,1.1,2026-08-18T10:00:00+05:30
gav_cbb0b07d,gid_84ff12d6,2026-09-24,1,1,1.1,2026-08-18T10:00:00+05:30
gav_e4bd4518,gid_84ff12d6,2026-09-25,1,2,1,2026-08-18T10:00:00+05:30
gav_ad1657fd,gid_84ff12d6,2026-09-26,0,0,1.35,2026-08-18T10:00:00+05:30
gav_d6edb7fa,gid_84ff12d6,2026-09-27,1,1,1.25,2026-08-18T10:00:00+05:30
gav_d0cc24b7,gid_84ff12d6,2026-09-28,1,2,1.1,2026-08-18T10:00:00+05:30
gav_e63fe6a4,gid_84ff12d6,2026-09-29,1,1,1,2026-08-18T10:00:00+05:30
gav_713d623d,gid_84ff12d6,2026-09-30,0,0,1.1,2026-08-18T10:00:00+05:30
gav_cef6aade,gid_9ab78a50,2026-09-01,1,2,1,2026-08-18T10:00:00+05:30
gav_94eec26f,gid_9ab78a50,2026-09-02,1,2,1,2026-08-18T10:00:00+05:30
gav_99836318,gid_9ab78a50,2026-09-03,0,0,1,2026-08-18T10:00:00+05:30
gav_fb927258,gid_9ab78a50,2026-09-04,1,2,1,2026-08-18T10:00:00+05:30
gav_cbbdf8b5,gid_9ab78a50,2026-09-05,1,2,1.35,2026-08-18T10:00:00+05:30
gav_643a133b,gid_9ab78a50,2026-09-06,1,1,1.35,2026-08-18T10:00:00+05:30
gav_3183e91c,gid_9ab78a50,2026-09-07,1,1,1,2026-08-18T10:00:00+05:30
gav_12033d79,gid_9ab78a50,2026-09-08,1,1,1.1,2026-08-18T10:00:00+05:30
gav_96bb1200,gid_9ab78a50,2026-09-09,1,1,1,2026-08-18T10:00:00+05:30
gav_750cfe10,gid_9ab78a50,2026-09-10,1,2,1.1,2026-08-18T10:00:00+05:30
gav_acddffa8,gid_9ab78a50,2026-09-11,1,2,1,2026-08-18T10:00:00+05:30
gav_6890e7d0,gid_9ab78a50,2026-09-12,1,1,1.25,2026-08-18T10:00:00+05:30
gav_da589e4e,gid_9ab78a50,2026-09-13,1,2,1.25,2026-08-18T10:00:00+05:30
gav_99f90eb7,gid_9ab78a50,2026-09-14,1,2,1,2026-08-18T10:00:00+05:30
gav_ecaab3ce,gid_9ab78a50,2026-09-15,1,1,1,2026-08-18T10:00:00+05:30
gav_1e432cfd,gid_9ab78a50,2026-09-16,0,0,1,2026-08-18T10:00:00+05:30
gav_8f455746,gid_9ab78a50,2026-09-17,1,2,1,2026-08-18T10:00:00+05:30
gav_6a32f473,gid_9ab78a50,2026-09-18,1,2,1,2026-08-18T10:00:00+05:30
gav_03352a61,gid_9ab78a50,2026-09-19,1,1,1.25,2026-08-18T10:00:00+05:30
gav_5ca3cc7d,gid_9ab78a50,2026-09-20,1,2,1.25,2026-08-18T10:00:00+05:30
gav_005ac1a0,gid_9ab78a50,2026-09-21,1,1,1,2026-08-18T10:00:00+05:30
gav_398b8b3f,gid_9ab78a50,2026-09-22,1,2,1,2026-08-18T10:00:00+05:30
gav_b8f335ea,gid_9ab78a50,2026-09-23,1,1,1,2026-08-18T10:00:00+05:30
gav_24485aa4,gid_9ab78a50,2026-09-24,1,1,1,2026-08-18T10:00:00+05:30
gav_5f9bcc0f,gid_9ab78a50,2026-09-25,1,2,1,2026-08-18T10:00:00+05:30
gav_4523c319,gid_9ab78a50,2026-09-26,1,1,1.25,2026-08-18T10:00:00+05:30
gav_7864d671,gid_9ab78a50,2026-09-27,1,1,1.25,2026-08-18T10:00:00+05:30
gav_68375a53,gid_9ab78a50,2026-09-28,0,0,1.1,2026-08-18T10:00:00+05:30
gav_fb6a77d0,gid_9ab78a50,2026-09-29,1,2,1,2026-08-18T10:00:00+05:30
gav_7e9d50dd,gid_9ab78a50,2026-09-30,1,2,1,2026-08-18T10:00:00+05:30
gav_10d401f9,gid_b2b1d5b2,2026-09-01,0,0,1,2026-08-18T10:00:00+05:30
gav_ac09bcec,gid_b2b1d5b2,2026-09-02,1,2,1,2026-08-18T10:00:00+05:30
gav_30a3d6ef,gid_b2b1d5b2,2026-09-03,0,0,1,2026-08-18T10:00:00+05:30
gav_24225eec,gid_b2b1d5b2,2026-09-04,1,2,1,2026-08-18T10:00:00+05:30
gav_c7198419,gid_b2b1d5b2,2026-09-05,1,2,1.35,2026-08-18T10:00:00+05:30
gav_4e0e2859,gid_b2b1d5b2,2026-09-06,1,1,1.25,2026-08-18T10:00:00+05:30
gav_de1e6a37,gid_b2b1d5b2,2026-09-07,1,1,1,2026-08-18T10:00:00+05:30
gav_cfef9a2a,gid_b2b1d5b2,2026-09-08,1,2,1,2026-08-18T10:00:00+05:30
gav_d3180945,gid_b2b1d5b2,2026-09-09,1,1,1,2026-08-18T10:00:00+05:30
gav_2c6358e4,gid_b2b1d5b2,2026-09-10,0,0,1,2026-08-18T10:00:00+05:30
gav_068857f2,gid_b2b1d5b2,2026-09-11,1,2,1,2026-08-18T10:00:00+05:30
gav_f4c85746,gid_b2b1d5b2,2026-09-12,0,0,1.25,2026-08-18T10:00:00+05:30
gav_cd0e7bd2,gid_b2b1d5b2,2026-09-13,1,2,1.35,2026-08-18T10:00:00+05:30
gav_f8202836,gid_b2b1d5b2,2026-09-14,0,0,1,2026-08-18T10:00:00+05:30
gav_2b3e92aa,gid_b2b1d5b2,2026-09-15,0,0,1,2026-08-18T10:00:00+05:30
gav_afe8502d,gid_b2b1d5b2,2026-09-16,1,2,1.1,2026-08-18T10:00:00+05:30
gav_8786a5bd,gid_b2b1d5b2,2026-09-17,1,1,1,2026-08-18T10:00:00+05:30
gav_580b68b1,gid_b2b1d5b2,2026-09-18,1,2,1,2026-08-18T10:00:00+05:30
gav_aff370cf,gid_b2b1d5b2,2026-09-19,0,0,1.35,2026-08-18T10:00:00+05:30
gav_01f67573,gid_b2b1d5b2,2026-09-20,1,2,1.25,2026-08-18T10:00:00+05:30
gav_1c95fb26,gid_b2b1d5b2,2026-09-21,0,0,1,2026-08-18T10:00:00+05:30
gav_af1405c6,gid_b2b1d5b2,2026-09-22,0,0,1.1,2026-08-18T10:00:00+05:30
gav_222e6511,gid_b2b1d5b2,2026-09-23,0,0,1,2026-08-18T10:00:00+05:30
gav_6c34c212,gid_b2b1d5b2,2026-09-24,0,0,1,2026-08-18T10:00:00+05:30
gav_ff0b256c,gid_b2b1d5b2,2026-09-25,1,1,1,2026-08-18T10:00:00+05:30
gav_3e6977be,gid_b2b1d5b2,2026-09-26,0,0,1.35,2026-08-18T10:00:00+05:30
gav_b49e919f,gid_b2b1d5b2,2026-09-27,1,2,1.25,2026-08-18T10:00:00+05:30
gav_bff0156a,gid_b2b1d5b2,2026-09-28,1,1,1,2026-08-18T10:00:00+05:30
gav_6df6669f,gid_b2b1d5b2,2026-09-29,1,1,1,2026-08-18T10:00:00+05:30
gav_d9723f29,gid_b2b1d5b2,2026-09-30,1,1,1,2026-08-18T10:00:00+05:30
gav_8acc065b,gid_f7e271ad,2026-09-01,1,1,1,2026-08-18T10:00:00+05:30
gav_6148715b,gid_f7e271ad,2026-09-02,1,1,1,2026-08-18T10:00:00+05:30
gav_28b299e3,gid_f7e271ad,2026-09-03,1,1,1,2026-08-18T10:00:00+05:30
gav_6efe8ab4,gid_f7e271ad,2026-09-04,1,1,1,2026-08-18T10:00:00+05:30
gav_451d4fdf,gid_f7e271ad,2026-09-05,1,1,1.25,2026-08-18T10:00:00+05:30
gav_f97ac6b6,gid_f7e271ad,2026-09-06,1,2,1.25,2026-08-18T10:00:00+05:30
gav_7e74d516,gid_f7e271ad,2026-09-07,1,1,1,2026-08-18T10:00:00+05:30
gav_4bee0337,gid_f7e271ad,2026-09-08,0,0,1,2026-08-18T10:00:00+05:30
gav_c9fe9fe4,gid_f7e271ad,2026-09-09,1,2,1,2026-08-18T10:00:00+05:30
gav_3b37a346,gid_f7e271ad,2026-09-10,1,2,1,2026-08-18T10:00:00+05:30
gav_172d5ecd,gid_f7e271ad,2026-09-11,1,1,1,2026-08-18T10:00:00+05:30
gav_80171f0b,gid_f7e271ad,2026-09-12,0,0,1.35,2026-08-18T10:00:00+05:30
gav_56bdb550,gid_f7e271ad,2026-09-13,0,0,1.25,2026-08-18T10:00:00+05:30
gav_c7a3fb90,gid_f7e271ad,2026-09-14,1,2,1.1,2026-08-18T10:00:00+05:30
gav_fd54c732,gid_f7e271ad,2026-09-15,0,0,1,2026-08-18T10:00:00+05:30
gav_b0ad4cbb,gid_f7e271ad,2026-09-16,1,2,1,2026-08-18T10:00:00+05:30
gav_6821189b,gid_f7e271ad,2026-09-17,1,2,1,2026-08-18T10:00:00+05:30
gav_3dbc108a,gid_f7e271ad,2026-09-18,1,2,1,2026-08-18T10:00:00+05:30
gav_69d930dd,gid_f7e271ad,2026-09-19,1,2,1.25,2026-08-18T10:00:00+05:30
gav_55b5f738,gid_f7e271ad,2026-09-20,1,2,1.35,2026-08-18T10:00:00+05:30
gav_bfb1e849,gid_f7e271ad,2026-09-21,0,0,1,2026-08-18T10:00:00+05:30
gav_0ec1dd53,gid_f7e271ad,2026-09-22,0,0,1.1,2026-08-18T10:00:00+05:30
gav_718dbd80,gid_f7e271ad,2026-09-23,1,2,1,2026-08-18T10:00:00+05:30
gav_4388645d,gid_f7e271ad,2026-09-24,0,0,1.1,2026-08-18T10:00:00+05:30
gav_df1aff5a,gid_f7e271ad,2026-09-25,1,2,1,2026-08-18T10:00:00+05:30
gav_1eadf2b4,gid_f7e271ad,2026-09-26,1,1,1.25,2026-08-18T10:00:00+05:30
gav_df5e80d3,gid_f7e271ad,2026-09-27,0,0,1.25,2026-08-18T10:00:00+05:30
gav_e6401703,gid_f7e271ad,2026-09-28,1,1,1,2026-08-18T10:00:00+05:30
gav_c5fb1669,gid_f7e271ad,2026-09-29,1,1,1,2026-08-18T10:00:00+05:30
gav_154b8cbd,gid_f7e271ad,2026-09-30,1,2,1,2026-08-18T10:00:00+05:30
gav_2b752284,gid_a63ee725,2026-09-01,0,0,1.1,2026-08-18T10:00:00+05:30
gav_48f1c2b5,gid_a63ee725,2026-09-02,0,0,1,2026-08-18T10:00:00+05:30
gav_5e66addb,gid_a63ee725,2026-09-03,1,1,1,2026-08-18T10:00:00+05:30
gav_af1b1cef,gid_a63ee725,2026-09-04,1,1,1,2026-08-18T10:00:00+05:30
gav_bd32cfe9,gid_a63ee725,2026-09-05,1,1,1.25,2026-08-18T10:00:00+05:30
gav_a75f853b,gid_a63ee725,2026-09-06,1,2,1.25,2026-08-18T10:00:00+05:30
gav_120fb0af,gid_a63ee725,2026-09-07,1,2,1,2026-08-18T10:00:00+05:30
gav_e06dc752,gid_a63ee725,2026-09-08,1,1,1.1,2026-08-18T10:00:00+05:30
gav_2713aed0,gid_a63ee725,2026-09-09,0,0,1,2026-08-18T10:00:00+05:30
gav_a18958f5,gid_a63ee725,2026-09-10,1,2,1,2026-08-18T10:00:00+05:30
gav_147a21f9,gid_a63ee725,2026-09-11,1,1,1,2026-08-18T10:00:00+05:30
gav_64f46b04,gid_a63ee725,2026-09-12,0,0,1.25,2026-08-18T10:00:00+05:30
gav_70e52c64,gid_a63ee725,2026-09-13,1,2,1.35,2026-08-18T10:00:00+05:30
gav_2269197b,gid_a63ee725,2026-09-14,0,0,1,2026-08-18T10:00:00+05:30
gav_aff53cfb,gid_a63ee725,2026-09-15,1,2,1,2026-08-18T10:00:00+05:30
gav_8cafaa16,gid_a63ee725,2026-09-16,1,2,1,2026-08-18T10:00:00+05:30
gav_2683d006,gid_a63ee725,2026-09-17,1,1,1.1,2026-08-18T10:00:00+05:30
gav_8a946877,gid_a63ee725,2026-09-18,0,0,1,2026-08-18T10:00:00+05:30
gav_99e084e2,gid_a63ee725,2026-09-19,1,2,1.25,2026-08-18T10:00:00+05:30
gav_269fca33,gid_a63ee725,2026-09-20,0,0,1.25,2026-08-18T10:00:00+05:30
gav_99d0467b,gid_a63ee725,2026-09-21,0,0,1.1,2026-08-18T10:00:00+05:30
gav_68077ecb,gid_a63ee725,2026-09-22,1,2,1,2026-08-18T10:00:00+05:30
gav_004f83e4,gid_a63ee725,2026-09-23,1,1,1,2026-08-18T10:00:00+05:30
gav_a7b95405,gid_a63ee725,2026-09-24,1,2,1,2026-08-18T10:00:00+05:30
gav_b6e9d6c3,gid_a63ee725,2026-09-25,0,0,1,2026-08-18T10:00:00+05:30
gav_b6f4e4e9,gid_a63ee725,2026-09-26,1,2,1.35,2026-08-18T10:00:00+05:30
gav_021a1e2b,gid_a63ee725,2026-09-27,1,1,1.25,2026-08-18T10:00:00+05:30
gav_b64880d1,gid_a63ee725,2026-09-28,1,2,1,2026-08-18T10:00:00+05:30
gav_b6ed03cf,gid_a63ee725,2026-09-29,1,2,1,2026-08-18T10:00:00+05:30
gav_cf7619e2,gid_a63ee725,2026-09-30,0,0,1,2026-08-18T10:00:00+05:30
gav_d42c1ee9,gid_f23609de,2026-09-01,1,1,1,2026-08-18T10:00:00+05:30
gav_7526536e,gid_f23609de,2026-09-02,1,1,1,2026-08-18T10:00:00+05:30
gav_939b5df4,gid_f23609de,2026-09-03,1,1,1,2026-08-18T10:00:00+05:30
gav_8633218f,gid_f23609de,2026-09-04,0,0,1,2026-08-18T10:00:00+05:30
gav_2a2d5324,gid_f23609de,2026-09-05,1,1,1.25,2026-08-18T10:00:00+05:30
gav_7623f33c,gid_f23609de,2026-09-06,0,0,1.25,2026-08-18T10:00:00+05:30
gav_8ab30fa3,gid_f23609de,2026-09-07,0,0,1,2026-08-18T10:00:00+05:30
gav_b8bea418,gid_f23609de,2026-09-08,1,1,1,2026-08-18T10:00:00+05:30
gav_a2da0a74,gid_f23609de,2026-09-09,0,0,1,2026-08-18T10:00:00+05:30
gav_a0ae278a,gid_f23609de,2026-09-10,1,1,1,2026-08-18T10:00:00+05:30
gav_8901a042,gid_f23609de,2026-09-11,1,1,1.1,2026-08-18T10:00:00+05:30
gav_16bfab3e,gid_f23609de,2026-09-12,0,0,1.35,2026-08-18T10:00:00+05:30
gav_3eebd46d,gid_f23609de,2026-09-13,1,2,1.25,2026-08-18T10:00:00+05:30
gav_426d0fc6,gid_f23609de,2026-09-14,1,1,1.1,2026-08-18T10:00:00+05:30
gav_97caa1bc,gid_f23609de,2026-09-15,1,1,1.1,2026-08-18T10:00:00+05:30
gav_a5079c0c,gid_f23609de,2026-09-16,0,0,1.1,2026-08-18T10:00:00+05:30
gav_e2e22337,gid_f23609de,2026-09-17,1,2,1.1,2026-08-18T10:00:00+05:30
gav_969df97c,gid_f23609de,2026-09-18,1,2,1,2026-08-18T10:00:00+05:30
gav_c8661df1,gid_f23609de,2026-09-19,1,1,1.35,2026-08-18T10:00:00+05:30
gav_c6c93246,gid_f23609de,2026-09-20,0,0,1.25,2026-08-18T10:00:00+05:30
gav_b27831ec,gid_f23609de,2026-09-21,1,2,1.1,2026-08-18T10:00:00+05:30
gav_eeeeff63,gid_f23609de,2026-09-22,1,1,1,2026-08-18T10:00:00+05:30
gav_1d1c5a45,gid_f23609de,2026-09-23,1,1,1,2026-08-18T10:00:00+05:30
gav_34ed78ea,gid_f23609de,2026-09-24,1,2,1.1,2026-08-18T10:00:00+05:30
gav_79146ce3,gid_f23609de,2026-09-25,1,2,1,2026-08-18T10:00:00+05:30
gav_2bf5483f,gid_f23609de,2026-09-26,1,2,1.25,2026-08-18T10:00:00+05:30
gav_c4770051,gid_f23609de,2026-09-27,0,0,1.25,2026-08-18T10:00:00+05:30
gav_ae3fdc70,gid_f23609de,2026-09-28,1,2,1.1,2026-08-18T10:00:00+05:30
gav_397fcec3,gid_f23609de,2026-09-29,1,1,1.1,2026-08-18T10:00:00+05:30
gav_512d9bdf,gid_f23609de,2026-09-30,0,0,1.1,2026-08-18T10:00:00+05:30
gav_b0118a73,gid_82a82f56,2026-09-01,1,2,1,2026-08-18T10:00:00+05:30
gav_1da48329,gid_82a82f56,2026-09-02,1,1,1,2026-08-18T10:00:00+05:30
gav_31b54e35,gid_82a82f56,2026-09-03,1,1,1,2026-08-18T10:00:00+05:30
gav_6f5b3cad,gid_82a82f56,2026-09-04,0,0,1,2026-08-18T10:00:00+05:30
gav_606d9618,gid_82a82f56,2026-09-05,1,2,1.35,2026-08-18T10:00:00+05:30
gav_d1c6f0ad,gid_82a82f56,2026-09-06,1,1,1.35,2026-08-18T10:00:00+05:30
gav_ccfbda43,gid_82a82f56,2026-09-07,1,2,1.1,2026-08-18T10:00:00+05:30
gav_1ebfa858,gid_82a82f56,2026-09-08,1,2,1.1,2026-08-18T10:00:00+05:30
gav_43bc9297,gid_82a82f56,2026-09-09,1,2,1.1,2026-08-18T10:00:00+05:30
gav_50afce33,gid_82a82f56,2026-09-10,0,0,1,2026-08-18T10:00:00+05:30
gav_fc9bad93,gid_82a82f56,2026-09-11,1,1,1,2026-08-18T10:00:00+05:30
gav_0c416299,gid_82a82f56,2026-09-12,0,0,1.35,2026-08-18T10:00:00+05:30
gav_d5619d91,gid_82a82f56,2026-09-13,1,1,1.25,2026-08-18T10:00:00+05:30
gav_69630a9d,gid_82a82f56,2026-09-14,1,1,1.1,2026-08-18T10:00:00+05:30
gav_5d4996ad,gid_82a82f56,2026-09-15,1,1,1,2026-08-18T10:00:00+05:30
gav_914cb059,gid_82a82f56,2026-09-16,1,2,1.1,2026-08-18T10:00:00+05:30
gav_2b0282f1,gid_82a82f56,2026-09-17,1,2,1,2026-08-18T10:00:00+05:30
gav_cf6611a2,gid_82a82f56,2026-09-18,1,2,1,2026-08-18T10:00:00+05:30
gav_bb13118c,gid_82a82f56,2026-09-19,1,2,1.35,2026-08-18T10:00:00+05:30
gav_ea62d361,gid_82a82f56,2026-09-20,1,2,1.25,2026-08-18T10:00:00+05:30
gav_e361b20e,gid_82a82f56,2026-09-21,0,0,1,2026-08-18T10:00:00+05:30
gav_ee56dc3d,gid_82a82f56,2026-09-22,1,2,1,2026-08-18T10:00:00+05:30
gav_9d3eb978,gid_82a82f56,2026-09-23,1,2,1.1,2026-08-18T10:00:00+05:30
gav_ad8209bb,gid_82a82f56,2026-09-24,1,1,1.1,2026-08-18T10:00:00+05:30
gav_1830818a,gid_82a82f56,2026-09-25,1,2,1,2026-08-18T10:00:00+05:30
gav_eb22301e,gid_82a82f56,2026-09-26,0,0,1.25,2026-08-18T10:00:00+05:30
gav_19beab40,gid_82a82f56,2026-09-27,0,0,1.25,2026-08-18T10:00:00+05:30
gav_87dc49ef,gid_82a82f56,2026-09-28,1,2,1,2026-08-18T10:00:00+05:30
gav_297bd3c5,gid_82a82f56,2026-09-29,0,0,1,2026-08-18T10:00:00+05:30
gav_6251b351,gid_82a82f56,2026-09-30,1,1,1.1,2026-08-18T10:00:00+05:30
gav_77492a71,gid_ca55f873,2026-09-01,0,0,1,2026-08-18T10:00:00+05:30
gav_b5ee1a3c,gid_ca55f873,2026-09-02,1,2,1,2026-08-18T10:00:00+05:30
gav_d56a9319,gid_ca55f873,2026-09-03,0,0,1.1,2026-08-18T10:00:00+05:30
gav_ff30ade8,gid_ca55f873,2026-09-04,1,1,1,2026-08-18T10:00:00+05:30
gav_140f302b,gid_ca55f873,2026-09-05,0,0,1.35,2026-08-18T10:00:00+05:30
gav_44bdd431,gid_ca55f873,2026-09-06,0,0,1.25,2026-08-18T10:00:00+05:30
gav_71a5eb51,gid_ca55f873,2026-09-07,1,2,1,2026-08-18T10:00:00+05:30
gav_4b5baa5c,gid_ca55f873,2026-09-08,1,2,1,2026-08-18T10:00:00+05:30
gav_fc3314d6,gid_ca55f873,2026-09-09,0,0,1,2026-08-18T10:00:00+05:30
gav_97f93ea2,gid_ca55f873,2026-09-10,1,1,1.1,2026-08-18T10:00:00+05:30
gav_a782b325,gid_ca55f873,2026-09-11,1,1,1,2026-08-18T10:00:00+05:30
gav_84800248,gid_ca55f873,2026-09-12,1,2,1.35,2026-08-18T10:00:00+05:30
gav_8bf79761,gid_ca55f873,2026-09-13,1,2,1.25,2026-08-18T10:00:00+05:30
gav_e38d8e19,gid_ca55f873,2026-09-14,1,1,1.1,2026-08-18T10:00:00+05:30
gav_1eb5c89f,gid_ca55f873,2026-09-15,0,0,1,2026-08-18T10:00:00+05:30
gav_dd76f7ae,gid_ca55f873,2026-09-16,1,1,1,2026-08-18T10:00:00+05:30
gav_d0d50755,gid_ca55f873,2026-09-17,1,1,1,2026-08-18T10:00:00+05:30
gav_b23e08a3,gid_ca55f873,2026-09-18,0,0,1,2026-08-18T10:00:00+05:30
gav_7906b51a,gid_ca55f873,2026-09-19,1,2,1.35,2026-08-18T10:00:00+05:30
gav_e5166171,gid_ca55f873,2026-09-20,1,1,1.35,2026-08-18T10:00:00+05:30
gav_c6a2cc6c,gid_ca55f873,2026-09-21,1,1,1.1,2026-08-18T10:00:00+05:30
gav_7152c822,gid_ca55f873,2026-09-22,1,2,1,2026-08-18T10:00:00+05:30
gav_f126cd02,gid_ca55f873,2026-09-23,0,0,1,2026-08-18T10:00:00+05:30
gav_3454158f,gid_ca55f873,2026-09-24,0,0,1.1,2026-08-18T10:00:00+05:30
gav_fb84109f,gid_ca55f873,2026-09-25,1,1,1,2026-08-18T10:00:00+05:30
gav_cc404760,gid_ca55f873,2026-09-26,0,0,1.35,2026-08-18T10:00:00+05:30
gav_41f08cc9,gid_ca55f873,2026-09-27,0,0,1.25,2026-08-18T10:00:00+05:30
gav_baf1627c,gid_ca55f873,2026-09-28,1,2,1.1,2026-08-18T10:00:00+05:30
gav_ab1c720e,gid_ca55f873,2026-09-29,1,2,1,2026-08-18T10:00:00+05:30
gav_7f08959a,gid_ca55f873,2026-09-30,1,1,1,2026-08-18T10:00:00+05:30
gav_a2ad9948,gid_51ae4214,2026-09-01,1,2,1,2026-08-18T10:00:00+05:30
gav_07cde224,gid_51ae4214,2026-09-02,0,0,1,2026-08-18T10:00:00+05:30
gav_9118044f,gid_51ae4214,2026-09-03,1,2,1.1,2026-08-18T10:00:00+05:30
gav_04890bd4,gid_51ae4214,2026-09-04,1,1,1,2026-08-18T10:00:00+05:30
gav_36fc33a7,gid_51ae4214,2026-09-05,0,0,1.25,2026-08-18T10:00:00+05:30
gav_01cc8256,gid_51ae4214,2026-09-06,1,1,1.35,2026-08-18T10:00:00+05:30
gav_f35713a9,gid_51ae4214,2026-09-07,1,2,1,2026-08-18T10:00:00+05:30
gav_5b716ec9,gid_51ae4214,2026-09-08,0,0,1,2026-08-18T10:00:00+05:30
gav_af9cc097,gid_51ae4214,2026-09-09,1,2,1,2026-08-18T10:00:00+05:30
gav_b8962726,gid_51ae4214,2026-09-10,0,0,1,2026-08-18T10:00:00+05:30
gav_44dc4c63,gid_51ae4214,2026-09-11,1,2,1,2026-08-18T10:00:00+05:30
gav_ba6f4bb1,gid_51ae4214,2026-09-12,0,0,1.25,2026-08-18T10:00:00+05:30
gav_e8f5addb,gid_51ae4214,2026-09-13,1,1,1.35,2026-08-18T10:00:00+05:30
gav_43d624ac,gid_51ae4214,2026-09-14,1,1,1,2026-08-18T10:00:00+05:30
gav_0fb40789,gid_51ae4214,2026-09-15,1,1,1,2026-08-18T10:00:00+05:30
gav_9dac7983,gid_51ae4214,2026-09-16,1,1,1,2026-08-18T10:00:00+05:30
gav_80bfce3c,gid_51ae4214,2026-09-17,0,0,1,2026-08-18T10:00:00+05:30
gav_ce5b2282,gid_51ae4214,2026-09-18,1,1,1.1,2026-08-18T10:00:00+05:30
gav_658e5683,gid_51ae4214,2026-09-19,1,1,1.25,2026-08-18T10:00:00+05:30
gav_b2f75905,gid_51ae4214,2026-09-20,1,1,1.25,2026-08-18T10:00:00+05:30
gav_fd30de9c,gid_51ae4214,2026-09-21,1,1,1.1,2026-08-18T10:00:00+05:30
gav_5033716b,gid_51ae4214,2026-09-22,1,1,1.1,2026-08-18T10:00:00+05:30
gav_bb0ea7e2,gid_51ae4214,2026-09-23,1,1,1.1,2026-08-18T10:00:00+05:30
gav_8880adca,gid_51ae4214,2026-09-24,0,0,1,2026-08-18T10:00:00+05:30
gav_a4f7efd4,gid_51ae4214,2026-09-25,0,0,1.1,2026-08-18T10:00:00+05:30
gav_14c292ea,gid_51ae4214,2026-09-26,1,2,1.25,2026-08-18T10:00:00+05:30
gav_5296d572,gid_51ae4214,2026-09-27,1,1,1.25,2026-08-18T10:00:00+05:30
gav_fc13eb52,gid_51ae4214,2026-09-28,1,2,1,2026-08-18T10:00:00+05:30
gav_479a40e2,gid_51ae4214,2026-09-29,0,0,1,2026-08-18T10:00:00+05:30
gav_3647b51d,gid_51ae4214,2026-09-30,0,0,1,2026-08-18T10:00:00+05:30
gav_c994354a,gid_d9bfce76,2026-09-01,0,0,1,2026-08-18T10:00:00+05:30
gav_2f88986d,gid_d9bfce76,2026-09-02,1,2,1.1,2026-08-18T10:00:00+05:30
gav_e6884623,gid_d9bfce76,2026-09-03,0,0,1,2026-08-18T10:00:00+05:30
gav_ccc6c625,gid_d9bfce76,2026-09-04,1,2,1,2026-08-18T10:00:00+05:30
gav_1389a810,gid_d9bfce76,2026-09-05,0,0,1.25,2026-08-18T10:00:00+05:30
gav_57e739c8,gid_d9bfce76,2026-09-06,1,1,1.35,2026-08-18T10:00:00+05:30
gav_706077a0,gid_d9bfce76,2026-09-07,1,1,1.1,2026-08-18T10:00:00+05:30
gav_d0ded5a0,gid_d9bfce76,2026-09-08,0,0,1.1,2026-08-18T10:00:00+05:30
gav_d71ac8c5,gid_d9bfce76,2026-09-09,1,2,1,2026-08-18T10:00:00+05:30
gav_5c171408,gid_d9bfce76,2026-09-10,1,1,1,2026-08-18T10:00:00+05:30
gav_e51d8cdb,gid_d9bfce76,2026-09-11,1,2,1,2026-08-18T10:00:00+05:30
gav_f64d3221,gid_d9bfce76,2026-09-12,1,2,1.35,2026-08-18T10:00:00+05:30
gav_d9e0b2ad,gid_d9bfce76,2026-09-13,1,2,1.35,2026-08-18T10:00:00+05:30
gav_e2f114d8,gid_d9bfce76,2026-09-14,1,1,1,2026-08-18T10:00:00+05:30
gav_34da6730,gid_d9bfce76,2026-09-15,1,2,1,2026-08-18T10:00:00+05:30
gav_8ba74aa5,gid_d9bfce76,2026-09-16,1,2,1,2026-08-18T10:00:00+05:30
gav_b872ecd5,gid_d9bfce76,2026-09-17,0,0,1,2026-08-18T10:00:00+05:30
gav_23391794,gid_d9bfce76,2026-09-18,0,0,1.1,2026-08-18T10:00:00+05:30
gav_7fdb4eb7,gid_d9bfce76,2026-09-19,1,1,1.25,2026-08-18T10:00:00+05:30
gav_0c4c0e6e,gid_d9bfce76,2026-09-20,0,0,1.35,2026-08-18T10:00:00+05:30
gav_5c6ef6a9,gid_d9bfce76,2026-09-21,1,2,1,2026-08-18T10:00:00+05:30
gav_2ee13df7,gid_d9bfce76,2026-09-22,1,1,1.1,2026-08-18T10:00:00+05:30
gav_1c09f1e1,gid_d9bfce76,2026-09-23,1,1,1,2026-08-18T10:00:00+05:30
gav_84924e11,gid_d9bfce76,2026-09-24,1,2,1,2026-08-18T10:00:00+05:30
gav_c3b0284d,gid_d9bfce76,2026-09-25,1,1,1,2026-08-18T10:00:00+05:30
gav_e5c3cdf0,gid_d9bfce76,2026-09-26,1,2,1.25,2026-08-18T10:00:00+05:30
gav_84c8e5e2,gid_d9bfce76,2026-09-27,1,1,1.25,2026-08-18T10:00:00+05:30
gav_c13d88ff,gid_d9bfce76,2026-09-28,0,0,1,2026-08-18T10:00:00+05:30
gav_be255d45,gid_d9bfce76,2026-09-29,1,2,1.1,2026-08-18T10:00:00+05:30
gav_c43d4c98,gid_d9bfce76,2026-09-30,1,2,1.1,2026-08-18T10:00:00+05:30
gav_47d0d0d5,gid_10c6db95,2026-09-01,0,0,1,2026-08-18T10:00:00+05:30
gav_bacce386,gid_10c6db95,2026-09-02,1,1,1,2026-08-18T10:00:00+05:30
gav_c450c16a,gid_10c6db95,2026-09-03,1,2,1,2026-08-18T10:00:00+05:30
gav_4e94ce44,gid_10c6db95,2026-09-04,0,0,1,2026-08-18T10:00:00+05:30
gav_85eb120f,gid_10c6db95,2026-09-05,1,2,1.35,2026-08-18T10:00:00+05:30
gav_a955a90e,gid_10c6db95,2026-09-06,1,1,1.25,2026-08-18T10:00:00+05:30
gav_94f6676c,gid_10c6db95,2026-09-07,0,0,1.1,2026-08-18T10:00:00+05:30
gav_97090d55,gid_10c6db95,2026-09-08,0,0,1,2026-08-18T10:00:00+05:30
gav_6288c029,gid_10c6db95,2026-09-09,1,1,1.1,2026-08-18T10:00:00+05:30
gav_3d284b5f,gid_10c6db95,2026-09-10,1,2,1,2026-08-18T10:00:00+05:30
gav_2f81c212,gid_10c6db95,2026-09-11,1,2,1,2026-08-18T10:00:00+05:30
gav_17014883,gid_10c6db95,2026-09-12,1,1,1.35,2026-08-18T10:00:00+05:30
gav_16a7a65e,gid_10c6db95,2026-09-13,1,1,1.25,2026-08-18T10:00:00+05:30
gav_f4215e47,gid_10c6db95,2026-09-14,0,0,1.1,2026-08-18T10:00:00+05:30
gav_8bee81b8,gid_10c6db95,2026-09-15,1,2,1,2026-08-18T10:00:00+05:30
gav_793194f3,gid_10c6db95,2026-09-16,1,2,1.1,2026-08-18T10:00:00+05:30
gav_ecf9dfab,gid_10c6db95,2026-09-17,0,0,1,2026-08-18T10:00:00+05:30
gav_94a7382b,gid_10c6db95,2026-09-18,0,0,1.1,2026-08-18T10:00:00+05:30
gav_9b54e6f5,gid_10c6db95,2026-09-19,1,1,1.25,2026-08-18T10:00:00+05:30
gav_b97eccd2,gid_10c6db95,2026-09-20,0,0,1.25,2026-08-18T10:00:00+05:30
gav_1eebff3b,gid_10c6db95,2026-09-21,1,1,1,2026-08-18T10:00:00+05:30
gav_b1586a91,gid_10c6db95,2026-09-22,1,1,1,2026-08-18T10:00:00+05:30
gav_7eb5bad8,gid_10c6db95,2026-09-23,1,1,1,2026-08-18T10:00:00+05:30
gav_c6b45423,gid_10c6db95,2026-09-24,0,0,1,2026-08-18T10:00:00+05:30
gav_72afd3b4,gid_10c6db95,2026-09-25,1,2,1,2026-08-18T10:00:00+05:30
gav_52185943,gid_10c6db95,2026-09-26,1,1,1.25,2026-08-18T10:00:00+05:30
gav_dba22f6a,gid_10c6db95,2026-09-27,0,0,1.35,2026-08-18T10:00:00+05:30
gav_911dbb84,gid_10c6db95,2026-09-28,0,0,1.1,2026-08-18T10:00:00+05:30
gav_d9c0a819,gid_10c6db95,2026-09-29,0,0,1,2026-08-18T10:00:00+05:30
gav_c7015836,gid_10c6db95,2026-09-30,1,2,1,2026-08-18T10:00:00+05:30
gav_758f68aa,gid_68fad42d,2026-09-01,1,2,1,2026-08-18T10:00:00+05:30
gav_d73ed798,gid_68fad42d,2026-09-02,0,0,1.1,2026-08-18T10:00:00+05:30
gav_a74fe1b1,gid_68fad42d,2026-09-03,1,1,1,2026-08-18T10:00:00+05:30
gav_8bc1f082,gid_68fad42d,2026-09-04,1,1,1,2026-08-18T10:00:00+05:30
gav_5f84b4bf,gid_68fad42d,2026-09-05,0,0,1.25,2026-08-18T10:00:00+05:30
gav_fb1af4a8,gid_68fad42d,2026-09-06,1,1,1.25,2026-08-18T10:00:00+05:30
gav_f93c667c,gid_68fad42d,2026-09-07,0,0,1.1,2026-08-18T10:00:00+05:30
gav_1f7db7c2,gid_68fad42d,2026-09-08,1,2,1,2026-08-18T10:00:00+05:30
gav_139dc44d,gid_68fad42d,2026-09-09,1,1,1.1,2026-08-18T10:00:00+05:30
gav_24515c8d,gid_68fad42d,2026-09-10,1,1,1,2026-08-18T10:00:00+05:30
gav_85e85986,gid_68fad42d,2026-09-11,1,1,1,2026-08-18T10:00:00+05:30
gav_5614f05f,gid_68fad42d,2026-09-12,1,2,1.25,2026-08-18T10:00:00+05:30
gav_c670249c,gid_68fad42d,2026-09-13,0,0,1.25,2026-08-18T10:00:00+05:30
gav_e283a7c6,gid_68fad42d,2026-09-14,1,2,1,2026-08-18T10:00:00+05:30
gav_7ce26495,gid_68fad42d,2026-09-15,1,2,1,2026-08-18T10:00:00+05:30
gav_de4958a3,gid_68fad42d,2026-09-16,0,0,1,2026-08-18T10:00:00+05:30
gav_e03df02c,gid_68fad42d,2026-09-17,0,0,1,2026-08-18T10:00:00+05:30
gav_7d271306,gid_68fad42d,2026-09-18,1,1,1,2026-08-18T10:00:00+05:30
gav_383cbfbc,gid_68fad42d,2026-09-19,1,1,1.25,2026-08-18T10:00:00+05:30
gav_867a04ee,gid_68fad42d,2026-09-20,1,1,1.35,2026-08-18T10:00:00+05:30
gav_ef172885,gid_68fad42d,2026-09-21,1,2,1,2026-08-18T10:00:00+05:30
gav_69e16a23,gid_68fad42d,2026-09-22,1,2,1,2026-08-18T10:00:00+05:30
gav_d402db9d,gid_68fad42d,2026-09-23,1,2,1.1,2026-08-18T10:00:00+05:30
gav_c6efe62b,gid_68fad42d,2026-09-24,1,2,1,2026-08-18T10:00:00+05:30
gav_4992846c,gid_68fad42d,2026-09-25,1,1,1,2026-08-18T10:00:00+05:30
gav_8c0e0111,gid_68fad42d,2026-09-26,0,0,1.25,2026-08-18T10:00:00+05:30
gav_83ac1f85,gid_68fad42d,2026-09-27,0,0,1.25,2026-08-18T10:00:00+05:30
gav_24b78f01,gid_68fad42d,2026-09-28,1,1,1,2026-08-18T10:00:00+05:30
gav_989d770e,gid_68fad42d,2026-09-29,1,2,1,2026-08-18T10:00:00+05:30
gav_c222d9e0,gid_68fad42d,2026-09-30,1,1,1,2026-08-18T10:00:00+05:30
gav_718b123b,gid_eed49295,2026-09-01,1,1,1,2026-08-18T10:00:00+05:30
gav_a59f3aa7,gid_eed49295,2026-09-02,1,2,1,2026-08-18T10:00:00+05:30
gav_d2261f02,gid_eed49295,2026-09-03,1,1,1,2026-08-18T10:00:00+05:30
gav_f5447b90,gid_eed49295,2026-09-04,1,2,1.1,2026-08-18T10:00:00+05:30
gav_ade15ae3,gid_eed49295,2026-09-05,0,0,1.35,2026-08-18T10:00:00+05:30
gav_98789c9a,gid_eed49295,2026-09-06,1,2,1.25,2026-08-18T10:00:00+05:30
gav_93a2e776,gid_eed49295,2026-09-07,1,1,1,2026-08-18T10:00:00+05:30
gav_1a850667,gid_eed49295,2026-09-08,1,2,1,2026-08-18T10:00:00+05:30
gav_54ef30ed,gid_eed49295,2026-09-09,1,2,1,2026-08-18T10:00:00+05:30
gav_e64f36da,gid_eed49295,2026-09-10,1,2,1,2026-08-18T10:00:00+05:30
gav_21905581,gid_eed49295,2026-09-11,1,1,1,2026-08-18T10:00:00+05:30
gav_67c2c725,gid_eed49295,2026-09-12,1,2,1.35,2026-08-18T10:00:00+05:30
gav_7aa46895,gid_eed49295,2026-09-13,0,0,1.25,2026-08-18T10:00:00+05:30
gav_a567be76,gid_eed49295,2026-09-14,1,2,1,2026-08-18T10:00:00+05:30
gav_81b9220e,gid_eed49295,2026-09-15,1,1,1,2026-08-18T10:00:00+05:30
gav_1fdbf31d,gid_eed49295,2026-09-16,0,0,1,2026-08-18T10:00:00+05:30
gav_cd0c21a7,gid_eed49295,2026-09-17,1,2,1,2026-08-18T10:00:00+05:30
gav_c8e8a6ed,gid_eed49295,2026-09-18,1,1,1,2026-08-18T10:00:00+05:30
gav_d9a8585b,gid_eed49295,2026-09-19,1,2,1.25,2026-08-18T10:00:00+05:30
gav_64b8044c,gid_eed49295,2026-09-20,0,0,1.25,2026-08-18T10:00:00+05:30
gav_a4a551f2,gid_eed49295,2026-09-21,0,0,1,2026-08-18T10:00:00+05:30
gav_db0121ff,gid_eed49295,2026-09-22,1,1,1,2026-08-18T10:00:00+05:30
gav_5b169243,gid_eed49295,2026-09-23,1,2,1,2026-08-18T10:00:00+05:30
gav_6d9808d7,gid_eed49295,2026-09-24,1,2,1,2026-08-18T10:00:00+05:30
gav_20dc2e4f,gid_eed49295,2026-09-25,1,2,1.1,2026-08-18T10:00:00+05:30
gav_b28663a1,gid_eed49295,2026-09-26,1,1,1.25,2026-08-18T10:00:00+05:30
gav_fa8ee2fc,gid_eed49295,2026-09-27,1,1,1.25,2026-08-18T10:00:00+05:30
gav_40e0de11,gid_eed49295,2026-09-28,0,0,1,2026-08-18T10:00:00+05:30
gav_6149e573,gid_eed49295,2026-09-29,1,2,1,2026-08-18T10:00:00+05:30
gav_aa6026d2,gid_eed49295,2026-09-30,1,2,1,2026-08-18T10:00:00+05:30
gav_19237eb9,gid_c6d8fd49,2026-09-01,1,2,1,2026-08-18T10:00:00+05:30
gav_825e99e9,gid_c6d8fd49,2026-09-02,1,2,1.1,2026-08-18T10:00:00+05:30
gav_6fe9f32b,gid_c6d8fd49,2026-09-03,0,0,1.1,2026-08-18T10:00:00+05:30
gav_847de8b3,gid_c6d8fd49,2026-09-04,1,2,1,2026-08-18T10:00:00+05:30
gav_8d30b828,gid_c6d8fd49,2026-09-05,0,0,1.35,2026-08-18T10:00:00+05:30
gav_67caa27e,gid_c6d8fd49,2026-09-06,1,2,1.35,2026-08-18T10:00:00+05:30
gav_d0e0ba2d,gid_c6d8fd49,2026-09-07,0,0,1.1,2026-08-18T10:00:00+05:30
gav_ba12518f,gid_c6d8fd49,2026-09-08,1,1,1,2026-08-18T10:00:00+05:30
gav_94d934ab,gid_c6d8fd49,2026-09-09,1,1,1.1,2026-08-18T10:00:00+05:30
gav_3c83a030,gid_c6d8fd49,2026-09-10,1,2,1,2026-08-18T10:00:00+05:30
gav_b610b19f,gid_c6d8fd49,2026-09-11,1,2,1.1,2026-08-18T10:00:00+05:30
gav_39ac1e93,gid_c6d8fd49,2026-09-12,1,2,1.25,2026-08-18T10:00:00+05:30
gav_59ce3877,gid_c6d8fd49,2026-09-13,1,2,1.25,2026-08-18T10:00:00+05:30
gav_b383cba2,gid_c6d8fd49,2026-09-14,1,2,1,2026-08-18T10:00:00+05:30
gav_b8fb0148,gid_c6d8fd49,2026-09-15,0,0,1,2026-08-18T10:00:00+05:30
gav_d2677870,gid_c6d8fd49,2026-09-16,0,0,1,2026-08-18T10:00:00+05:30
gav_29206682,gid_c6d8fd49,2026-09-17,1,2,1.1,2026-08-18T10:00:00+05:30
gav_32fe1c30,gid_c6d8fd49,2026-09-18,1,1,1,2026-08-18T10:00:00+05:30
gav_2a041857,gid_c6d8fd49,2026-09-19,1,1,1.35,2026-08-18T10:00:00+05:30
gav_acf5fda7,gid_c6d8fd49,2026-09-20,1,2,1.25,2026-08-18T10:00:00+05:30
gav_54fcaa9e,gid_c6d8fd49,2026-09-21,1,1,1,2026-08-18T10:00:00+05:30
gav_cd81759b,gid_c6d8fd49,2026-09-22,1,1,1,2026-08-18T10:00:00+05:30
gav_ea4bf54f,gid_c6d8fd49,2026-09-23,1,1,1.1,2026-08-18T10:00:00+05:30
gav_5031e136,gid_c6d8fd49,2026-09-24,1,1,1.1,2026-08-18T10:00:00+05:30
gav_1338ad2d,gid_c6d8fd49,2026-09-25,0,0,1,2026-08-18T10:00:00+05:30
gav_d20e42b0,gid_c6d8fd49,2026-09-26,1,2,1.25,2026-08-18T10:00:00+05:30
gav_be455c73,gid_c6d8fd49,2026-09-27,1,1,1.25,2026-08-18T10:00:00+05:30
gav_bfe6cee3,gid_c6d8fd49,2026-09-28,1,2,1,2026-08-18T10:00:00+05:30
gav_86fa967a,gid_c6d8fd49,2026-09-29,1,1,1,2026-08-18T10:00:00+05:30
gav_3fdfa83e,gid_c6d8fd49,2026-09-30,1,1,1.1,2026-08-18T10:00:00+05:30
gav_69a24554,gid_9929fca0,2026-09-01,1,1,1,2026-08-18T10:00:00+05:30
gav_e0cd0315,gid_9929fca0,2026-09-02,1,1,1,2026-08-18T10:00:00+05:30
gav_da5ec86c,gid_9929fca0,2026-09-03,1,2,1,2026-08-18T10:00:00+05:30
gav_acbcde59,gid_9929fca0,2026-09-04,0,0,1.1,2026-08-18T10:00:00+05:30
gav_8ae6fc13,gid_9929fca0,2026-09-05,1,2,1.35,2026-08-18T10:00:00+05:30
gav_d34b5a86,gid_9929fca0,2026-09-06,1,1,1.25,2026-08-18T10:00:00+05:30
gav_66c226a9,gid_9929fca0,2026-09-07,1,2,1.1,2026-08-18T10:00:00+05:30
gav_f9f95ee7,gid_9929fca0,2026-09-08,1,1,1.1,2026-08-18T10:00:00+05:30
gav_21b44167,gid_9929fca0,2026-09-09,1,2,1,2026-08-18T10:00:00+05:30
gav_a4297927,gid_9929fca0,2026-09-10,1,1,1,2026-08-18T10:00:00+05:30
gav_d8f653ab,gid_9929fca0,2026-09-11,1,1,1,2026-08-18T10:00:00+05:30
gav_f5d95165,gid_9929fca0,2026-09-12,1,1,1.35,2026-08-18T10:00:00+05:30
gav_ae45d291,gid_9929fca0,2026-09-13,1,2,1.25,2026-08-18T10:00:00+05:30
gav_552fb5b3,gid_9929fca0,2026-09-14,0,0,1.1,2026-08-18T10:00:00+05:30
gav_86c205de,gid_9929fca0,2026-09-15,1,1,1.1,2026-08-18T10:00:00+05:30
gav_41e5eea3,gid_9929fca0,2026-09-16,1,1,1,2026-08-18T10:00:00+05:30
gav_a5239c8e,gid_9929fca0,2026-09-17,1,1,1,2026-08-18T10:00:00+05:30
gav_f76fee75,gid_9929fca0,2026-09-18,1,1,1.1,2026-08-18T10:00:00+05:30
gav_72400a80,gid_9929fca0,2026-09-19,1,1,1.25,2026-08-18T10:00:00+05:30
gav_a8f25c00,gid_9929fca0,2026-09-20,1,1,1.25,2026-08-18T10:00:00+05:30
gav_fe79930b,gid_9929fca0,2026-09-21,0,0,1,2026-08-18T10:00:00+05:30
gav_ff25b72a,gid_9929fca0,2026-09-22,0,0,1,2026-08-18T10:00:00+05:30
gav_4351e1c6,gid_9929fca0,2026-09-23,1,1,1,2026-08-18T10:00:00+05:30
gav_90a0bf01,gid_9929fca0,2026-09-24,1,1,1,2026-08-18T10:00:00+05:30
gav_c9f9a477,gid_9929fca0,2026-09-25,1,1,1,2026-08-18T10:00:00+05:30
gav_f70a7753,gid_9929fca0,2026-09-26,1,2,1.25,2026-08-18T10:00:00+05:30
gav_02343e39,gid_9929fca0,2026-09-27,1,2,1.25,2026-08-18T10:00:00+05:30
gav_ce195767,gid_9929fca0,2026-09-28,1,2,1,2026-08-18T10:00:00+05:30
gav_9baead5b,gid_9929fca0,2026-09-29,0,0,1,2026-08-18T10:00:00+05:30
gav_c6777764,gid_9929fca0,2026-09-30,1,1,1,2026-08-18T10:00:00+05:30
gav_15f16588,gid_e335fd98,2026-09-01,1,1,1,2026-08-18T10:00:00+05:30
gav_a2dbfa6b,gid_e335fd98,2026-09-02,0,0,1.1,2026-08-18T10:00:00+05:30
gav_b1605a4c,gid_e335fd98,2026-09-03,1,1,1,2026-08-18T10:00:00+05:30
gav_022b2b51,gid_e335fd98,2026-09-04,1,2,1.1,2026-08-18T10:00:00+05:30
gav_1760c6bf,gid_e335fd98,2026-09-05,1,2,1.25,2026-08-18T10:00:00+05:30
gav_0dc4e525,gid_e335fd98,2026-09-06,1,2,1.35,2026-08-18T10:00:00+05:30
gav_b106d647,gid_e335fd98,2026-09-07,1,2,1,2026-08-18T10:00:00+05:30
gav_fa91380d,gid_e335fd98,2026-09-08,0,0,1,2026-08-18T10:00:00+05:30
gav_8055f42e,gid_e335fd98,2026-09-09,1,2,1.1,2026-08-18T10:00:00+05:30
gav_ef0f7eb1,gid_e335fd98,2026-09-10,1,1,1,2026-08-18T10:00:00+05:30
gav_087d20fc,gid_e335fd98,2026-09-11,1,1,1,2026-08-18T10:00:00+05:30
gav_fb00d565,gid_e335fd98,2026-09-12,1,2,1.25,2026-08-18T10:00:00+05:30
gav_f607b6b1,gid_e335fd98,2026-09-13,1,1,1.25,2026-08-18T10:00:00+05:30
gav_bbd01ea3,gid_e335fd98,2026-09-14,0,0,1,2026-08-18T10:00:00+05:30
gav_64497fa5,gid_e335fd98,2026-09-15,1,1,1,2026-08-18T10:00:00+05:30
gav_b79041c1,gid_e335fd98,2026-09-16,0,0,1,2026-08-18T10:00:00+05:30
gav_0c17e6c8,gid_e335fd98,2026-09-17,1,1,1.1,2026-08-18T10:00:00+05:30
gav_851a1322,gid_e335fd98,2026-09-18,1,1,1.1,2026-08-18T10:00:00+05:30
gav_97599e31,gid_e335fd98,2026-09-19,0,0,1.25,2026-08-18T10:00:00+05:30
gav_96995040,gid_e335fd98,2026-09-20,1,2,1.35,2026-08-18T10:00:00+05:30
gav_7873b77a,gid_e335fd98,2026-09-21,1,1,1.1,2026-08-18T10:00:00+05:30
gav_71c59e38,gid_e335fd98,2026-09-22,1,1,1,2026-08-18T10:00:00+05:30
gav_3ae90803,gid_e335fd98,2026-09-23,1,1,1,2026-08-18T10:00:00+05:30
gav_720ea1ad,gid_e335fd98,2026-09-24,0,0,1.1,2026-08-18T10:00:00+05:30
gav_149324a5,gid_e335fd98,2026-09-25,0,0,1.1,2026-08-18T10:00:00+05:30
gav_4b7ff341,gid_e335fd98,2026-09-26,0,0,1.25,2026-08-18T10:00:00+05:30
gav_03605d18,gid_e335fd98,2026-09-27,1,2,1.25,2026-08-18T10:00:00+05:30
gav_db5e28eb,gid_e335fd98,2026-09-28,0,0,1,2026-08-18T10:00:00+05:30
gav_e8eb26b5,gid_e335fd98,2026-09-29,0,0,1,2026-08-18T10:00:00+05:30
gav_fbd58615,gid_e335fd98,2026-09-30,1,2,1.1,2026-08-18T10:00:00+05:30
gav_116653c2,gid_91d62805,2026-09-01,1,1,1.1,2026-08-18T10:00:00+05:30
gav_824805a4,gid_91d62805,2026-09-02,0,0,1,2026-08-18T10:00:00+05:30
gav_89cae0fe,gid_91d62805,2026-09-03,0,0,1,2026-08-18T10:00:00+05:30
gav_3c15eb97,gid_91d62805,2026-09-04,1,2,1,2026-08-18T10:00:00+05:30
gav_bdc5d5fb,gid_91d62805,2026-09-05,1,1,1.25,2026-08-18T10:00:00+05:30
gav_11a3901f,gid_91d62805,2026-09-06,0,0,1.25,2026-08-18T10:00:00+05:30
gav_fd763c18,gid_91d62805,2026-09-07,1,2,1.1,2026-08-18T10:00:00+05:30
gav_ffcd3e24,gid_91d62805,2026-09-08,0,0,1,2026-08-18T10:00:00+05:30
gav_f634183f,gid_91d62805,2026-09-09,1,1,1.1,2026-08-18T10:00:00+05:30
gav_00ff17bf,gid_91d62805,2026-09-10,1,1,1,2026-08-18T10:00:00+05:30
gav_bc18b1f6,gid_91d62805,2026-09-11,0,0,1,2026-08-18T10:00:00+05:30
gav_5eaffd68,gid_91d62805,2026-09-12,0,0,1.35,2026-08-18T10:00:00+05:30
gav_80ce62ac,gid_91d62805,2026-09-13,0,0,1.25,2026-08-18T10:00:00+05:30
gav_a9b795d9,gid_91d62805,2026-09-14,1,1,1,2026-08-18T10:00:00+05:30
gav_f72602ed,gid_91d62805,2026-09-15,1,1,1,2026-08-18T10:00:00+05:30
gav_887a7fb0,gid_91d62805,2026-09-16,1,2,1.1,2026-08-18T10:00:00+05:30
gav_9639ed97,gid_91d62805,2026-09-17,0,0,1,2026-08-18T10:00:00+05:30
gav_0124da95,gid_91d62805,2026-09-18,0,0,1.1,2026-08-18T10:00:00+05:30
gav_bfb2094e,gid_91d62805,2026-09-19,0,0,1.25,2026-08-18T10:00:00+05:30
gav_3981c093,gid_91d62805,2026-09-20,0,0,1.25,2026-08-18T10:00:00+05:30
gav_4e8e3b2a,gid_91d62805,2026-09-21,1,2,1.1,2026-08-18T10:00:00+05:30
gav_52989811,gid_91d62805,2026-09-22,1,1,1,2026-08-18T10:00:00+05:30
gav_4603d1ba,gid_91d62805,2026-09-23,1,2,1.1,2026-08-18T10:00:00+05:30
gav_7b27b038,gid_91d62805,2026-09-24,1,2,1,2026-08-18T10:00:00+05:30
gav_96e14152,gid_91d62805,2026-09-25,1,2,1,2026-08-18T10:00:00+05:30
gav_b59e7b62,gid_91d62805,2026-09-26,1,2,1.35,2026-08-18T10:00:00+05:30
gav_05af19cd,gid_91d62805,2026-09-27,1,2,1.25,2026-08-18T10:00:00+05:30
gav_a8d754ca,gid_91d62805,2026-09-28,1,1,1,2026-08-18T10:00:00+05:30
gav_e53c64df,gid_91d62805,2026-09-29,0,0,1,2026-08-18T10:00:00+05:30
gav_a0635a73,gid_91d62805,2026-09-30,1,2,1,2026-08-18T10:00:00+05:30
gav_1e84f0a3,gid_fdf2ed46,2026-09-01,1,2,1,2026-08-18T10:00:00+05:30
gav_b311222d,gid_fdf2ed46,2026-09-02,0,0,1.1,2026-08-18T10:00:00+05:30
gav_bf5979be,gid_fdf2ed46,2026-09-03,1,1,1.1,2026-08-18T10:00:00+05:30
gav_2c31feaa,gid_fdf2ed46,2026-09-04,1,1,1,2026-08-18T10:00:00+05:30
gav_b0ff3ad1,gid_fdf2ed46,2026-09-05,1,2,1.35,2026-08-18T10:00:00+05:30
gav_3f278e3f,gid_fdf2ed46,2026-09-06,1,1,1.25,2026-08-18T10:00:00+05:30
gav_454eca58,gid_fdf2ed46,2026-09-07,1,1,1.1,2026-08-18T10:00:00+05:30
gav_9456fe06,gid_fdf2ed46,2026-09-08,1,1,1,2026-08-18T10:00:00+05:30
gav_446838a8,gid_fdf2ed46,2026-09-09,0,0,1,2026-08-18T10:00:00+05:30
gav_1c19262a,gid_fdf2ed46,2026-09-10,0,0,1,2026-08-18T10:00:00+05:30
gav_2a0cb3eb,gid_fdf2ed46,2026-09-11,1,1,1.1,2026-08-18T10:00:00+05:30
gav_55e981a1,gid_fdf2ed46,2026-09-12,1,2,1.35,2026-08-18T10:00:00+05:30
gav_aa780dc8,gid_fdf2ed46,2026-09-13,0,0,1.25,2026-08-18T10:00:00+05:30
gav_c349d6f7,gid_fdf2ed46,2026-09-14,0,0,1,2026-08-18T10:00:00+05:30
gav_e9c1699a,gid_fdf2ed46,2026-09-15,1,2,1,2026-08-18T10:00:00+05:30
gav_16ecf03b,gid_fdf2ed46,2026-09-16,0,0,1.1,2026-08-18T10:00:00+05:30
gav_cdaaedde,gid_fdf2ed46,2026-09-17,1,2,1.1,2026-08-18T10:00:00+05:30
gav_5b2d0aa5,gid_fdf2ed46,2026-09-18,1,1,1,2026-08-18T10:00:00+05:30
gav_00cd309d,gid_fdf2ed46,2026-09-19,1,1,1.25,2026-08-18T10:00:00+05:30
gav_264c7ecd,gid_fdf2ed46,2026-09-20,1,2,1.25,2026-08-18T10:00:00+05:30
gav_2f7eea2d,gid_fdf2ed46,2026-09-21,1,1,1,2026-08-18T10:00:00+05:30
gav_787b921a,gid_fdf2ed46,2026-09-22,1,1,1,2026-08-18T10:00:00+05:30
gav_d775f8ef,gid_fdf2ed46,2026-09-23,0,0,1.1,2026-08-18T10:00:00+05:30
gav_154e473f,gid_fdf2ed46,2026-09-24,1,1,1,2026-08-18T10:00:00+05:30
gav_d432e17a,gid_fdf2ed46,2026-09-25,1,2,1.1,2026-08-18T10:00:00+05:30
gav_c36e59d2,gid_fdf2ed46,2026-09-26,1,2,1.25,2026-08-18T10:00:00+05:30
gav_f60a20c6,gid_fdf2ed46,2026-09-27,1,2,1.35,2026-08-18T10:00:00+05:30
gav_9ad8e316,gid_fdf2ed46,2026-09-28,1,1,1,2026-08-18T10:00:00+05:30
gav_a071b0d2,gid_fdf2ed46,2026-09-29,1,2,1,2026-08-18T10:00:00+05:30
gav_b8a379be,gid_fdf2ed46,2026-09-30,1,2,1,2026-08-18T10:00:00+05:30
gav_ea7ad1ae,gid_ff619971,2026-09-01,0,0,1,2026-08-18T10:00:00+05:30
gav_5735385a,gid_ff619971,2026-09-02,0,0,1.1,2026-08-18T10:00:00+05:30
gav_6e9cf703,gid_ff619971,2026-09-03,0,0,1.1,2026-08-18T10:00:00+05:30
gav_d070c793,gid_ff619971,2026-09-04,1,2,1.1,2026-08-18T10:00:00+05:30
gav_d6c1b6ef,gid_ff619971,2026-09-05,0,0,1.35,2026-08-18T10:00:00+05:30
gav_59383931,gid_ff619971,2026-09-06,1,2,1.25,2026-08-18T10:00:00+05:30
gav_fc8e4ed8,gid_ff619971,2026-09-07,0,0,1,2026-08-18T10:00:00+05:30
gav_0ff22bc9,gid_ff619971,2026-09-08,1,2,1,2026-08-18T10:00:00+05:30
gav_0381a8b4,gid_ff619971,2026-09-09,1,1,1,2026-08-18T10:00:00+05:30
gav_f492c938,gid_ff619971,2026-09-10,0,0,1,2026-08-18T10:00:00+05:30
gav_64ae3989,gid_ff619971,2026-09-11,1,2,1,2026-08-18T10:00:00+05:30
gav_ed3e0fc5,gid_ff619971,2026-09-12,1,2,1.25,2026-08-18T10:00:00+05:30
gav_6899297a,gid_ff619971,2026-09-13,1,2,1.25,2026-08-18T10:00:00+05:30
gav_f5f1e939,gid_ff619971,2026-09-14,0,0,1.1,2026-08-18T10:00:00+05:30
gav_43a834f5,gid_ff619971,2026-09-15,0,0,1.1,2026-08-18T10:00:00+05:30
gav_6a0a90cf,gid_ff619971,2026-09-16,1,1,1,2026-08-18T10:00:00+05:30
gav_23fc3ecf,gid_ff619971,2026-09-17,1,2,1,2026-08-18T10:00:00+05:30
gav_720169f2,gid_ff619971,2026-09-18,0,0,1.1,2026-08-18T10:00:00+05:30
gav_9f99108e,gid_ff619971,2026-09-19,1,1,1.25,2026-08-18T10:00:00+05:30
gav_fc8ad69f,gid_ff619971,2026-09-20,1,2,1.25,2026-08-18T10:00:00+05:30
gav_7906d31a,gid_ff619971,2026-09-21,1,1,1.1,2026-08-18T10:00:00+05:30
gav_b4016576,gid_ff619971,2026-09-22,1,1,1,2026-08-18T10:00:00+05:30
gav_9639f291,gid_ff619971,2026-09-23,1,2,1,2026-08-18T10:00:00+05:30
gav_e6ddf4c5,gid_ff619971,2026-09-24,1,1,1,2026-08-18T10:00:00+05:30
gav_efe1e90d,gid_ff619971,2026-09-25,1,1,1.1,2026-08-18T10:00:00+05:30
gav_e9739686,gid_ff619971,2026-09-26,0,0,1.25,2026-08-18T10:00:00+05:30
gav_4a1b9e4f,gid_ff619971,2026-09-27,1,1,1.25,2026-08-18T10:00:00+05:30
gav_406fc077,gid_ff619971,2026-09-28,1,1,1,2026-08-18T10:00:00+05:30
gav_00af38eb,gid_ff619971,2026-09-29,0,0,1,2026-08-18T10:00:00+05:30
gav_509b6c6a,gid_ff619971,2026-09-30,1,2,1,2026-08-18T10:00:00+05:30
gav_e3d99096,gid_d54a5c93,2026-09-01,1,2,1.1,2026-08-18T10:00:00+05:30
gav_d08f3b4b,gid_d54a5c93,2026-09-02,1,2,1,2026-08-18T10:00:00+05:30
gav_95885b25,gid_d54a5c93,2026-09-03,1,1,1.1,2026-08-18T10:00:00+05:30
gav_26d50201,gid_d54a5c93,2026-09-04,1,2,1.1,2026-08-18T10:00:00+05:30
gav_06bb1d06,gid_d54a5c93,2026-09-05,1,1,1.25,2026-08-18T10:00:00+05:30
gav_89c0a3bb,gid_d54a5c93,2026-09-06,1,2,1.25,2026-08-18T10:00:00+05:30
gav_459bfd53,gid_d54a5c93,2026-09-07,0,0,1.1,2026-08-18T10:00:00+05:30
gav_a24e0808,gid_d54a5c93,2026-09-08,1,2,1,2026-08-18T10:00:00+05:30
gav_172734d2,gid_d54a5c93,2026-09-09,0,0,1,2026-08-18T10:00:00+05:30
gav_9f77525b,gid_d54a5c93,2026-09-10,1,2,1.1,2026-08-18T10:00:00+05:30
gav_38873574,gid_d54a5c93,2026-09-11,1,1,1,2026-08-18T10:00:00+05:30
gav_505c246d,gid_d54a5c93,2026-09-12,1,1,1.25,2026-08-18T10:00:00+05:30
gav_fceef7ab,gid_d54a5c93,2026-09-13,1,2,1.25,2026-08-18T10:00:00+05:30
gav_67110791,gid_d54a5c93,2026-09-14,1,1,1,2026-08-18T10:00:00+05:30
gav_ec626939,gid_d54a5c93,2026-09-15,1,2,1.1,2026-08-18T10:00:00+05:30
gav_8d6583f0,gid_d54a5c93,2026-09-16,1,2,1.1,2026-08-18T10:00:00+05:30
gav_69842412,gid_d54a5c93,2026-09-17,0,0,1,2026-08-18T10:00:00+05:30
gav_d7cc445c,gid_d54a5c93,2026-09-18,1,2,1,2026-08-18T10:00:00+05:30
gav_4b5f52f1,gid_d54a5c93,2026-09-19,0,0,1.35,2026-08-18T10:00:00+05:30
gav_52df0d31,gid_d54a5c93,2026-09-20,0,0,1.35,2026-08-18T10:00:00+05:30
gav_d32dacfd,gid_d54a5c93,2026-09-21,1,1,1,2026-08-18T10:00:00+05:30
gav_3e6b9c41,gid_d54a5c93,2026-09-22,0,0,1,2026-08-18T10:00:00+05:30
gav_883f09e6,gid_d54a5c93,2026-09-23,0,0,1.1,2026-08-18T10:00:00+05:30
gav_1d97d5e0,gid_d54a5c93,2026-09-24,1,1,1,2026-08-18T10:00:00+05:30
gav_1ab3599b,gid_d54a5c93,2026-09-25,0,0,1,2026-08-18T10:00:00+05:30
gav_7f11b90e,gid_d54a5c93,2026-09-26,1,1,1.25,2026-08-18T10:00:00+05:30
gav_ad68b5f6,gid_d54a5c93,2026-09-27,1,2,1.35,2026-08-18T10:00:00+05:30
gav_fd741e94,gid_d54a5c93,2026-09-28,1,1,1.1,2026-08-18T10:00:00+05:30
gav_4f097a95,gid_d54a5c93,2026-09-29,1,2,1,2026-08-18T10:00:00+05:30
gav_626962ee,gid_d54a5c93,2026-09-30,1,1,1,2026-08-18T10:00:00+05:30
gav_6054cf3a,gid_c4fcff37,2026-09-01,1,1,1,2026-08-18T10:00:00+05:30
gav_f2fda70c,gid_c4fcff37,2026-09-02,1,2,1,2026-08-18T10:00:00+05:30
gav_0eefa427,gid_c4fcff37,2026-09-03,0,0,1,2026-08-18T10:00:00+05:30
gav_400d0a37,gid_c4fcff37,2026-09-04,1,1,1,2026-08-18T10:00:00+05:30
gav_f6b6b8d0,gid_c4fcff37,2026-09-05,1,1,1.35,2026-08-18T10:00:00+05:30
gav_fdfca1d4,gid_c4fcff37,2026-09-06,1,1,1.25,2026-08-18T10:00:00+05:30
gav_25fb5906,gid_c4fcff37,2026-09-07,0,0,1.1,2026-08-18T10:00:00+05:30
gav_ec172629,gid_c4fcff37,2026-09-08,1,1,1,2026-08-18T10:00:00+05:30
gav_ccb57e3c,gid_c4fcff37,2026-09-09,1,1,1.1,2026-08-18T10:00:00+05:30
gav_30b27677,gid_c4fcff37,2026-09-10,0,0,1.1,2026-08-18T10:00:00+05:30
gav_e7ee95bf,gid_c4fcff37,2026-09-11,1,2,1,2026-08-18T10:00:00+05:30
gav_1d215259,gid_c4fcff37,2026-09-12,1,2,1.35,2026-08-18T10:00:00+05:30
gav_0544ffc5,gid_c4fcff37,2026-09-13,1,1,1.25,2026-08-18T10:00:00+05:30
gav_94f34a6b,gid_c4fcff37,2026-09-14,1,1,1.1,2026-08-18T10:00:00+05:30
gav_82160ac4,gid_c4fcff37,2026-09-15,1,2,1,2026-08-18T10:00:00+05:30
gav_c5b4e1de,gid_c4fcff37,2026-09-16,1,2,1,2026-08-18T10:00:00+05:30
gav_dda025e2,gid_c4fcff37,2026-09-17,1,1,1,2026-08-18T10:00:00+05:30
gav_ab815a62,gid_c4fcff37,2026-09-18,0,0,1,2026-08-18T10:00:00+05:30
gav_9b7240f6,gid_c4fcff37,2026-09-19,0,0,1.25,2026-08-18T10:00:00+05:30
gav_a7a86291,gid_c4fcff37,2026-09-20,1,1,1.25,2026-08-18T10:00:00+05:30
gav_02cc4150,gid_c4fcff37,2026-09-21,0,0,1,2026-08-18T10:00:00+05:30
gav_fdca2e82,gid_c4fcff37,2026-09-22,1,1,1,2026-08-18T10:00:00+05:30
gav_f93ef0cf,gid_c4fcff37,2026-09-23,1,1,1,2026-08-18T10:00:00+05:30
gav_42f78498,gid_c4fcff37,2026-09-24,1,2,1,2026-08-18T10:00:00+05:30
gav_879b3802,gid_c4fcff37,2026-09-25,1,2,1,2026-08-18T10:00:00+05:30
gav_a35d7e42,gid_c4fcff37,2026-09-26,0,0,1.25,2026-08-18T10:00:00+05:30
gav_5cb35125,gid_c4fcff37,2026-09-27,1,1,1.25,2026-08-18T10:00:00+05:30
gav_c2389ebb,gid_c4fcff37,2026-09-28,1,1,1,2026-08-18T10:00:00+05:30
gav_330d3cd7,gid_c4fcff37,2026-09-29,1,1,1,2026-08-18T10:00:00+05:30
gav_110cdb66,gid_c4fcff37,2026-09-30,1,1,1,2026-08-18T10:00:00+05:30
gav_4bae4703,gid_2bacd3ed,2026-09-01,0,0,1,2026-08-18T10:00:00+05:30
gav_32672995,gid_2bacd3ed,2026-09-02,1,1,1.1,2026-08-18T10:00:00+05:30
gav_79be633a,gid_2bacd3ed,2026-09-03,1,1,1,2026-08-18T10:00:00+05:30
gav_637e0be4,gid_2bacd3ed,2026-09-04,0,0,1.1,2026-08-18T10:00:00+05:30
gav_e75689dd,gid_2bacd3ed,2026-09-05,1,2,1.25,2026-08-18T10:00:00+05:30
gav_e0ba9df4,gid_2bacd3ed,2026-09-06,1,1,1.25,2026-08-18T10:00:00+05:30
gav_bd0dfb33,gid_2bacd3ed,2026-09-07,1,1,1.1,2026-08-18T10:00:00+05:30
gav_63122923,gid_2bacd3ed,2026-09-08,1,2,1,2026-08-18T10:00:00+05:30
gav_1053aa09,gid_2bacd3ed,2026-09-09,1,1,1,2026-08-18T10:00:00+05:30
gav_4bdf845d,gid_2bacd3ed,2026-09-10,1,1,1,2026-08-18T10:00:00+05:30
gav_906234e3,gid_2bacd3ed,2026-09-11,1,1,1.1,2026-08-18T10:00:00+05:30
gav_42d14e7b,gid_2bacd3ed,2026-09-12,1,2,1.25,2026-08-18T10:00:00+05:30
gav_66df6dc9,gid_2bacd3ed,2026-09-13,0,0,1.25,2026-08-18T10:00:00+05:30
gav_885f4304,gid_2bacd3ed,2026-09-14,0,0,1.1,2026-08-18T10:00:00+05:30
gav_c80db6c2,gid_2bacd3ed,2026-09-15,0,0,1,2026-08-18T10:00:00+05:30
gav_32acb1fb,gid_2bacd3ed,2026-09-16,1,2,1,2026-08-18T10:00:00+05:30
gav_56cbf4b8,gid_2bacd3ed,2026-09-17,1,1,1.1,2026-08-18T10:00:00+05:30
gav_fccbe2bb,gid_2bacd3ed,2026-09-18,1,2,1,2026-08-18T10:00:00+05:30
gav_5b27fe02,gid_2bacd3ed,2026-09-19,1,1,1.25,2026-08-18T10:00:00+05:30
gav_3235376b,gid_2bacd3ed,2026-09-20,1,2,1.35,2026-08-18T10:00:00+05:30
gav_5ecfd665,gid_2bacd3ed,2026-09-21,1,2,1,2026-08-18T10:00:00+05:30
gav_9b04f9f3,gid_2bacd3ed,2026-09-22,0,0,1,2026-08-18T10:00:00+05:30
gav_1b47b3e7,gid_2bacd3ed,2026-09-23,1,2,1,2026-08-18T10:00:00+05:30
gav_014538df,gid_2bacd3ed,2026-09-24,1,1,1.1,2026-08-18T10:00:00+05:30
gav_873e55ce,gid_2bacd3ed,2026-09-25,1,1,1.1,2026-08-18T10:00:00+05:30
gav_ce5a9172,gid_2bacd3ed,2026-09-26,1,1,1.25,2026-08-18T10:00:00+05:30
gav_83f3f1cb,gid_2bacd3ed,2026-09-27,1,1,1.25,2026-08-18T10:00:00+05:30
gav_42225147,gid_2bacd3ed,2026-09-28,0,0,1,2026-08-18T10:00:00+05:30
gav_6ac34c63,gid_2bacd3ed,2026-09-29,1,1,1,2026-08-18T10:00:00+05:30
gav_a21b07d9,gid_2bacd3ed,2026-09-30,1,1,1,2026-08-18T10:00:00+05:30
gav_1e26975d,gid_df3b65c4,2026-09-01,0,0,1,2026-08-18T10:00:00+05:30
gav_f2cc223b,gid_df3b65c4,2026-09-02,1,2,1.1,2026-08-18T10:00:00+05:30
gav_225512c0,gid_df3b65c4,2026-09-03,0,0,1,2026-08-18T10:00:00+05:30
gav_59601ee0,gid_df3b65c4,2026-09-04,0,0,1.1,2026-08-18T10:00:00+05:30
gav_80f53fb5,gid_df3b65c4,2026-09-05,1,2,1.35,2026-08-18T10:00:00+05:30
gav_d926108e,gid_df3b65c4,2026-09-06,0,0,1.35,2026-08-18T10:00:00+05:30
gav_a5a6e59d,gid_df3b65c4,2026-09-07,1,2,1.1,2026-08-18T10:00:00+05:30
gav_9ef026c5,gid_df3b65c4,2026-09-08,0,0,1.1,2026-08-18T10:00:00+05:30
gav_1b7eea85,gid_df3b65c4,2026-09-09,0,0,1.1,2026-08-18T10:00:00+05:30
gav_12bbf11e,gid_df3b65c4,2026-09-10,0,0,1,2026-08-18T10:00:00+05:30
gav_ab29ea8d,gid_df3b65c4,2026-09-11,0,0,1,2026-08-18T10:00:00+05:30
gav_27a5c547,gid_df3b65c4,2026-09-12,1,1,1.35,2026-08-18T10:00:00+05:30
gav_c33d4939,gid_df3b65c4,2026-09-13,1,1,1.25,2026-08-18T10:00:00+05:30
gav_b4abfa34,gid_df3b65c4,2026-09-14,1,2,1,2026-08-18T10:00:00+05:30
gav_87e650b9,gid_df3b65c4,2026-09-15,0,0,1,2026-08-18T10:00:00+05:30
gav_d1546d7d,gid_df3b65c4,2026-09-16,1,2,1.1,2026-08-18T10:00:00+05:30
gav_17d79c79,gid_df3b65c4,2026-09-17,1,1,1,2026-08-18T10:00:00+05:30
gav_d5100f6a,gid_df3b65c4,2026-09-18,0,0,1,2026-08-18T10:00:00+05:30
gav_f024e271,gid_df3b65c4,2026-09-19,1,1,1.25,2026-08-18T10:00:00+05:30
gav_79d846c5,gid_df3b65c4,2026-09-20,1,1,1.25,2026-08-18T10:00:00+05:30
gav_5dbcf265,gid_df3b65c4,2026-09-21,1,2,1,2026-08-18T10:00:00+05:30
gav_4a60ee58,gid_df3b65c4,2026-09-22,1,1,1.1,2026-08-18T10:00:00+05:30
gav_4600d7dc,gid_df3b65c4,2026-09-23,1,2,1,2026-08-18T10:00:00+05:30
gav_ecf55af1,gid_df3b65c4,2026-09-24,1,1,1,2026-08-18T10:00:00+05:30
gav_bab2f27d,gid_df3b65c4,2026-09-25,0,0,1.1,2026-08-18T10:00:00+05:30
gav_cfca637f,gid_df3b65c4,2026-09-26,1,2,1.25,2026-08-18T10:00:00+05:30
gav_2013938b,gid_df3b65c4,2026-09-27,1,2,1.25,2026-08-18T10:00:00+05:30
gav_feb8e0c5,gid_df3b65c4,2026-09-28,1,2,1,2026-08-18T10:00:00+05:30
gav_50ab2e45,gid_df3b65c4,2026-09-29,1,2,1,2026-08-18T10:00:00+05:30
gav_24f97dc8,gid_df3b65c4,2026-09-30,1,2,1,2026-08-18T10:00:00+05:30
gav_6f03a044,gid_4e6336ea,2026-09-01,1,2,1,2026-08-18T10:00:00+05:30
gav_f8836490,gid_4e6336ea,2026-09-02,1,1,1.1,2026-08-18T10:00:00+05:30
gav_1f0915bd,gid_4e6336ea,2026-09-03,1,1,1,2026-08-18T10:00:00+05:30
gav_9468494a,gid_4e6336ea,2026-09-04,1,2,1.1,2026-08-18T10:00:00+05:30
gav_23e51c0e,gid_4e6336ea,2026-09-05,0,0,1.25,2026-08-18T10:00:00+05:30
gav_e69ad063,gid_4e6336ea,2026-09-06,1,1,1.35,2026-08-18T10:00:00+05:30
gav_fa918d71,gid_4e6336ea,2026-09-07,1,2,1.1,2026-08-18T10:00:00+05:30
gav_7740f18e,gid_4e6336ea,2026-09-08,0,0,1.1,2026-08-18T10:00:00+05:30
gav_f8422cc7,gid_4e6336ea,2026-09-09,1,2,1,2026-08-18T10:00:00+05:30
gav_8158010c,gid_4e6336ea,2026-09-10,1,2,1,2026-08-18T10:00:00+05:30
gav_4bffc431,gid_4e6336ea,2026-09-11,0,0,1,2026-08-18T10:00:00+05:30
gav_97d0382c,gid_4e6336ea,2026-09-12,1,1,1.25,2026-08-18T10:00:00+05:30
gav_dc685ae3,gid_4e6336ea,2026-09-13,1,1,1.25,2026-08-18T10:00:00+05:30
gav_a851d5a9,gid_4e6336ea,2026-09-14,0,0,1.1,2026-08-18T10:00:00+05:30
gav_7c197b50,gid_4e6336ea,2026-09-15,1,2,1.1,2026-08-18T10:00:00+05:30
gav_04ee1a7b,gid_4e6336ea,2026-09-16,1,2,1,2026-08-18T10:00:00+05:30
gav_d427ef71,gid_4e6336ea,2026-09-17,0,0,1,2026-08-18T10:00:00+05:30
gav_49a08338,gid_4e6336ea,2026-09-18,0,0,1.1,2026-08-18T10:00:00+05:30
gav_8af28a7a,gid_4e6336ea,2026-09-19,1,1,1.35,2026-08-18T10:00:00+05:30
gav_5ad08ff7,gid_4e6336ea,2026-09-20,1,2,1.25,2026-08-18T10:00:00+05:30
gav_97dc3bb8,gid_4e6336ea,2026-09-21,0,0,1,2026-08-18T10:00:00+05:30
gav_9e2003d9,gid_4e6336ea,2026-09-22,0,0,1,2026-08-18T10:00:00+05:30
gav_857c62e1,gid_4e6336ea,2026-09-23,1,2,1,2026-08-18T10:00:00+05:30
gav_8d8d49c5,gid_4e6336ea,2026-09-24,0,0,1,2026-08-18T10:00:00+05:30
gav_b301df98,gid_4e6336ea,2026-09-25,1,2,1,2026-08-18T10:00:00+05:30
gav_984e24bb,gid_4e6336ea,2026-09-26,1,1,1.35,2026-08-18T10:00:00+05:30
gav_7360cd71,gid_4e6336ea,2026-09-27,1,1,1.25,2026-08-18T10:00:00+05:30
gav_02b6cff9,gid_4e6336ea,2026-09-28,1,1,1.1,2026-08-18T10:00:00+05:30
gav_6b59237e,gid_4e6336ea,2026-09-29,1,2,1,2026-08-18T10:00:00+05:30
gav_da8d8d21,gid_4e6336ea,2026-09-30,0,0,1,2026-08-18T10:00:00+05:30
gav_737742c4,gid_14075036,2026-09-01,1,2,1.1,2026-08-18T10:00:00+05:30
gav_225d62a7,gid_14075036,2026-09-02,0,0,1.1,2026-08-18T10:00:00+05:30
gav_6f1f0218,gid_14075036,2026-09-03,1,2,1,2026-08-18T10:00:00+05:30
gav_11e09f9d,gid_14075036,2026-09-04,1,1,1,2026-08-18T10:00:00+05:30
gav_e7e71b13,gid_14075036,2026-09-05,0,0,1.25,2026-08-18T10:00:00+05:30
gav_b098ae0b,gid_14075036,2026-09-06,1,2,1.35,2026-08-18T10:00:00+05:30
gav_4224f39a,gid_14075036,2026-09-07,0,0,1.1,2026-08-18T10:00:00+05:30
gav_ecd4b8a0,gid_14075036,2026-09-08,0,0,1,2026-08-18T10:00:00+05:30
gav_416507cf,gid_14075036,2026-09-09,1,1,1,2026-08-18T10:00:00+05:30
gav_51ac3fd3,gid_14075036,2026-09-10,1,2,1,2026-08-18T10:00:00+05:30
gav_6cd3ec58,gid_14075036,2026-09-11,1,1,1,2026-08-18T10:00:00+05:30
gav_daec646b,gid_14075036,2026-09-12,1,2,1.35,2026-08-18T10:00:00+05:30
gav_6a109a33,gid_14075036,2026-09-13,1,2,1.35,2026-08-18T10:00:00+05:30
gav_b03ad423,gid_14075036,2026-09-14,1,2,1,2026-08-18T10:00:00+05:30
gav_70865ed8,gid_14075036,2026-09-15,1,2,1.1,2026-08-18T10:00:00+05:30
gav_15f8a64a,gid_14075036,2026-09-16,1,1,1,2026-08-18T10:00:00+05:30
gav_f10bbc8a,gid_14075036,2026-09-17,1,2,1,2026-08-18T10:00:00+05:30
gav_3374b952,gid_14075036,2026-09-18,1,1,1.1,2026-08-18T10:00:00+05:30
gav_47f51977,gid_14075036,2026-09-19,1,1,1.25,2026-08-18T10:00:00+05:30
gav_12c9d26c,gid_14075036,2026-09-20,1,1,1.25,2026-08-18T10:00:00+05:30
gav_2cf2e3c7,gid_14075036,2026-09-21,0,0,1.1,2026-08-18T10:00:00+05:30
gav_e120008b,gid_14075036,2026-09-22,0,0,1,2026-08-18T10:00:00+05:30
gav_b938f89b,gid_14075036,2026-09-23,0,0,1,2026-08-18T10:00:00+05:30
gav_2e69820e,gid_14075036,2026-09-24,1,2,1.1,2026-08-18T10:00:00+05:30
gav_5d651de9,gid_14075036,2026-09-25,0,0,1,2026-08-18T10:00:00+05:30
gav_1e27e273,gid_14075036,2026-09-26,1,2,1.25,2026-08-18T10:00:00+05:30
gav_5ff0c8a4,gid_14075036,2026-09-27,0,0,1.25,2026-08-18T10:00:00+05:30
gav_11e99649,gid_14075036,2026-09-28,1,2,1,2026-08-18T10:00:00+05:30
gav_94d44d74,gid_14075036,2026-09-29,0,0,1,2026-08-18T10:00:00+05:30
gav_c97ea196,gid_14075036,2026-09-30,1,1,1,2026-08-18T10:00:00+05:30
gav_890bda53,gid_2a2c1514,2026-09-01,0,0,1,2026-08-18T10:00:00+05:30
gav_3617ba1f,gid_2a2c1514,2026-09-02,1,2,1,2026-08-18T10:00:00+05:30
gav_5a21d92a,gid_2a2c1514,2026-09-03,1,2,1,2026-08-18T10:00:00+05:30
gav_48733b58,gid_2a2c1514,2026-09-04,1,2,1.1,2026-08-18T10:00:00+05:30
gav_9cd769b6,gid_2a2c1514,2026-09-05,1,2,1.25,2026-08-18T10:00:00+05:30
gav_e601d986,gid_2a2c1514,2026-09-06,1,2,1.35,2026-08-18T10:00:00+05:30
gav_23a8e202,gid_2a2c1514,2026-09-07,1,2,1,2026-08-18T10:00:00+05:30
gav_368ed4d1,gid_2a2c1514,2026-09-08,1,2,1,2026-08-18T10:00:00+05:30
gav_239ad596,gid_2a2c1514,2026-09-09,0,0,1,2026-08-18T10:00:00+05:30
gav_28fa5f2f,gid_2a2c1514,2026-09-10,1,2,1.1,2026-08-18T10:00:00+05:30
gav_de4bb344,gid_2a2c1514,2026-09-11,1,1,1.1,2026-08-18T10:00:00+05:30
gav_ec100abf,gid_2a2c1514,2026-09-12,1,2,1.25,2026-08-18T10:00:00+05:30
gav_94055eeb,gid_2a2c1514,2026-09-13,1,1,1.35,2026-08-18T10:00:00+05:30
gav_7078ae80,gid_2a2c1514,2026-09-14,0,0,1,2026-08-18T10:00:00+05:30
gav_336d7d4b,gid_2a2c1514,2026-09-15,1,1,1,2026-08-18T10:00:00+05:30
gav_1cf3e5c9,gid_2a2c1514,2026-09-16,1,2,1,2026-08-18T10:00:00+05:30
gav_c0cd7a6b,gid_2a2c1514,2026-09-17,1,2,1.1,2026-08-18T10:00:00+05:30
gav_121d46e4,gid_2a2c1514,2026-09-18,1,1,1,2026-08-18T10:00:00+05:30
gav_b9ce2b5f,gid_2a2c1514,2026-09-19,0,0,1.35,2026-08-18T10:00:00+05:30
gav_3275bdd7,gid_2a2c1514,2026-09-20,1,2,1.25,2026-08-18T10:00:00+05:30
gav_6e449ce1,gid_2a2c1514,2026-09-21,1,2,1,2026-08-18T10:00:00+05:30
gav_14f5673a,gid_2a2c1514,2026-09-22,1,1,1,2026-08-18T10:00:00+05:30
gav_55000128,gid_2a2c1514,2026-09-23,0,0,1,2026-08-18T10:00:00+05:30
gav_bfb44b0c,gid_2a2c1514,2026-09-24,0,0,1,2026-08-18T10:00:00+05:30
gav_dd7fd81a,gid_2a2c1514,2026-09-25,0,0,1.1,2026-08-18T10:00:00+05:30
gav_b8cd811e,gid_2a2c1514,2026-09-26,1,2,1.35,2026-08-18T10:00:00+05:30
gav_83b3a004,gid_2a2c1514,2026-09-27,1,2,1.25,2026-08-18T10:00:00+05:30
gav_5680510b,gid_2a2c1514,2026-09-28,1,2,1,2026-08-18T10:00:00+05:30
gav_1fde5097,gid_2a2c1514,2026-09-29,1,1,1.1,2026-08-18T10:00:00+05:30
gav_28c32f8e,gid_2a2c1514,2026-09-30,0,0,1,2026-08-18T10:00:00+05:30
gav_574548ad,gid_8f26bc6a,2026-09-01,1,2,1,2026-08-18T10:00:00+05:30
gav_dab6a97c,gid_8f26bc6a,2026-09-02,1,1,1,2026-08-18T10:00:00+05:30
gav_6177fc59,gid_8f26bc6a,2026-09-03,1,2,1.1,2026-08-18T10:00:00+05:30
gav_8aa6379f,gid_8f26bc6a,2026-09-04,1,1,1,2026-08-18T10:00:00+05:30
gav_ebe3d3f4,gid_8f26bc6a,2026-09-05,1,1,1.35,2026-08-18T10:00:00+05:30
gav_878ff244,gid_8f26bc6a,2026-09-06,1,2,1.25,2026-08-18T10:00:00+05:30
gav_198b497e,gid_8f26bc6a,2026-09-07,1,2,1,2026-08-18T10:00:00+05:30
gav_d6b37758,gid_8f26bc6a,2026-09-08,0,0,1.1,2026-08-18T10:00:00+05:30
gav_6633e69f,gid_8f26bc6a,2026-09-09,1,2,1.1,2026-08-18T10:00:00+05:30
gav_dac104ed,gid_8f26bc6a,2026-09-10,0,0,1,2026-08-18T10:00:00+05:30
gav_0a02887c,gid_8f26bc6a,2026-09-11,0,0,1.1,2026-08-18T10:00:00+05:30
gav_eea70982,gid_8f26bc6a,2026-09-12,1,1,1.25,2026-08-18T10:00:00+05:30
gav_ac053f00,gid_8f26bc6a,2026-09-13,0,0,1.25,2026-08-18T10:00:00+05:30
gav_1676c8ab,gid_8f26bc6a,2026-09-14,0,0,1,2026-08-18T10:00:00+05:30
gav_231f7c9d,gid_8f26bc6a,2026-09-15,1,1,1,2026-08-18T10:00:00+05:30
gav_6278004b,gid_8f26bc6a,2026-09-16,1,2,1,2026-08-18T10:00:00+05:30
gav_2682a905,gid_8f26bc6a,2026-09-17,1,2,1.1,2026-08-18T10:00:00+05:30
gav_1c2421c2,gid_8f26bc6a,2026-09-18,1,1,1,2026-08-18T10:00:00+05:30
gav_84f3848b,gid_8f26bc6a,2026-09-19,1,2,1.35,2026-08-18T10:00:00+05:30
gav_83abc938,gid_8f26bc6a,2026-09-20,0,0,1.25,2026-08-18T10:00:00+05:30
gav_0140e7e6,gid_8f26bc6a,2026-09-21,0,0,1,2026-08-18T10:00:00+05:30
gav_5b846b7d,gid_8f26bc6a,2026-09-22,1,1,1.1,2026-08-18T10:00:00+05:30
gav_22d2cfdc,gid_8f26bc6a,2026-09-23,0,0,1,2026-08-18T10:00:00+05:30
gav_04711900,gid_8f26bc6a,2026-09-24,0,0,1,2026-08-18T10:00:00+05:30
gav_134c08f0,gid_8f26bc6a,2026-09-25,1,2,1,2026-08-18T10:00:00+05:30
gav_f4058ca1,gid_8f26bc6a,2026-09-26,1,2,1.25,2026-08-18T10:00:00+05:30
gav_eec30f3d,gid_8f26bc6a,2026-09-27,0,0,1.25,2026-08-18T10:00:00+05:30
gav_c35b908b,gid_8f26bc6a,2026-09-28,1,2,1.1,2026-08-18T10:00:00+05:30
gav_15f7eec3,gid_8f26bc6a,2026-09-29,1,2,1,2026-08-18T10:00:00+05:30
gav_0f0af3fe,gid_8f26bc6a,2026-09-30,0,0,1,2026-08-18T10:00:00+05:30
gav_2eb08265,gid_1e58b052,2026-09-01,1,1,1,2026-08-18T10:00:00+05:30
gav_133d3aee,gid_1e58b052,2026-09-02,1,1,1,2026-08-18T10:00:00+05:30
gav_0533898f,gid_1e58b052,2026-09-03,1,1,1.1,2026-08-18T10:00:00+05:30
gav_caf072d1,gid_1e58b052,2026-09-04,1,1,1,2026-08-18T10:00:00+05:30
gav_e006f644,gid_1e58b052,2026-09-05,1,2,1.25,2026-08-18T10:00:00+05:30
gav_9ebfd92c,gid_1e58b052,2026-09-06,1,1,1.25,2026-08-18T10:00:00+05:30
gav_83ed23b3,gid_1e58b052,2026-09-07,1,2,1.1,2026-08-18T10:00:00+05:30
gav_e88f2b8c,gid_1e58b052,2026-09-08,0,0,1.1,2026-08-18T10:00:00+05:30
gav_badc644a,gid_1e58b052,2026-09-09,1,1,1,2026-08-18T10:00:00+05:30
gav_4be2d16f,gid_1e58b052,2026-09-10,0,0,1,2026-08-18T10:00:00+05:30
gav_6fc57d34,gid_1e58b052,2026-09-11,1,2,1.1,2026-08-18T10:00:00+05:30
gav_489e2a0b,gid_1e58b052,2026-09-12,0,0,1.25,2026-08-18T10:00:00+05:30
gav_59b26582,gid_1e58b052,2026-09-13,1,1,1.25,2026-08-18T10:00:00+05:30
gav_d955e88e,gid_1e58b052,2026-09-14,1,1,1.1,2026-08-18T10:00:00+05:30
gav_8b0b1c6f,gid_1e58b052,2026-09-15,1,2,1.1,2026-08-18T10:00:00+05:30
gav_3db3065c,gid_1e58b052,2026-09-16,1,1,1,2026-08-18T10:00:00+05:30
gav_d00f9da5,gid_1e58b052,2026-09-17,1,2,1,2026-08-18T10:00:00+05:30
gav_3710386b,gid_1e58b052,2026-09-18,0,0,1.1,2026-08-18T10:00:00+05:30
gav_2b007e43,gid_1e58b052,2026-09-19,1,1,1.35,2026-08-18T10:00:00+05:30
gav_92366dc7,gid_1e58b052,2026-09-20,0,0,1.25,2026-08-18T10:00:00+05:30
gav_fe10b0bc,gid_1e58b052,2026-09-21,1,2,1.1,2026-08-18T10:00:00+05:30
gav_051c438e,gid_1e58b052,2026-09-22,1,1,1,2026-08-18T10:00:00+05:30
gav_7ae65164,gid_1e58b052,2026-09-23,1,2,1.1,2026-08-18T10:00:00+05:30
gav_6947a598,gid_1e58b052,2026-09-24,1,2,1,2026-08-18T10:00:00+05:30
gav_a63b5da4,gid_1e58b052,2026-09-25,1,2,1,2026-08-18T10:00:00+05:30
gav_ccc5b129,gid_1e58b052,2026-09-26,0,0,1.25,2026-08-18T10:00:00+05:30
gav_f350143f,gid_1e58b052,2026-09-27,1,1,1.35,2026-08-18T10:00:00+05:30
gav_fe4350ca,gid_1e58b052,2026-09-28,0,0,1,2026-08-18T10:00:00+05:30
gav_7718e5c8,gid_1e58b052,2026-09-29,1,2,1.1,2026-08-18T10:00:00+05:30
gav_d6c5c50b,gid_1e58b052,2026-09-30,1,1,1,2026-08-18T10:00:00+05:30
gav_4af176f4,gid_3561d64b,2026-09-01,0,0,1.1,2026-08-18T10:00:00+05:30
gav_3d621a45,gid_3561d64b,2026-09-02,1,2,1.1,2026-08-18T10:00:00+05:30
gav_2c911785,gid_3561d64b,2026-09-03,0,0,1,2026-08-18T10:00:00+05:30
gav_e5b4fca4,gid_3561d64b,2026-09-04,1,2,1,2026-08-18T10:00:00+05:30
gav_cb6ff596,gid_3561d64b,2026-09-05,1,1,1.25,2026-08-18T10:00:00+05:30
gav_4c2115a7,gid_3561d64b,2026-09-06,1,1,1.35,2026-08-18T10:00:00+05:30
gav_f762e9bc,gid_3561d64b,2026-09-07,1,2,1,2026-08-18T10:00:00+05:30
gav_35fbb461,gid_3561d64b,2026-09-08,1,2,1.1,2026-08-18T10:00:00+05:30
gav_b50a5a79,gid_3561d64b,2026-09-09,1,1,1.1,2026-08-18T10:00:00+05:30
gav_61b274c0,gid_3561d64b,2026-09-10,1,2,1.1,2026-08-18T10:00:00+05:30
gav_d71bc5d2,gid_3561d64b,2026-09-11,1,1,1.1,2026-08-18T10:00:00+05:30
gav_a8e75c1f,gid_3561d64b,2026-09-12,1,1,1.25,2026-08-18T10:00:00+05:30
gav_e362dabd,gid_3561d64b,2026-09-13,0,0,1.25,2026-08-18T10:00:00+05:30
gav_2b902848,gid_3561d64b,2026-09-14,0,0,1,2026-08-18T10:00:00+05:30
gav_d7d1f856,gid_3561d64b,2026-09-15,1,1,1,2026-08-18T10:00:00+05:30
gav_b304f910,gid_3561d64b,2026-09-16,0,0,1,2026-08-18T10:00:00+05:30
gav_8e4ebc68,gid_3561d64b,2026-09-17,0,0,1,2026-08-18T10:00:00+05:30
gav_d5b19af8,gid_3561d64b,2026-09-18,1,2,1.1,2026-08-18T10:00:00+05:30
gav_385bb4bf,gid_3561d64b,2026-09-19,1,1,1.25,2026-08-18T10:00:00+05:30
gav_474b16aa,gid_3561d64b,2026-09-20,1,2,1.25,2026-08-18T10:00:00+05:30
gav_234725d5,gid_3561d64b,2026-09-21,0,0,1.1,2026-08-18T10:00:00+05:30
gav_077cfccc,gid_3561d64b,2026-09-22,1,2,1,2026-08-18T10:00:00+05:30
gav_8d33aea5,gid_3561d64b,2026-09-23,1,2,1,2026-08-18T10:00:00+05:30
gav_7bbd83aa,gid_3561d64b,2026-09-24,1,2,1,2026-08-18T10:00:00+05:30
gav_02bc8793,gid_3561d64b,2026-09-25,0,0,1,2026-08-18T10:00:00+05:30
gav_5b29a6ea,gid_3561d64b,2026-09-26,0,0,1.25,2026-08-18T10:00:00+05:30
gav_cf0a8734,gid_3561d64b,2026-09-27,1,1,1.35,2026-08-18T10:00:00+05:30
gav_562c840d,gid_3561d64b,2026-09-28,1,1,1,2026-08-18T10:00:00+05:30
gav_6d95e3f9,gid_3561d64b,2026-09-29,0,0,1,2026-08-18T10:00:00+05:30
gav_18060594,gid_3561d64b,2026-09-30,1,1,1,2026-08-18T10:00:00+05:30
gav_fb2e70eb,gid_b37f26b0,2026-09-01,0,0,1,2026-08-18T10:00:00+05:30
gav_8fce5058,gid_b37f26b0,2026-09-02,1,2,1,2026-08-18T10:00:00+05:30
gav_98011d47,gid_b37f26b0,2026-09-03,1,2,1,2026-08-18T10:00:00+05:30
gav_d375e68c,gid_b37f26b0,2026-09-04,1,2,1,2026-08-18T10:00:00+05:30
gav_0845c10c,gid_b37f26b0,2026-09-05,1,2,1.35,2026-08-18T10:00:00+05:30
gav_dadaf40f,gid_b37f26b0,2026-09-06,1,1,1.25,2026-08-18T10:00:00+05:30
gav_a106f53f,gid_b37f26b0,2026-09-07,1,2,1,2026-08-18T10:00:00+05:30
gav_afc74274,gid_b37f26b0,2026-09-08,0,0,1.1,2026-08-18T10:00:00+05:30
gav_684fa3b6,gid_b37f26b0,2026-09-09,1,1,1,2026-08-18T10:00:00+05:30
gav_5d3b36d2,gid_b37f26b0,2026-09-10,1,1,1,2026-08-18T10:00:00+05:30
gav_84d63425,gid_b37f26b0,2026-09-11,1,1,1.1,2026-08-18T10:00:00+05:30
gav_b9974eeb,gid_b37f26b0,2026-09-12,1,1,1.35,2026-08-18T10:00:00+05:30
gav_5f8fab8f,gid_b37f26b0,2026-09-13,1,1,1.25,2026-08-18T10:00:00+05:30
gav_7373f447,gid_b37f26b0,2026-09-14,0,0,1,2026-08-18T10:00:00+05:30
gav_f7496596,gid_b37f26b0,2026-09-15,1,1,1.1,2026-08-18T10:00:00+05:30
gav_75d7e030,gid_b37f26b0,2026-09-16,1,1,1.1,2026-08-18T10:00:00+05:30
gav_a7d5a68c,gid_b37f26b0,2026-09-17,1,2,1,2026-08-18T10:00:00+05:30
gav_35b140b0,gid_b37f26b0,2026-09-18,0,0,1,2026-08-18T10:00:00+05:30
gav_856c5d2b,gid_b37f26b0,2026-09-19,1,1,1.35,2026-08-18T10:00:00+05:30
gav_0bf459f7,gid_b37f26b0,2026-09-20,1,2,1.25,2026-08-18T10:00:00+05:30
gav_9b0f304a,gid_b37f26b0,2026-09-21,1,2,1,2026-08-18T10:00:00+05:30
gav_5c92f0f2,gid_b37f26b0,2026-09-22,1,1,1,2026-08-18T10:00:00+05:30
gav_99b642e9,gid_b37f26b0,2026-09-23,1,2,1,2026-08-18T10:00:00+05:30
gav_7dec33eb,gid_b37f26b0,2026-09-24,1,2,1,2026-08-18T10:00:00+05:30
gav_fc1ab061,gid_b37f26b0,2026-09-25,1,2,1.1,2026-08-18T10:00:00+05:30
gav_8ef16fb0,gid_b37f26b0,2026-09-26,1,2,1.25,2026-08-18T10:00:00+05:30
gav_a28f5fd1,gid_b37f26b0,2026-09-27,1,2,1.25,2026-08-18T10:00:00+05:30
gav_e10ea231,gid_b37f26b0,2026-09-28,1,2,1,2026-08-18T10:00:00+05:30
gav_ca22d6df,gid_b37f26b0,2026-09-29,0,0,1,2026-08-18T10:00:00+05:30
gav_cc215cc4,gid_b37f26b0,2026-09-30,0,0,1,2026-08-18T10:00:00+05:30
gav_64b8d452,gid_ad5b7c5f,2026-09-01,0,0,1.1,2026-08-18T10:00:00+05:30
gav_019376b3,gid_ad5b7c5f,2026-09-02,0,0,1,2026-08-18T10:00:00+05:30
gav_25350c68,gid_ad5b7c5f,2026-09-03,1,2,1.1,2026-08-18T10:00:00+05:30
gav_8efc1500,gid_ad5b7c5f,2026-09-04,1,2,1,2026-08-18T10:00:00+05:30
gav_8861fd7e,gid_ad5b7c5f,2026-09-05,0,0,1.35,2026-08-18T10:00:00+05:30
gav_2e4916a7,gid_ad5b7c5f,2026-09-06,0,0,1.35,2026-08-18T10:00:00+05:30
gav_47322d16,gid_ad5b7c5f,2026-09-07,1,2,1,2026-08-18T10:00:00+05:30
gav_051d7b74,gid_ad5b7c5f,2026-09-08,1,2,1,2026-08-18T10:00:00+05:30
gav_1d5a3738,gid_ad5b7c5f,2026-09-09,0,0,1,2026-08-18T10:00:00+05:30
gav_056111db,gid_ad5b7c5f,2026-09-10,1,2,1,2026-08-18T10:00:00+05:30
gav_08e6b649,gid_ad5b7c5f,2026-09-11,1,2,1,2026-08-18T10:00:00+05:30
gav_027f033d,gid_ad5b7c5f,2026-09-12,1,2,1.25,2026-08-18T10:00:00+05:30
gav_695a4013,gid_ad5b7c5f,2026-09-13,1,2,1.25,2026-08-18T10:00:00+05:30
gav_b67164ac,gid_ad5b7c5f,2026-09-14,1,1,1,2026-08-18T10:00:00+05:30
gav_435a4bbf,gid_ad5b7c5f,2026-09-15,1,1,1,2026-08-18T10:00:00+05:30
gav_2b3aca2b,gid_ad5b7c5f,2026-09-16,1,1,1,2026-08-18T10:00:00+05:30
gav_0e4f315c,gid_ad5b7c5f,2026-09-17,1,1,1,2026-08-18T10:00:00+05:30
gav_a41376be,gid_ad5b7c5f,2026-09-18,0,0,1,2026-08-18T10:00:00+05:30
gav_5fd200aa,gid_ad5b7c5f,2026-09-19,1,2,1.25,2026-08-18T10:00:00+05:30
gav_07e7cba4,gid_ad5b7c5f,2026-09-20,1,2,1.35,2026-08-18T10:00:00+05:30
gav_a4ae432a,gid_ad5b7c5f,2026-09-21,1,2,1.1,2026-08-18T10:00:00+05:30
gav_bb545137,gid_ad5b7c5f,2026-09-22,0,0,1.1,2026-08-18T10:00:00+05:30
gav_f6570277,gid_ad5b7c5f,2026-09-23,1,2,1,2026-08-18T10:00:00+05:30
gav_0851143e,gid_ad5b7c5f,2026-09-24,1,1,1,2026-08-18T10:00:00+05:30
gav_a9a5d512,gid_ad5b7c5f,2026-09-25,1,2,1.1,2026-08-18T10:00:00+05:30
gav_df40e0fd,gid_ad5b7c5f,2026-09-26,0,0,1.25,2026-08-18T10:00:00+05:30
gav_28635f3e,gid_ad5b7c5f,2026-09-27,0,0,1.35,2026-08-18T10:00:00+05:30
gav_8474b194,gid_ad5b7c5f,2026-09-28,1,2,1,2026-08-18T10:00:00+05:30
gav_e742d718,gid_ad5b7c5f,2026-09-29,1,1,1.1,2026-08-18T10:00:00+05:30
gav_eabc32fd,gid_ad5b7c5f,2026-09-30,1,1,1,2026-08-18T10:00:00+05:30
gav_0ac1d283,gid_dbf7be53,2026-09-01,0,0,1,2026-08-18T10:00:00+05:30
gav_1e09cdb5,gid_dbf7be53,2026-09-02,1,2,1,2026-08-18T10:00:00+05:30
gav_0d89174c,gid_dbf7be53,2026-09-03,1,1,1.1,2026-08-18T10:00:00+05:30
gav_1e41c28f,gid_dbf7be53,2026-09-04,1,2,1,2026-08-18T10:00:00+05:30
gav_688b03ea,gid_dbf7be53,2026-09-05,1,2,1.25,2026-08-18T10:00:00+05:30
gav_5a6cb334,gid_dbf7be53,2026-09-06,1,2,1.25,2026-08-18T10:00:00+05:30
gav_ebee93be,gid_dbf7be53,2026-09-07,1,2,1,2026-08-18T10:00:00+05:30
gav_e482dc86,gid_dbf7be53,2026-09-08,1,2,1,2026-08-18T10:00:00+05:30
gav_9a50b000,gid_dbf7be53,2026-09-09,0,0,1,2026-08-18T10:00:00+05:30
gav_9d326053,gid_dbf7be53,2026-09-10,0,0,1,2026-08-18T10:00:00+05:30
gav_188e982b,gid_dbf7be53,2026-09-11,1,2,1,2026-08-18T10:00:00+05:30
gav_8bc22244,gid_dbf7be53,2026-09-12,1,1,1.25,2026-08-18T10:00:00+05:30
gav_94489bd9,gid_dbf7be53,2026-09-13,0,0,1.35,2026-08-18T10:00:00+05:30
gav_be4203de,gid_dbf7be53,2026-09-14,0,0,1.1,2026-08-18T10:00:00+05:30
gav_010d4be6,gid_dbf7be53,2026-09-15,1,1,1,2026-08-18T10:00:00+05:30
gav_51e06f4c,gid_dbf7be53,2026-09-16,0,0,1,2026-08-18T10:00:00+05:30
gav_e368690a,gid_dbf7be53,2026-09-17,1,2,1,2026-08-18T10:00:00+05:30
gav_0432f7c1,gid_dbf7be53,2026-09-18,1,1,1,2026-08-18T10:00:00+05:30
gav_5d8912cf,gid_dbf7be53,2026-09-19,0,0,1.35,2026-08-18T10:00:00+05:30
gav_09fdcb8a,gid_dbf7be53,2026-09-20,1,1,1.25,2026-08-18T10:00:00+05:30
gav_219ae2ed,gid_dbf7be53,2026-09-21,1,2,1,2026-08-18T10:00:00+05:30
gav_f51a1004,gid_dbf7be53,2026-09-22,1,2,1,2026-08-18T10:00:00+05:30
gav_2cfdf08a,gid_dbf7be53,2026-09-23,1,1,1,2026-08-18T10:00:00+05:30
gav_7a63322f,gid_dbf7be53,2026-09-24,1,1,1,2026-08-18T10:00:00+05:30
gav_c0c04bf6,gid_dbf7be53,2026-09-25,1,2,1,2026-08-18T10:00:00+05:30
gav_9cf00bbd,gid_dbf7be53,2026-09-26,0,0,1.25,2026-08-18T10:00:00+05:30
gav_a2113836,gid_dbf7be53,2026-09-27,1,1,1.25,2026-08-18T10:00:00+05:30
gav_f0c891c9,gid_dbf7be53,2026-09-28,0,0,1,2026-08-18T10:00:00+05:30
gav_25bfb9b4,gid_dbf7be53,2026-09-29,1,2,1,2026-08-18T10:00:00+05:30
gav_9fcf31ae,gid_dbf7be53,2026-09-30,1,2,1.1,2026-08-18T10:00:00+05:30
gav_bb24e553,gid_86292bf6,2026-09-01,1,1,1,2026-08-18T10:00:00+05:30
gav_c8dcfe78,gid_86292bf6,2026-09-02,0,0,1,2026-08-18T10:00:00+05:30
gav_5799d884,gid_86292bf6,2026-09-03,1,2,1.1,2026-08-18T10:00:00+05:30
gav_8d473728,gid_86292bf6,2026-09-04,1,2,1,2026-08-18T10:00:00+05:30
gav_54cedf83,gid_86292bf6,2026-09-05,0,0,1.35,2026-08-18T10:00:00+05:30
gav_2e8bd35b,gid_86292bf6,2026-09-06,1,1,1.25,2026-08-18T10:00:00+05:30
gav_40dc2753,gid_86292bf6,2026-09-07,1,2,1,2026-08-18T10:00:00+05:30
gav_ecdbec18,gid_86292bf6,2026-09-08,0,0,1,2026-08-18T10:00:00+05:30
gav_cf04fe4a,gid_86292bf6,2026-09-09,1,1,1.1,2026-08-18T10:00:00+05:30
gav_aa378807,gid_86292bf6,2026-09-10,1,2,1,2026-08-18T10:00:00+05:30
gav_851327a9,gid_86292bf6,2026-09-11,1,1,1,2026-08-18T10:00:00+05:30
gav_23255966,gid_86292bf6,2026-09-12,1,2,1.25,2026-08-18T10:00:00+05:30
gav_f797dc71,gid_86292bf6,2026-09-13,1,2,1.25,2026-08-18T10:00:00+05:30
gav_fd049fe0,gid_86292bf6,2026-09-14,0,0,1.1,2026-08-18T10:00:00+05:30
gav_632f5e4b,gid_86292bf6,2026-09-15,1,2,1,2026-08-18T10:00:00+05:30
gav_2eb0efdc,gid_86292bf6,2026-09-16,1,2,1,2026-08-18T10:00:00+05:30
gav_4a27b22b,gid_86292bf6,2026-09-17,0,0,1.1,2026-08-18T10:00:00+05:30
gav_d9be8b6b,gid_86292bf6,2026-09-18,1,1,1,2026-08-18T10:00:00+05:30
gav_7a842e35,gid_86292bf6,2026-09-19,1,1,1.25,2026-08-18T10:00:00+05:30
gav_7d1c69e8,gid_86292bf6,2026-09-20,0,0,1.35,2026-08-18T10:00:00+05:30
gav_9d4b9427,gid_86292bf6,2026-09-21,0,0,1,2026-08-18T10:00:00+05:30
gav_c4567122,gid_86292bf6,2026-09-22,0,0,1.1,2026-08-18T10:00:00+05:30
gav_436f4ee7,gid_86292bf6,2026-09-23,1,2,1.1,2026-08-18T10:00:00+05:30
gav_8a7ea21e,gid_86292bf6,2026-09-24,0,0,1,2026-08-18T10:00:00+05:30
gav_5bb5fb7e,gid_86292bf6,2026-09-25,1,2,1,2026-08-18T10:00:00+05:30
gav_a1b011a4,gid_86292bf6,2026-09-26,1,1,1.35,2026-08-18T10:00:00+05:30
gav_d323879f,gid_86292bf6,2026-09-27,1,2,1.25,2026-08-18T10:00:00+05:30
gav_88367d32,gid_86292bf6,2026-09-28,1,2,1.1,2026-08-18T10:00:00+05:30
gav_b2d52604,gid_86292bf6,2026-09-29,0,0,1.1,2026-08-18T10:00:00+05:30
gav_b2e6bbee,gid_86292bf6,2026-09-30,0,0,1,2026-08-18T10:00:00+05:30
gav_85755b27,gid_393f0367,2026-09-01,0,0,1.1,2026-08-18T10:00:00+05:30
gav_9dd4315d,gid_393f0367,2026-09-02,0,0,1,2026-08-18T10:00:00+05:30
gav_de8f11f0,gid_393f0367,2026-09-03,0,0,1.1,2026-08-18T10:00:00+05:30
gav_6e9bc48e,gid_393f0367,2026-09-04,1,1,1,2026-08-18T10:00:00+05:30
gav_c1c82261,gid_393f0367,2026-09-05,1,1,1.35,2026-08-18T10:00:00+05:30
gav_ef8391b1,gid_393f0367,2026-09-06,1,1,1.25,2026-08-18T10:00:00+05:30
gav_26d8a1ab,gid_393f0367,2026-09-07,0,0,1.1,2026-08-18T10:00:00+05:30
gav_b3b2d839,gid_393f0367,2026-09-08,1,1,1,2026-08-18T10:00:00+05:30
gav_6c667a49,gid_393f0367,2026-09-09,1,2,1,2026-08-18T10:00:00+05:30
gav_51031980,gid_393f0367,2026-09-10,1,2,1.1,2026-08-18T10:00:00+05:30
gav_be1171ef,gid_393f0367,2026-09-11,1,2,1,2026-08-18T10:00:00+05:30
gav_90c35ceb,gid_393f0367,2026-09-12,1,2,1.35,2026-08-18T10:00:00+05:30
gav_ddb91599,gid_393f0367,2026-09-13,1,2,1.25,2026-08-18T10:00:00+05:30
gav_b12f4afe,gid_393f0367,2026-09-14,1,1,1.1,2026-08-18T10:00:00+05:30
gav_dc1b76c0,gid_393f0367,2026-09-15,0,0,1,2026-08-18T10:00:00+05:30
gav_bcb9f9cf,gid_393f0367,2026-09-16,0,0,1,2026-08-18T10:00:00+05:30
gav_bcc5ae4a,gid_393f0367,2026-09-17,1,1,1,2026-08-18T10:00:00+05:30
gav_917ca54f,gid_393f0367,2026-09-18,1,2,1,2026-08-18T10:00:00+05:30
gav_b1c86f32,gid_393f0367,2026-09-19,1,2,1.25,2026-08-18T10:00:00+05:30
gav_14575bb4,gid_393f0367,2026-09-20,0,0,1.35,2026-08-18T10:00:00+05:30
gav_d4bfbb73,gid_393f0367,2026-09-21,1,1,1,2026-08-18T10:00:00+05:30
gav_819b731e,gid_393f0367,2026-09-22,1,1,1.1,2026-08-18T10:00:00+05:30
gav_1dc40778,gid_393f0367,2026-09-23,1,2,1.1,2026-08-18T10:00:00+05:30
gav_4047eb44,gid_393f0367,2026-09-24,0,0,1,2026-08-18T10:00:00+05:30
gav_c6878407,gid_393f0367,2026-09-25,1,2,1,2026-08-18T10:00:00+05:30
gav_deb93366,gid_393f0367,2026-09-26,1,1,1.25,2026-08-18T10:00:00+05:30
gav_895171b9,gid_393f0367,2026-09-27,1,1,1.25,2026-08-18T10:00:00+05:30
gav_59dff95c,gid_393f0367,2026-09-28,1,1,1.1,2026-08-18T10:00:00+05:30
gav_01629ddf,gid_393f0367,2026-09-29,0,0,1,2026-08-18T10:00:00+05:30
gav_6cc9bdef,gid_393f0367,2026-09-30,1,2,1.1,2026-08-18T10:00:00+05:30
gav_be5177ab,gid_32531872,2026-09-01,0,0,1,2026-08-18T10:00:00+05:30
gav_d0926c5d,gid_32531872,2026-09-02,1,2,1,2026-08-18T10:00:00+05:30
gav_1f3d55c6,gid_32531872,2026-09-03,1,2,1.1,2026-08-18T10:00:00+05:30
gav_c7089c2c,gid_32531872,2026-09-04,1,1,1.1,2026-08-18T10:00:00+05:30
gav_af330ac1,gid_32531872,2026-09-05,0,0,1.35,2026-08-18T10:00:00+05:30
gav_f3c5128e,gid_32531872,2026-09-06,1,1,1.25,2026-08-18T10:00:00+05:30
gav_5a3c5be9,gid_32531872,2026-09-07,1,2,1,2026-08-18T10:00:00+05:30
gav_8bebfe8d,gid_32531872,2026-09-08,1,1,1,2026-08-18T10:00:00+05:30
gav_9a76dd9e,gid_32531872,2026-09-09,0,0,1,2026-08-18T10:00:00+05:30
gav_4b074a68,gid_32531872,2026-09-10,1,2,1,2026-08-18T10:00:00+05:30
gav_3fc91b04,gid_32531872,2026-09-11,1,1,1,2026-08-18T10:00:00+05:30
gav_ce16bfef,gid_32531872,2026-09-12,1,2,1.25,2026-08-18T10:00:00+05:30
gav_560471e5,gid_32531872,2026-09-13,1,1,1.25,2026-08-18T10:00:00+05:30
gav_eec9e982,gid_32531872,2026-09-14,1,2,1.1,2026-08-18T10:00:00+05:30
gav_bb88bec0,gid_32531872,2026-09-15,1,2,1.1,2026-08-18T10:00:00+05:30
gav_fd2aab2f,gid_32531872,2026-09-16,0,0,1.1,2026-08-18T10:00:00+05:30
gav_7281351a,gid_32531872,2026-09-17,0,0,1,2026-08-18T10:00:00+05:30
gav_3ef42fa6,gid_32531872,2026-09-18,0,0,1.1,2026-08-18T10:00:00+05:30
gav_b7a2f8c2,gid_32531872,2026-09-19,0,0,1.25,2026-08-18T10:00:00+05:30
gav_11e08854,gid_32531872,2026-09-20,0,0,1.25,2026-08-18T10:00:00+05:30
gav_70dd5e36,gid_32531872,2026-09-21,1,1,1,2026-08-18T10:00:00+05:30
gav_41de7f7a,gid_32531872,2026-09-22,1,2,1,2026-08-18T10:00:00+05:30
gav_ca92dcfe,gid_32531872,2026-09-23,1,2,1.1,2026-08-18T10:00:00+05:30
gav_d1ea17fd,gid_32531872,2026-09-24,0,0,1.1,2026-08-18T10:00:00+05:30
gav_bc9c6d71,gid_32531872,2026-09-25,1,1,1.1,2026-08-18T10:00:00+05:30
gav_58478f8a,gid_32531872,2026-09-26,1,1,1.25,2026-08-18T10:00:00+05:30
gav_7b8034d9,gid_32531872,2026-09-27,1,2,1.25,2026-08-18T10:00:00+05:30
gav_31ca2e26,gid_32531872,2026-09-28,1,2,1,2026-08-18T10:00:00+05:30
gav_4c504017,gid_32531872,2026-09-29,0,0,1,2026-08-18T10:00:00+05:30
gav_02a0fe0f,gid_32531872,2026-09-30,1,2,1.1,2026-08-18T10:00:00+05:30
gav_52985888,gid_223eb8c5,2026-09-01,1,2,1,2026-08-18T10:00:00+05:30
gav_ec09bf64,gid_223eb8c5,2026-09-02,1,1,1,2026-08-18T10:00:00+05:30
gav_a1faa4b1,gid_223eb8c5,2026-09-03,1,1,1,2026-08-18T10:00:00+05:30
gav_af6b6c14,gid_223eb8c5,2026-09-04,1,1,1.1,2026-08-18T10:00:00+05:30
gav_e1cfd8a3,gid_223eb8c5,2026-09-05,1,1,1.25,2026-08-18T10:00:00+05:30
gav_db527107,gid_223eb8c5,2026-09-06,1,2,1.25,2026-08-18T10:00:00+05:30
gav_49cdb9e4,gid_223eb8c5,2026-09-07,0,0,1,2026-08-18T10:00:00+05:30
gav_a6f4cd4c,gid_223eb8c5,2026-09-08,1,1,1.1,2026-08-18T10:00:00+05:30
gav_fc63e10c,gid_223eb8c5,2026-09-09,0,0,1,2026-08-18T10:00:00+05:30
gav_72bc802b,gid_223eb8c5,2026-09-10,1,1,1.1,2026-08-18T10:00:00+05:30
gav_a8971a92,gid_223eb8c5,2026-09-11,0,0,1.1,2026-08-18T10:00:00+05:30
gav_9ec67b58,gid_223eb8c5,2026-09-12,1,2,1.25,2026-08-18T10:00:00+05:30
gav_357d490c,gid_223eb8c5,2026-09-13,1,1,1.25,2026-08-18T10:00:00+05:30
gav_7b399825,gid_223eb8c5,2026-09-14,1,2,1.1,2026-08-18T10:00:00+05:30
gav_5e16c3b0,gid_223eb8c5,2026-09-15,1,1,1.1,2026-08-18T10:00:00+05:30
gav_fc5ee603,gid_223eb8c5,2026-09-16,1,2,1,2026-08-18T10:00:00+05:30
gav_2ec24907,gid_223eb8c5,2026-09-17,1,2,1,2026-08-18T10:00:00+05:30
gav_6181452d,gid_223eb8c5,2026-09-18,0,0,1.1,2026-08-18T10:00:00+05:30
gav_fcd49902,gid_223eb8c5,2026-09-19,1,2,1.25,2026-08-18T10:00:00+05:30
gav_70cb41aa,gid_223eb8c5,2026-09-20,1,1,1.35,2026-08-18T10:00:00+05:30
gav_a7abc5a4,gid_223eb8c5,2026-09-21,1,2,1,2026-08-18T10:00:00+05:30
gav_5963da61,gid_223eb8c5,2026-09-22,0,0,1,2026-08-18T10:00:00+05:30
gav_bd5ccfe1,gid_223eb8c5,2026-09-23,1,2,1,2026-08-18T10:00:00+05:30
gav_89af3df0,gid_223eb8c5,2026-09-24,1,1,1,2026-08-18T10:00:00+05:30
gav_1de6478e,gid_223eb8c5,2026-09-25,0,0,1,2026-08-18T10:00:00+05:30
gav_bb7a90f2,gid_223eb8c5,2026-09-26,0,0,1.25,2026-08-18T10:00:00+05:30
gav_f018d4df,gid_223eb8c5,2026-09-27,1,2,1.25,2026-08-18T10:00:00+05:30
gav_c8033512,gid_223eb8c5,2026-09-28,1,2,1,2026-08-18T10:00:00+05:30
gav_b3ea3d97,gid_223eb8c5,2026-09-29,1,1,1,2026-08-18T10:00:00+05:30
gav_92510415,gid_223eb8c5,2026-09-30,1,2,1,2026-08-18T10:00:00+05:30
gav_6922ca15,gid_bb19bfad,2026-09-01,1,1,1,2026-08-18T10:00:00+05:30
gav_9e85dfdb,gid_bb19bfad,2026-09-02,1,1,1.1,2026-08-18T10:00:00+05:30
gav_d0bb1080,gid_bb19bfad,2026-09-03,0,0,1.1,2026-08-18T10:00:00+05:30
gav_9c564748,gid_bb19bfad,2026-09-04,0,0,1,2026-08-18T10:00:00+05:30
gav_37522411,gid_bb19bfad,2026-09-05,1,1,1.25,2026-08-18T10:00:00+05:30
gav_15230f82,gid_bb19bfad,2026-09-06,1,2,1.35,2026-08-18T10:00:00+05:30
gav_c3f76dfc,gid_bb19bfad,2026-09-07,1,2,1,2026-08-18T10:00:00+05:30
gav_d132a82b,gid_bb19bfad,2026-09-08,0,0,1,2026-08-18T10:00:00+05:30
gav_e956d292,gid_bb19bfad,2026-09-09,1,2,1,2026-08-18T10:00:00+05:30
gav_f0991455,gid_bb19bfad,2026-09-10,1,2,1.1,2026-08-18T10:00:00+05:30
gav_c1d30761,gid_bb19bfad,2026-09-11,1,1,1.1,2026-08-18T10:00:00+05:30
gav_9a366864,gid_bb19bfad,2026-09-12,1,2,1.35,2026-08-18T10:00:00+05:30
gav_adb5d983,gid_bb19bfad,2026-09-13,1,1,1.25,2026-08-18T10:00:00+05:30
gav_a92dc9c9,gid_bb19bfad,2026-09-14,1,1,1,2026-08-18T10:00:00+05:30
gav_019d3073,gid_bb19bfad,2026-09-15,1,1,1,2026-08-18T10:00:00+05:30
gav_3221ea6c,gid_bb19bfad,2026-09-16,0,0,1,2026-08-18T10:00:00+05:30
gav_23a63905,gid_bb19bfad,2026-09-17,1,1,1,2026-08-18T10:00:00+05:30
gav_48805d67,gid_bb19bfad,2026-09-18,1,2,1,2026-08-18T10:00:00+05:30
gav_f7f4ec7b,gid_bb19bfad,2026-09-19,1,1,1.25,2026-08-18T10:00:00+05:30
gav_61a9693a,gid_bb19bfad,2026-09-20,0,0,1.25,2026-08-18T10:00:00+05:30
gav_20d1033c,gid_bb19bfad,2026-09-21,0,0,1,2026-08-18T10:00:00+05:30
gav_97760b30,gid_bb19bfad,2026-09-22,1,1,1.1,2026-08-18T10:00:00+05:30
gav_1ed52a7c,gid_bb19bfad,2026-09-23,0,0,1.1,2026-08-18T10:00:00+05:30
gav_803ecc77,gid_bb19bfad,2026-09-24,1,1,1.1,2026-08-18T10:00:00+05:30
gav_5d063b76,gid_bb19bfad,2026-09-25,0,0,1,2026-08-18T10:00:00+05:30
gav_c056ac9f,gid_bb19bfad,2026-09-26,1,2,1.35,2026-08-18T10:00:00+05:30
gav_cb58b125,gid_bb19bfad,2026-09-27,1,1,1.35,2026-08-18T10:00:00+05:30
gav_c0bdac83,gid_bb19bfad,2026-09-28,0,0,1,2026-08-18T10:00:00+05:30
gav_25807e8c,gid_bb19bfad,2026-09-29,1,1,1,2026-08-18T10:00:00+05:30
gav_23e282ea,gid_bb19bfad,2026-09-30,1,2,1,2026-08-18T10:00:00+05:30
gav_11a0fd18,gid_73c53c8a,2026-09-01,1,1,1,2026-08-18T10:00:00+05:30
gav_224465b7,gid_73c53c8a,2026-09-02,1,2,1,2026-08-18T10:00:00+05:30
gav_04e7cd4e,gid_73c53c8a,2026-09-03,0,0,1,2026-08-18T10:00:00+05:30
gav_b1822386,gid_73c53c8a,2026-09-04,0,0,1,2026-08-18T10:00:00+05:30
gav_3ff14878,gid_73c53c8a,2026-09-05,1,1,1.25,2026-08-18T10:00:00+05:30
gav_32f9ee56,gid_73c53c8a,2026-09-06,1,1,1.25,2026-08-18T10:00:00+05:30
gav_07d00581,gid_73c53c8a,2026-09-07,0,0,1.1,2026-08-18T10:00:00+05:30
gav_71828cb6,gid_73c53c8a,2026-09-08,1,2,1.1,2026-08-18T10:00:00+05:30
gav_57ef5290,gid_73c53c8a,2026-09-09,0,0,1,2026-08-18T10:00:00+05:30
gav_70140932,gid_73c53c8a,2026-09-10,1,1,1,2026-08-18T10:00:00+05:30
gav_335e8f2f,gid_73c53c8a,2026-09-11,0,0,1,2026-08-18T10:00:00+05:30
gav_a58be1c0,gid_73c53c8a,2026-09-12,1,1,1.25,2026-08-18T10:00:00+05:30
gav_8715d9c6,gid_73c53c8a,2026-09-13,1,1,1.25,2026-08-18T10:00:00+05:30
gav_2824e1f9,gid_73c53c8a,2026-09-14,1,2,1,2026-08-18T10:00:00+05:30
gav_92451fde,gid_73c53c8a,2026-09-15,1,1,1,2026-08-18T10:00:00+05:30
gav_a02affc3,gid_73c53c8a,2026-09-16,0,0,1,2026-08-18T10:00:00+05:30
gav_c1e6fa1e,gid_73c53c8a,2026-09-17,1,1,1,2026-08-18T10:00:00+05:30
gav_f8989d90,gid_73c53c8a,2026-09-18,1,1,1,2026-08-18T10:00:00+05:30
gav_4886a01b,gid_73c53c8a,2026-09-19,0,0,1.35,2026-08-18T10:00:00+05:30
gav_597e024f,gid_73c53c8a,2026-09-20,1,2,1.25,2026-08-18T10:00:00+05:30
gav_3218a394,gid_73c53c8a,2026-09-21,0,0,1,2026-08-18T10:00:00+05:30
gav_f921d4f2,gid_73c53c8a,2026-09-22,1,1,1,2026-08-18T10:00:00+05:30
gav_6a1f16e1,gid_73c53c8a,2026-09-23,0,0,1.1,2026-08-18T10:00:00+05:30
gav_85a4fbd2,gid_73c53c8a,2026-09-24,1,2,1.1,2026-08-18T10:00:00+05:30
gav_c7fe0cab,gid_73c53c8a,2026-09-25,1,1,1.1,2026-08-18T10:00:00+05:30
gav_d3ae4de8,gid_73c53c8a,2026-09-26,0,0,1.25,2026-08-18T10:00:00+05:30
gav_d8882133,gid_73c53c8a,2026-09-27,1,1,1.25,2026-08-18T10:00:00+05:30
gav_d86a8998,gid_73c53c8a,2026-09-28,1,2,1.1,2026-08-18T10:00:00+05:30
gav_e34f064f,gid_73c53c8a,2026-09-29,0,0,1,2026-08-18T10:00:00+05:30
gav_911737c2,gid_73c53c8a,2026-09-30,1,2,1,2026-08-18T10:00:00+05:30
gav_3bb4556d,gid_c288d6ae,2026-09-01,1,1,1,2026-08-18T10:00:00+05:30
gav_78ee3d9c,gid_c288d6ae,2026-09-02,1,1,1,2026-08-18T10:00:00+05:30
gav_e06618cb,gid_c288d6ae,2026-09-03,1,1,1,2026-08-18T10:00:00+05:30
gav_94f2bece,gid_c288d6ae,2026-09-04,1,2,1.1,2026-08-18T10:00:00+05:30
gav_13285390,gid_c288d6ae,2026-09-05,1,1,1.35,2026-08-18T10:00:00+05:30
gav_34b9e802,gid_c288d6ae,2026-09-06,1,1,1.25,2026-08-18T10:00:00+05:30
gav_b1f028bc,gid_c288d6ae,2026-09-07,1,1,1,2026-08-18T10:00:00+05:30
gav_1e4ee6b7,gid_c288d6ae,2026-09-08,1,1,1,2026-08-18T10:00:00+05:30
gav_e192bb7a,gid_c288d6ae,2026-09-09,0,0,1,2026-08-18T10:00:00+05:30
gav_a6a33f26,gid_c288d6ae,2026-09-10,0,0,1.1,2026-08-18T10:00:00+05:30
gav_ff8a12ec,gid_c288d6ae,2026-09-11,1,1,1,2026-08-18T10:00:00+05:30
gav_08769245,gid_c288d6ae,2026-09-12,1,1,1.25,2026-08-18T10:00:00+05:30
gav_675258a1,gid_c288d6ae,2026-09-13,1,1,1.25,2026-08-18T10:00:00+05:30
gav_f5560af4,gid_c288d6ae,2026-09-14,1,2,1,2026-08-18T10:00:00+05:30
gav_5b99138a,gid_c288d6ae,2026-09-15,1,2,1.1,2026-08-18T10:00:00+05:30
gav_1fa5ce7a,gid_c288d6ae,2026-09-16,0,0,1,2026-08-18T10:00:00+05:30
gav_b8057547,gid_c288d6ae,2026-09-17,1,1,1,2026-08-18T10:00:00+05:30
gav_aa5ea4e5,gid_c288d6ae,2026-09-18,0,0,1.1,2026-08-18T10:00:00+05:30
gav_ebbd8c2f,gid_c288d6ae,2026-09-19,1,1,1.35,2026-08-18T10:00:00+05:30
gav_556346c1,gid_c288d6ae,2026-09-20,1,2,1.25,2026-08-18T10:00:00+05:30
gav_9380a565,gid_c288d6ae,2026-09-21,1,2,1,2026-08-18T10:00:00+05:30
gav_2d56bc88,gid_c288d6ae,2026-09-22,0,0,1,2026-08-18T10:00:00+05:30
gav_22c11206,gid_c288d6ae,2026-09-23,1,2,1.1,2026-08-18T10:00:00+05:30
gav_2b211c71,gid_c288d6ae,2026-09-24,1,2,1,2026-08-18T10:00:00+05:30
gav_6072052c,gid_c288d6ae,2026-09-25,1,1,1.1,2026-08-18T10:00:00+05:30
gav_1664379f,gid_c288d6ae,2026-09-26,1,1,1.35,2026-08-18T10:00:00+05:30
gav_b3cd6d33,gid_c288d6ae,2026-09-27,1,1,1.35,2026-08-18T10:00:00+05:30
gav_6c59685e,gid_c288d6ae,2026-09-28,1,2,1,2026-08-18T10:00:00+05:30
gav_a8256e61,gid_c288d6ae,2026-09-29,1,1,1,2026-08-18T10:00:00+05:30
gav_a41fd613,gid_c288d6ae,2026-09-30,1,1,1.1,2026-08-18T10:00:00+05:30
gav_5130daa5,gid_3d3d1fb0,2026-09-01,1,2,1,2026-08-18T10:00:00+05:30
gav_b5a30679,gid_3d3d1fb0,2026-09-02,1,2,1.1,2026-08-18T10:00:00+05:30
gav_9acda20d,gid_3d3d1fb0,2026-09-03,0,0,1.1,2026-08-18T10:00:00+05:30
gav_0a0bb98a,gid_3d3d1fb0,2026-09-04,0,0,1.1,2026-08-18T10:00:00+05:30
gav_c254f691,gid_3d3d1fb0,2026-09-05,1,2,1.25,2026-08-18T10:00:00+05:30
gav_374ee4de,gid_3d3d1fb0,2026-09-06,1,1,1.35,2026-08-18T10:00:00+05:30
gav_ca97314e,gid_3d3d1fb0,2026-09-07,0,0,1,2026-08-18T10:00:00+05:30
gav_279bc582,gid_3d3d1fb0,2026-09-08,0,0,1.1,2026-08-18T10:00:00+05:30
gav_90602db1,gid_3d3d1fb0,2026-09-09,1,2,1.1,2026-08-18T10:00:00+05:30
gav_56415277,gid_3d3d1fb0,2026-09-10,0,0,1,2026-08-18T10:00:00+05:30
gav_670476bc,gid_3d3d1fb0,2026-09-11,1,2,1,2026-08-18T10:00:00+05:30
gav_af0aaaca,gid_3d3d1fb0,2026-09-12,0,0,1.35,2026-08-18T10:00:00+05:30
gav_a79b93ab,gid_3d3d1fb0,2026-09-13,1,2,1.25,2026-08-18T10:00:00+05:30
gav_b6fc49a2,gid_3d3d1fb0,2026-09-14,1,2,1,2026-08-18T10:00:00+05:30
gav_11ba969c,gid_3d3d1fb0,2026-09-15,1,1,1,2026-08-18T10:00:00+05:30
gav_25b47500,gid_3d3d1fb0,2026-09-16,1,1,1,2026-08-18T10:00:00+05:30
gav_a603f96f,gid_3d3d1fb0,2026-09-17,0,0,1,2026-08-18T10:00:00+05:30
gav_6f4b4d4f,gid_3d3d1fb0,2026-09-18,1,2,1,2026-08-18T10:00:00+05:30
gav_e3305e3a,gid_3d3d1fb0,2026-09-19,0,0,1.35,2026-08-18T10:00:00+05:30
gav_ce78f1eb,gid_3d3d1fb0,2026-09-20,1,1,1.25,2026-08-18T10:00:00+05:30
gav_07c08488,gid_3d3d1fb0,2026-09-21,1,1,1,2026-08-18T10:00:00+05:30
gav_af212a0c,gid_3d3d1fb0,2026-09-22,1,1,1,2026-08-18T10:00:00+05:30
gav_d0aa2ae0,gid_3d3d1fb0,2026-09-23,1,2,1.1,2026-08-18T10:00:00+05:30
gav_82d8a454,gid_3d3d1fb0,2026-09-24,0,0,1.1,2026-08-18T10:00:00+05:30
gav_ba00be5e,gid_3d3d1fb0,2026-09-25,1,1,1,2026-08-18T10:00:00+05:30
gav_53e3437f,gid_3d3d1fb0,2026-09-26,1,1,1.25,2026-08-18T10:00:00+05:30
gav_b635768e,gid_3d3d1fb0,2026-09-27,1,2,1.25,2026-08-18T10:00:00+05:30
gav_8597e43e,gid_3d3d1fb0,2026-09-28,1,1,1.1,2026-08-18T10:00:00+05:30
gav_29806c4a,gid_3d3d1fb0,2026-09-29,1,1,1,2026-08-18T10:00:00+05:30
gav_96c4f260,gid_3d3d1fb0,2026-09-30,0,0,1.1,2026-08-18T10:00:00+05:30
gav_d564d3b6,gid_56a8f9e5,2026-09-01,1,2,1.1,2026-08-18T10:00:00+05:30
gav_982eb85a,gid_56a8f9e5,2026-09-02,1,1,1.1,2026-08-18T10:00:00+05:30
gav_7adc7736,gid_56a8f9e5,2026-09-03,1,1,1,2026-08-18T10:00:00+05:30
gav_fce20c94,gid_56a8f9e5,2026-09-04,0,0,1,2026-08-18T10:00:00+05:30
gav_69362760,gid_56a8f9e5,2026-09-05,1,1,1.35,2026-08-18T10:00:00+05:30
gav_e3066b0f,gid_56a8f9e5,2026-09-06,1,2,1.25,2026-08-18T10:00:00+05:30
gav_45d21588,gid_56a8f9e5,2026-09-07,1,2,1,2026-08-18T10:00:00+05:30
gav_6551129d,gid_56a8f9e5,2026-09-08,1,2,1,2026-08-18T10:00:00+05:30
gav_7f06394d,gid_56a8f9e5,2026-09-09,0,0,1,2026-08-18T10:00:00+05:30
gav_fb6f75a8,gid_56a8f9e5,2026-09-10,0,0,1,2026-08-18T10:00:00+05:30
gav_c46dff31,gid_56a8f9e5,2026-09-11,0,0,1.1,2026-08-18T10:00:00+05:30
gav_a245d30f,gid_56a8f9e5,2026-09-12,1,1,1.25,2026-08-18T10:00:00+05:30
gav_0bf92299,gid_56a8f9e5,2026-09-13,1,2,1.25,2026-08-18T10:00:00+05:30
gav_2fe61692,gid_56a8f9e5,2026-09-14,1,1,1,2026-08-18T10:00:00+05:30
gav_39f29f43,gid_56a8f9e5,2026-09-15,1,1,1,2026-08-18T10:00:00+05:30
gav_9451c7c2,gid_56a8f9e5,2026-09-16,1,1,1.1,2026-08-18T10:00:00+05:30
gav_bf9f4d4f,gid_56a8f9e5,2026-09-17,1,1,1,2026-08-18T10:00:00+05:30
gav_2798c1f1,gid_56a8f9e5,2026-09-18,0,0,1.1,2026-08-18T10:00:00+05:30
gav_e06bd7f4,gid_56a8f9e5,2026-09-19,1,1,1.35,2026-08-18T10:00:00+05:30
gav_7a92ed4e,gid_56a8f9e5,2026-09-20,1,2,1.35,2026-08-18T10:00:00+05:30
gav_4843ee77,gid_56a8f9e5,2026-09-21,1,1,1,2026-08-18T10:00:00+05:30
gav_5b955df6,gid_56a8f9e5,2026-09-22,1,1,1,2026-08-18T10:00:00+05:30
gav_f9e175a7,gid_56a8f9e5,2026-09-23,1,1,1,2026-08-18T10:00:00+05:30
gav_0be301a6,gid_56a8f9e5,2026-09-24,0,0,1,2026-08-18T10:00:00+05:30
gav_c58abaad,gid_56a8f9e5,2026-09-25,0,0,1,2026-08-18T10:00:00+05:30
gav_7e4af717,gid_56a8f9e5,2026-09-26,0,0,1.25,2026-08-18T10:00:00+05:30
gav_5ca71940,gid_56a8f9e5,2026-09-27,1,2,1.25,2026-08-18T10:00:00+05:30
gav_1702377e,gid_56a8f9e5,2026-09-28,1,1,1,2026-08-18T10:00:00+05:30
gav_4df55489,gid_56a8f9e5,2026-09-29,1,2,1,2026-08-18T10:00:00+05:30
gav_f8cd9faa,gid_56a8f9e5,2026-09-30,1,1,1.1,2026-08-18T10:00:00+05:30
gav_b4849ea0,gid_0e4c3d78,2026-09-01,1,1,1,2026-08-18T10:00:00+05:30
gav_dbae7efb,gid_0e4c3d78,2026-09-02,0,0,1,2026-08-18T10:00:00+05:30
gav_d08a666c,gid_0e4c3d78,2026-09-03,1,2,1.1,2026-08-18T10:00:00+05:30
gav_570e763b,gid_0e4c3d78,2026-09-04,1,2,1,2026-08-18T10:00:00+05:30
gav_90ebe8f3,gid_0e4c3d78,2026-09-05,1,2,1.25,2026-08-18T10:00:00+05:30
gav_44d9dda9,gid_0e4c3d78,2026-09-06,1,2,1.25,2026-08-18T10:00:00+05:30
gav_2c40c66e,gid_0e4c3d78,2026-09-07,1,1,1,2026-08-18T10:00:00+05:30
gav_7920b3c9,gid_0e4c3d78,2026-09-08,0,0,1.1,2026-08-18T10:00:00+05:30
gav_8d799ec5,gid_0e4c3d78,2026-09-09,1,2,1,2026-08-18T10:00:00+05:30
gav_d0e41388,gid_0e4c3d78,2026-09-10,1,2,1.1,2026-08-18T10:00:00+05:30
gav_05b317a7,gid_0e4c3d78,2026-09-11,1,1,1,2026-08-18T10:00:00+05:30
gav_64526322,gid_0e4c3d78,2026-09-12,1,1,1.25,2026-08-18T10:00:00+05:30
gav_8499f43b,gid_0e4c3d78,2026-09-13,1,1,1.35,2026-08-18T10:00:00+05:30
gav_1b379a7d,gid_0e4c3d78,2026-09-14,1,2,1.1,2026-08-18T10:00:00+05:30
gav_c273c0d5,gid_0e4c3d78,2026-09-15,1,1,1,2026-08-18T10:00:00+05:30
gav_72512c02,gid_0e4c3d78,2026-09-16,1,1,1.1,2026-08-18T10:00:00+05:30
gav_ec74a1c8,gid_0e4c3d78,2026-09-17,1,2,1,2026-08-18T10:00:00+05:30
gav_80f3f348,gid_0e4c3d78,2026-09-18,0,0,1,2026-08-18T10:00:00+05:30
gav_07770b34,gid_0e4c3d78,2026-09-19,1,2,1.35,2026-08-18T10:00:00+05:30
gav_92cc94ec,gid_0e4c3d78,2026-09-20,0,0,1.25,2026-08-18T10:00:00+05:30
gav_00c1c0bb,gid_0e4c3d78,2026-09-21,1,1,1,2026-08-18T10:00:00+05:30
gav_c4f97ea1,gid_0e4c3d78,2026-09-22,0,0,1,2026-08-18T10:00:00+05:30
gav_aa1f919c,gid_0e4c3d78,2026-09-23,1,1,1,2026-08-18T10:00:00+05:30
gav_0e5dd97e,gid_0e4c3d78,2026-09-24,0,0,1,2026-08-18T10:00:00+05:30
gav_b6ac80fa,gid_0e4c3d78,2026-09-25,1,1,1,2026-08-18T10:00:00+05:30
gav_e320dc7f,gid_0e4c3d78,2026-09-26,1,1,1.35,2026-08-18T10:00:00+05:30
gav_9471ee79,gid_0e4c3d78,2026-09-27,1,1,1.25,2026-08-18T10:00:00+05:30
gav_5a5fbc21,gid_0e4c3d78,2026-09-28,0,0,1.1,2026-08-18T10:00:00+05:30
gav_ec155138,gid_0e4c3d78,2026-09-29,0,0,1.1,2026-08-18T10:00:00+05:30
gav_ff6fc90f,gid_0e4c3d78,2026-09-30,1,2,1.1,2026-08-18T10:00:00+05:30
gav_d6ae76c1,gid_68230ce7,2026-09-01,1,1,1,2026-08-18T10:00:00+05:30
gav_fa3c4de6,gid_68230ce7,2026-09-02,0,0,1.1,2026-08-18T10:00:00+05:30
gav_489f9a4d,gid_68230ce7,2026-09-03,0,0,1,2026-08-18T10:00:00+05:30
gav_5a3112d0,gid_68230ce7,2026-09-04,0,0,1,2026-08-18T10:00:00+05:30
gav_aa813fa6,gid_68230ce7,2026-09-05,0,0,1.25,2026-08-18T10:00:00+05:30
gav_a73b9e55,gid_68230ce7,2026-09-06,1,2,1.35,2026-08-18T10:00:00+05:30
gav_cc84d160,gid_68230ce7,2026-09-07,0,0,1,2026-08-18T10:00:00+05:30
gav_6cae3001,gid_68230ce7,2026-09-08,1,1,1,2026-08-18T10:00:00+05:30
gav_80d5b561,gid_68230ce7,2026-09-09,1,1,1,2026-08-18T10:00:00+05:30
gav_e22043e9,gid_68230ce7,2026-09-10,0,0,1,2026-08-18T10:00:00+05:30
gav_cd9674fa,gid_68230ce7,2026-09-11,0,0,1.1,2026-08-18T10:00:00+05:30
gav_1569ea31,gid_68230ce7,2026-09-12,0,0,1.25,2026-08-18T10:00:00+05:30
gav_c7fed0da,gid_68230ce7,2026-09-13,0,0,1.25,2026-08-18T10:00:00+05:30
gav_fffa69eb,gid_68230ce7,2026-09-14,0,0,1.1,2026-08-18T10:00:00+05:30
gav_90d67482,gid_68230ce7,2026-09-15,1,2,1,2026-08-18T10:00:00+05:30
gav_77968748,gid_68230ce7,2026-09-16,0,0,1.1,2026-08-18T10:00:00+05:30
gav_c339955a,gid_68230ce7,2026-09-17,1,2,1,2026-08-18T10:00:00+05:30
gav_ead60d05,gid_68230ce7,2026-09-18,1,2,1.1,2026-08-18T10:00:00+05:30
gav_adbf7c50,gid_68230ce7,2026-09-19,1,2,1.25,2026-08-18T10:00:00+05:30
gav_3e909095,gid_68230ce7,2026-09-20,1,2,1.25,2026-08-18T10:00:00+05:30
gav_1589ece3,gid_68230ce7,2026-09-21,1,2,1,2026-08-18T10:00:00+05:30
gav_9c2da686,gid_68230ce7,2026-09-22,1,1,1.1,2026-08-18T10:00:00+05:30
gav_a35b6a3c,gid_68230ce7,2026-09-23,1,2,1,2026-08-18T10:00:00+05:30
gav_a8312bcc,gid_68230ce7,2026-09-24,1,1,1,2026-08-18T10:00:00+05:30
gav_b565950e,gid_68230ce7,2026-09-25,1,2,1,2026-08-18T10:00:00+05:30
gav_dce9334d,gid_68230ce7,2026-09-26,1,2,1.25,2026-08-18T10:00:00+05:30
gav_c40fd783,gid_68230ce7,2026-09-27,1,1,1.25,2026-08-18T10:00:00+05:30
gav_d37408e4,gid_68230ce7,2026-09-28,1,2,1,2026-08-18T10:00:00+05:30
gav_2c98b7a4,gid_68230ce7,2026-09-29,1,2,1.1,2026-08-18T10:00:00+05:30
gav_563eef95,gid_68230ce7,2026-09-30,1,1,1,2026-08-18T10:00:00+05:30
gav_e16876a3,gid_49aa1325,2026-09-01,1,2,1,2026-08-18T10:00:00+05:30
gav_2c7fe3e5,gid_49aa1325,2026-09-02,1,2,1,2026-08-18T10:00:00+05:30
gav_aff2b67f,gid_49aa1325,2026-09-03,1,1,1,2026-08-18T10:00:00+05:30
gav_ee80bb72,gid_49aa1325,2026-09-04,0,0,1,2026-08-18T10:00:00+05:30
gav_58f1ea57,gid_49aa1325,2026-09-05,1,1,1.25,2026-08-18T10:00:00+05:30
gav_a0766868,gid_49aa1325,2026-09-06,1,1,1.35,2026-08-18T10:00:00+05:30
gav_57a6971e,gid_49aa1325,2026-09-07,1,1,1,2026-08-18T10:00:00+05:30
gav_e6def7f2,gid_49aa1325,2026-09-08,0,0,1,2026-08-18T10:00:00+05:30
gav_c01fc1bd,gid_49aa1325,2026-09-09,1,1,1,2026-08-18T10:00:00+05:30
gav_82849f0f,gid_49aa1325,2026-09-10,1,2,1,2026-08-18T10:00:00+05:30
gav_8b28ddb9,gid_49aa1325,2026-09-11,1,1,1,2026-08-18T10:00:00+05:30
gav_2bd47027,gid_49aa1325,2026-09-12,1,1,1.25,2026-08-18T10:00:00+05:30
gav_4c0cf9f0,gid_49aa1325,2026-09-13,1,1,1.25,2026-08-18T10:00:00+05:30
gav_6b60e302,gid_49aa1325,2026-09-14,1,2,1.1,2026-08-18T10:00:00+05:30
gav_0c882bba,gid_49aa1325,2026-09-15,1,2,1,2026-08-18T10:00:00+05:30
gav_a3955998,gid_49aa1325,2026-09-16,0,0,1,2026-08-18T10:00:00+05:30
gav_d7f977ae,gid_49aa1325,2026-09-17,1,2,1,2026-08-18T10:00:00+05:30
gav_eb33cdc0,gid_49aa1325,2026-09-18,1,2,1.1,2026-08-18T10:00:00+05:30
gav_2defde2c,gid_49aa1325,2026-09-19,0,0,1.35,2026-08-18T10:00:00+05:30
gav_58d171df,gid_49aa1325,2026-09-20,1,2,1.35,2026-08-18T10:00:00+05:30
gav_2d2a838f,gid_49aa1325,2026-09-21,1,1,1,2026-08-18T10:00:00+05:30
gav_b541ca34,gid_49aa1325,2026-09-22,1,1,1.1,2026-08-18T10:00:00+05:30
gav_d8831e05,gid_49aa1325,2026-09-23,1,1,1,2026-08-18T10:00:00+05:30
gav_d16c2f79,gid_49aa1325,2026-09-24,1,1,1.1,2026-08-18T10:00:00+05:30
gav_8bc7dbab,gid_49aa1325,2026-09-25,1,2,1.1,2026-08-18T10:00:00+05:30
gav_70db6db1,gid_49aa1325,2026-09-26,1,2,1.25,2026-08-18T10:00:00+05:30
gav_6666cdbc,gid_49aa1325,2026-09-27,1,1,1.35,2026-08-18T10:00:00+05:30
gav_58df843d,gid_49aa1325,2026-09-28,1,1,1.1,2026-08-18T10:00:00+05:30
gav_5d11e846,gid_49aa1325,2026-09-29,1,2,1,2026-08-18T10:00:00+05:30
gav_bc1719a8,gid_49aa1325,2026-09-30,1,2,1,2026-08-18T10:00:00+05:30
gav_c0c5b801,gid_b59cbd75,2026-09-01,1,1,1.1,2026-08-18T10:00:00+05:30
gav_fd428c9f,gid_b59cbd75,2026-09-02,1,1,1,2026-08-18T10:00:00+05:30
gav_cd0a51b6,gid_b59cbd75,2026-09-03,1,1,1.1,2026-08-18T10:00:00+05:30
gav_0463dcb2,gid_b59cbd75,2026-09-04,0,0,1.1,2026-08-18T10:00:00+05:30
gav_f1388713,gid_b59cbd75,2026-09-05,1,1,1.25,2026-08-18T10:00:00+05:30
gav_6947f5df,gid_b59cbd75,2026-09-06,0,0,1.25,2026-08-18T10:00:00+05:30
gav_a481fe35,gid_b59cbd75,2026-09-07,1,1,1,2026-08-18T10:00:00+05:30
gav_30e763a8,gid_b59cbd75,2026-09-08,1,2,1,2026-08-18T10:00:00+05:30
gav_c95da989,gid_b59cbd75,2026-09-09,1,2,1,2026-08-18T10:00:00+05:30
gav_4f686440,gid_b59cbd75,2026-09-10,0,0,1.1,2026-08-18T10:00:00+05:30
gav_77ec98c6,gid_b59cbd75,2026-09-11,0,0,1.1,2026-08-18T10:00:00+05:30
gav_8e6b4806,gid_b59cbd75,2026-09-12,1,2,1.35,2026-08-18T10:00:00+05:30
gav_d5816f13,gid_b59cbd75,2026-09-13,1,1,1.25,2026-08-18T10:00:00+05:30
gav_1d25431a,gid_b59cbd75,2026-09-14,0,0,1,2026-08-18T10:00:00+05:30
gav_b88f0682,gid_b59cbd75,2026-09-15,1,1,1,2026-08-18T10:00:00+05:30
gav_d559c614,gid_b59cbd75,2026-09-16,0,0,1,2026-08-18T10:00:00+05:30
gav_4e605a7f,gid_b59cbd75,2026-09-17,1,1,1,2026-08-18T10:00:00+05:30
gav_6f761f45,gid_b59cbd75,2026-09-18,1,2,1.1,2026-08-18T10:00:00+05:30
gav_174f641e,gid_b59cbd75,2026-09-19,0,0,1.25,2026-08-18T10:00:00+05:30
gav_79141ddf,gid_b59cbd75,2026-09-20,1,1,1.35,2026-08-18T10:00:00+05:30
gav_79251e68,gid_b59cbd75,2026-09-21,1,1,1,2026-08-18T10:00:00+05:30
gav_20f769ab,gid_b59cbd75,2026-09-22,1,1,1,2026-08-18T10:00:00+05:30
gav_0b762ed7,gid_b59cbd75,2026-09-23,1,2,1,2026-08-18T10:00:00+05:30
gav_fb2799b4,gid_b59cbd75,2026-09-24,0,0,1.1,2026-08-18T10:00:00+05:30
gav_4488e2a3,gid_b59cbd75,2026-09-25,0,0,1,2026-08-18T10:00:00+05:30
gav_4427bd80,gid_b59cbd75,2026-09-26,1,1,1.35,2026-08-18T10:00:00+05:30
gav_117a1233,gid_b59cbd75,2026-09-27,1,2,1.25,2026-08-18T10:00:00+05:30
gav_94b13895,gid_b59cbd75,2026-09-28,1,1,1,2026-08-18T10:00:00+05:30
gav_2aba04d6,gid_b59cbd75,2026-09-29,1,2,1,2026-08-18T10:00:00+05:30
gav_61f6be87,gid_b59cbd75,2026-09-30,1,1,1,2026-08-18T10:00:00+05:30
gav_aae43749,gid_4c4c5d44,2026-09-01,1,1,1,2026-08-18T10:00:00+05:30
gav_b79bf232,gid_4c4c5d44,2026-09-02,1,2,1.1,2026-08-18T10:00:00+05:30
gav_9ae1318a,gid_4c4c5d44,2026-09-03,1,2,1,2026-08-18T10:00:00+05:30
gav_c0519b06,gid_4c4c5d44,2026-09-04,1,2,1,2026-08-18T10:00:00+05:30
gav_088258cc,gid_4c4c5d44,2026-09-05,1,2,1.35,2026-08-18T10:00:00+05:30
gav_0e776d22,gid_4c4c5d44,2026-09-06,1,2,1.35,2026-08-18T10:00:00+05:30
gav_261bb3e0,gid_4c4c5d44,2026-09-07,1,2,1,2026-08-18T10:00:00+05:30
gav_ee63e0ae,gid_4c4c5d44,2026-09-08,1,2,1,2026-08-18T10:00:00+05:30
gav_54c67482,gid_4c4c5d44,2026-09-09,0,0,1.1,2026-08-18T10:00:00+05:30
gav_4751a43b,gid_4c4c5d44,2026-09-10,0,0,1.1,2026-08-18T10:00:00+05:30
gav_8e020c31,gid_4c4c5d44,2026-09-11,1,1,1.1,2026-08-18T10:00:00+05:30
gav_5e5ccd6f,gid_4c4c5d44,2026-09-12,0,0,1.35,2026-08-18T10:00:00+05:30
gav_eede6f95,gid_4c4c5d44,2026-09-13,1,1,1.25,2026-08-18T10:00:00+05:30
gav_999364d9,gid_4c4c5d44,2026-09-14,0,0,1,2026-08-18T10:00:00+05:30
gav_9a90ff91,gid_4c4c5d44,2026-09-15,1,1,1,2026-08-18T10:00:00+05:30
gav_ed6feeaa,gid_4c4c5d44,2026-09-16,1,1,1,2026-08-18T10:00:00+05:30
gav_1555532c,gid_4c4c5d44,2026-09-17,1,2,1,2026-08-18T10:00:00+05:30
gav_3df0e2ec,gid_4c4c5d44,2026-09-18,0,0,1.1,2026-08-18T10:00:00+05:30
gav_2fdee69a,gid_4c4c5d44,2026-09-19,1,1,1.35,2026-08-18T10:00:00+05:30
gav_1cdbb576,gid_4c4c5d44,2026-09-20,1,1,1.25,2026-08-18T10:00:00+05:30
gav_5bac9d9e,gid_4c4c5d44,2026-09-21,1,1,1,2026-08-18T10:00:00+05:30
gav_c57f70a0,gid_4c4c5d44,2026-09-22,1,2,1.1,2026-08-18T10:00:00+05:30
gav_93303036,gid_4c4c5d44,2026-09-23,0,0,1,2026-08-18T10:00:00+05:30
gav_e50f9102,gid_4c4c5d44,2026-09-24,1,2,1,2026-08-18T10:00:00+05:30
gav_1c218496,gid_4c4c5d44,2026-09-25,1,1,1,2026-08-18T10:00:00+05:30
gav_bf8ab958,gid_4c4c5d44,2026-09-26,1,2,1.35,2026-08-18T10:00:00+05:30
gav_b1578a84,gid_4c4c5d44,2026-09-27,1,2,1.25,2026-08-18T10:00:00+05:30
gav_02d4a8ef,gid_4c4c5d44,2026-09-28,1,2,1,2026-08-18T10:00:00+05:30
gav_939850b2,gid_4c4c5d44,2026-09-29,0,0,1,2026-08-18T10:00:00+05:30
gav_02d46fbd,gid_4c4c5d44,2026-09-30,0,0,1,2026-08-18T10:00:00+05:30
gav_0033b338,gid_6c9943e8,2026-09-01,1,1,1.1,2026-08-18T10:00:00+05:30
gav_a0b2e015,gid_6c9943e8,2026-09-02,1,1,1,2026-08-18T10:00:00+05:30
gav_576ca168,gid_6c9943e8,2026-09-03,0,0,1.1,2026-08-18T10:00:00+05:30
gav_41cebca6,gid_6c9943e8,2026-09-04,1,1,1,2026-08-18T10:00:00+05:30
gav_3cd28090,gid_6c9943e8,2026-09-05,1,1,1.25,2026-08-18T10:00:00+05:30
gav_7c111b8e,gid_6c9943e8,2026-09-06,1,1,1.25,2026-08-18T10:00:00+05:30
gav_9df1471d,gid_6c9943e8,2026-09-07,1,2,1,2026-08-18T10:00:00+05:30
gav_4681c67b,gid_6c9943e8,2026-09-08,1,2,1.1,2026-08-18T10:00:00+05:30
gav_8c934209,gid_6c9943e8,2026-09-09,0,0,1.1,2026-08-18T10:00:00+05:30
gav_256b0318,gid_6c9943e8,2026-09-10,1,2,1.1,2026-08-18T10:00:00+05:30
gav_1d54a607,gid_6c9943e8,2026-09-11,1,2,1,2026-08-18T10:00:00+05:30
gav_41ae0d98,gid_6c9943e8,2026-09-12,0,0,1.25,2026-08-18T10:00:00+05:30
gav_8c6ad85c,gid_6c9943e8,2026-09-13,1,2,1.25,2026-08-18T10:00:00+05:30
gav_c7ddbac6,gid_6c9943e8,2026-09-14,1,2,1,2026-08-18T10:00:00+05:30
gav_661a318a,gid_6c9943e8,2026-09-15,0,0,1,2026-08-18T10:00:00+05:30
gav_e4fd33d7,gid_6c9943e8,2026-09-16,0,0,1.1,2026-08-18T10:00:00+05:30
gav_692ba09d,gid_6c9943e8,2026-09-17,1,2,1,2026-08-18T10:00:00+05:30
gav_647f5e53,gid_6c9943e8,2026-09-18,0,0,1.1,2026-08-18T10:00:00+05:30
gav_e25e31ba,gid_6c9943e8,2026-09-19,1,1,1.25,2026-08-18T10:00:00+05:30
gav_436b40ce,gid_6c9943e8,2026-09-20,0,0,1.25,2026-08-18T10:00:00+05:30
gav_714779f7,gid_6c9943e8,2026-09-21,1,2,1,2026-08-18T10:00:00+05:30
gav_14853b82,gid_6c9943e8,2026-09-22,1,1,1,2026-08-18T10:00:00+05:30
gav_16fe201b,gid_6c9943e8,2026-09-23,1,2,1.1,2026-08-18T10:00:00+05:30
gav_b94655df,gid_6c9943e8,2026-09-24,1,1,1.1,2026-08-18T10:00:00+05:30
gav_7506632e,gid_6c9943e8,2026-09-25,1,1,1.1,2026-08-18T10:00:00+05:30
gav_5077870e,gid_6c9943e8,2026-09-26,1,2,1.25,2026-08-18T10:00:00+05:30
gav_84203288,gid_6c9943e8,2026-09-27,1,1,1.35,2026-08-18T10:00:00+05:30
gav_77ac21f1,gid_6c9943e8,2026-09-28,1,1,1,2026-08-18T10:00:00+05:30
gav_4569ae6e,gid_6c9943e8,2026-09-29,0,0,1.1,2026-08-18T10:00:00+05:30
gav_490b02d8,gid_6c9943e8,2026-09-30,0,0,1,2026-08-18T10:00:00+05:30
gav_a1f907a2,gid_3c7601ca,2026-09-01,1,1,1.1,2026-08-18T10:00:00+05:30
gav_1ea34182,gid_3c7601ca,2026-09-02,0,0,1,2026-08-18T10:00:00+05:30
gav_7c1eecb7,gid_3c7601ca,2026-09-03,0,0,1,2026-08-18T10:00:00+05:30
gav_c7afd4db,gid_3c7601ca,2026-09-04,1,1,1.1,2026-08-18T10:00:00+05:30
gav_7ed5f264,gid_3c7601ca,2026-09-05,1,1,1.25,2026-08-18T10:00:00+05:30
gav_59530096,gid_3c7601ca,2026-09-06,0,0,1.25,2026-08-18T10:00:00+05:30
gav_fed14de7,gid_3c7601ca,2026-09-07,1,2,1,2026-08-18T10:00:00+05:30
gav_21341048,gid_3c7601ca,2026-09-08,1,1,1,2026-08-18T10:00:00+05:30
gav_d2bab58d,gid_3c7601ca,2026-09-09,1,1,1.1,2026-08-18T10:00:00+05:30
gav_6fc5c027,gid_3c7601ca,2026-09-10,1,1,1.1,2026-08-18T10:00:00+05:30
gav_ff7d8fe0,gid_3c7601ca,2026-09-11,1,2,1.1,2026-08-18T10:00:00+05:30
gav_bc13b754,gid_3c7601ca,2026-09-12,1,2,1.35,2026-08-18T10:00:00+05:30
gav_ae23f17c,gid_3c7601ca,2026-09-13,1,2,1.25,2026-08-18T10:00:00+05:30
gav_0ab8007d,gid_3c7601ca,2026-09-14,1,2,1,2026-08-18T10:00:00+05:30
gav_b684e400,gid_3c7601ca,2026-09-15,0,0,1,2026-08-18T10:00:00+05:30
gav_9e694397,gid_3c7601ca,2026-09-16,1,1,1,2026-08-18T10:00:00+05:30
gav_8092469c,gid_3c7601ca,2026-09-17,1,2,1,2026-08-18T10:00:00+05:30
gav_0f989fcb,gid_3c7601ca,2026-09-18,1,2,1,2026-08-18T10:00:00+05:30
gav_77947612,gid_3c7601ca,2026-09-19,0,0,1.35,2026-08-18T10:00:00+05:30
gav_d0cd903a,gid_3c7601ca,2026-09-20,0,0,1.35,2026-08-18T10:00:00+05:30
gav_2ac9f817,gid_3c7601ca,2026-09-21,0,0,1.1,2026-08-18T10:00:00+05:30
gav_ae233df6,gid_3c7601ca,2026-09-22,1,2,1,2026-08-18T10:00:00+05:30
gav_f5d56167,gid_3c7601ca,2026-09-23,0,0,1.1,2026-08-18T10:00:00+05:30
gav_320e72cf,gid_3c7601ca,2026-09-24,0,0,1,2026-08-18T10:00:00+05:30
gav_93c60734,gid_3c7601ca,2026-09-25,0,0,1,2026-08-18T10:00:00+05:30
gav_5f998333,gid_3c7601ca,2026-09-26,1,1,1.25,2026-08-18T10:00:00+05:30
gav_2c2da132,gid_3c7601ca,2026-09-27,1,2,1.25,2026-08-18T10:00:00+05:30
gav_ab1784e4,gid_3c7601ca,2026-09-28,1,1,1,2026-08-18T10:00:00+05:30
gav_7860c99d,gid_3c7601ca,2026-09-29,0,0,1,2026-08-18T10:00:00+05:30
gav_287aa3d9,gid_3c7601ca,2026-09-30,1,2,1.1,2026-08-18T10:00:00+05:30
gav_4e34ccfe,gid_c9dd3bd3,2026-09-01,1,1,1,2026-08-18T10:00:00+05:30
gav_0c5408e6,gid_c9dd3bd3,2026-09-02,0,0,1,2026-08-18T10:00:00+05:30
gav_2d3ea260,gid_c9dd3bd3,2026-09-03,1,2,1,2026-08-18T10:00:00+05:30
gav_37733c9f,gid_c9dd3bd3,2026-09-04,0,0,1,2026-08-18T10:00:00+05:30
gav_a3083165,gid_c9dd3bd3,2026-09-05,1,2,1.35,2026-08-18T10:00:00+05:30
gav_b0e2db64,gid_c9dd3bd3,2026-09-06,1,1,1.25,2026-08-18T10:00:00+05:30
gav_b4feddf1,gid_c9dd3bd3,2026-09-07,0,0,1,2026-08-18T10:00:00+05:30
gav_3c37f4fa,gid_c9dd3bd3,2026-09-08,1,2,1,2026-08-18T10:00:00+05:30
gav_ce1d09f5,gid_c9dd3bd3,2026-09-09,1,2,1,2026-08-18T10:00:00+05:30
gav_7ebece57,gid_c9dd3bd3,2026-09-10,1,1,1.1,2026-08-18T10:00:00+05:30
gav_26e8e68e,gid_c9dd3bd3,2026-09-11,0,0,1,2026-08-18T10:00:00+05:30
gav_9606d450,gid_c9dd3bd3,2026-09-12,1,2,1.35,2026-08-18T10:00:00+05:30
gav_a71b045e,gid_c9dd3bd3,2026-09-13,1,2,1.25,2026-08-18T10:00:00+05:30
gav_5b75e50e,gid_c9dd3bd3,2026-09-14,1,1,1,2026-08-18T10:00:00+05:30
gav_8e285ded,gid_c9dd3bd3,2026-09-15,1,2,1,2026-08-18T10:00:00+05:30
gav_037bb93e,gid_c9dd3bd3,2026-09-16,1,2,1,2026-08-18T10:00:00+05:30
gav_a9e71deb,gid_c9dd3bd3,2026-09-17,0,0,1.1,2026-08-18T10:00:00+05:30
gav_ac90c15e,gid_c9dd3bd3,2026-09-18,1,2,1.1,2026-08-18T10:00:00+05:30
gav_f5854f42,gid_c9dd3bd3,2026-09-19,1,2,1.25,2026-08-18T10:00:00+05:30
gav_c626e1e8,gid_c9dd3bd3,2026-09-20,0,0,1.35,2026-08-18T10:00:00+05:30
gav_3c69c904,gid_c9dd3bd3,2026-09-21,1,2,1,2026-08-18T10:00:00+05:30
gav_fa4d572c,gid_c9dd3bd3,2026-09-22,0,0,1,2026-08-18T10:00:00+05:30
gav_c855bf26,gid_c9dd3bd3,2026-09-23,1,1,1.1,2026-08-18T10:00:00+05:30
gav_c281621a,gid_c9dd3bd3,2026-09-24,0,0,1,2026-08-18T10:00:00+05:30
gav_ed286b10,gid_c9dd3bd3,2026-09-25,0,0,1.1,2026-08-18T10:00:00+05:30
gav_646f55c8,gid_c9dd3bd3,2026-09-26,1,1,1.25,2026-08-18T10:00:00+05:30
gav_40286382,gid_c9dd3bd3,2026-09-27,1,1,1.35,2026-08-18T10:00:00+05:30
gav_d910f6d5,gid_c9dd3bd3,2026-09-28,1,1,1.1,2026-08-18T10:00:00+05:30
gav_1c67aefa,gid_c9dd3bd3,2026-09-29,0,0,1.1,2026-08-18T10:00:00+05:30
gav_0f10bfc9,gid_c9dd3bd3,2026-09-30,1,1,1,2026-08-18T10:00:00+05:30
gav_ddf8bb21,gid_fd995272,2026-09-01,1,2,1,2026-08-18T10:00:00+05:30
gav_e30e2ddb,gid_fd995272,2026-09-02,0,0,1,2026-08-18T10:00:00+05:30
gav_3d13a29c,gid_fd995272,2026-09-03,1,1,1,2026-08-18T10:00:00+05:30
gav_621176cd,gid_fd995272,2026-09-04,1,2,1,2026-08-18T10:00:00+05:30
gav_3fff08cb,gid_fd995272,2026-09-05,1,2,1.25,2026-08-18T10:00:00+05:30
gav_888c3a3f,gid_fd995272,2026-09-06,1,2,1.35,2026-08-18T10:00:00+05:30
gav_4f6d10ad,gid_fd995272,2026-09-07,0,0,1,2026-08-18T10:00:00+05:30
gav_c4ef4752,gid_fd995272,2026-09-08,1,2,1.1,2026-08-18T10:00:00+05:30
gav_e103d77d,gid_fd995272,2026-09-09,1,1,1.1,2026-08-18T10:00:00+05:30
gav_415fe429,gid_fd995272,2026-09-10,1,1,1,2026-08-18T10:00:00+05:30
gav_ffd38b06,gid_fd995272,2026-09-11,0,0,1,2026-08-18T10:00:00+05:30
gav_5b8ff6bd,gid_fd995272,2026-09-12,1,2,1.25,2026-08-18T10:00:00+05:30
gav_46f078eb,gid_fd995272,2026-09-13,1,2,1.35,2026-08-18T10:00:00+05:30
gav_e4635e20,gid_fd995272,2026-09-14,1,2,1,2026-08-18T10:00:00+05:30
gav_3da32661,gid_fd995272,2026-09-15,1,2,1.1,2026-08-18T10:00:00+05:30
gav_13b548a1,gid_fd995272,2026-09-16,1,1,1,2026-08-18T10:00:00+05:30
gav_991adac2,gid_fd995272,2026-09-17,1,2,1.1,2026-08-18T10:00:00+05:30
gav_9e8491a4,gid_fd995272,2026-09-18,0,0,1,2026-08-18T10:00:00+05:30
gav_7f1ec6cf,gid_fd995272,2026-09-19,0,0,1.25,2026-08-18T10:00:00+05:30
gav_7b978835,gid_fd995272,2026-09-20,1,2,1.25,2026-08-18T10:00:00+05:30
gav_790ca121,gid_fd995272,2026-09-21,1,2,1,2026-08-18T10:00:00+05:30
gav_d17ab0de,gid_fd995272,2026-09-22,0,0,1,2026-08-18T10:00:00+05:30
gav_cce7374d,gid_fd995272,2026-09-23,0,0,1.1,2026-08-18T10:00:00+05:30
gav_88eeb67b,gid_fd995272,2026-09-24,1,2,1,2026-08-18T10:00:00+05:30
gav_b76579a5,gid_fd995272,2026-09-25,0,0,1.1,2026-08-18T10:00:00+05:30
gav_a9ec5de5,gid_fd995272,2026-09-26,1,1,1.35,2026-08-18T10:00:00+05:30
gav_4a72018d,gid_fd995272,2026-09-27,0,0,1.35,2026-08-18T10:00:00+05:30
gav_d0dde602,gid_fd995272,2026-09-28,0,0,1,2026-08-18T10:00:00+05:30
gav_8b861ce7,gid_fd995272,2026-09-29,1,2,1.1,2026-08-18T10:00:00+05:30
gav_9292543f,gid_fd995272,2026-09-30,1,2,1,2026-08-18T10:00:00+05:30
gav_f0baecf3,gid_52b70b35,2026-09-01,1,2,1,2026-08-18T10:00:00+05:30
gav_76bffdfe,gid_52b70b35,2026-09-02,1,1,1,2026-08-18T10:00:00+05:30
gav_484f052a,gid_52b70b35,2026-09-03,0,0,1,2026-08-18T10:00:00+05:30
gav_0dbd569d,gid_52b70b35,2026-09-04,1,2,1.1,2026-08-18T10:00:00+05:30
gav_0115a6d9,gid_52b70b35,2026-09-05,1,2,1.35,2026-08-18T10:00:00+05:30
gav_c6c571b9,gid_52b70b35,2026-09-06,0,0,1.25,2026-08-18T10:00:00+05:30
gav_35d3de96,gid_52b70b35,2026-09-07,0,0,1,2026-08-18T10:00:00+05:30
gav_3b7d7679,gid_52b70b35,2026-09-08,1,2,1,2026-08-18T10:00:00+05:30
gav_2cbf8c8e,gid_52b70b35,2026-09-09,1,2,1.1,2026-08-18T10:00:00+05:30
gav_367c0e74,gid_52b70b35,2026-09-10,1,2,1.1,2026-08-18T10:00:00+05:30
gav_2c630924,gid_52b70b35,2026-09-11,1,1,1,2026-08-18T10:00:00+05:30
gav_dc2b232d,gid_52b70b35,2026-09-12,0,0,1.25,2026-08-18T10:00:00+05:30
gav_8f920a08,gid_52b70b35,2026-09-13,0,0,1.35,2026-08-18T10:00:00+05:30
gav_ebb18a7b,gid_52b70b35,2026-09-14,1,1,1,2026-08-18T10:00:00+05:30
gav_e21440b2,gid_52b70b35,2026-09-15,1,2,1,2026-08-18T10:00:00+05:30
gav_f860116a,gid_52b70b35,2026-09-16,1,2,1.1,2026-08-18T10:00:00+05:30
gav_c09223d9,gid_52b70b35,2026-09-17,1,1,1,2026-08-18T10:00:00+05:30
gav_0d13ccf3,gid_52b70b35,2026-09-18,1,2,1,2026-08-18T10:00:00+05:30
gav_32d7894f,gid_52b70b35,2026-09-19,1,1,1.25,2026-08-18T10:00:00+05:30
gav_d1d236f7,gid_52b70b35,2026-09-20,1,2,1.25,2026-08-18T10:00:00+05:30
gav_d7f52e62,gid_52b70b35,2026-09-21,1,2,1,2026-08-18T10:00:00+05:30
gav_284d0180,gid_52b70b35,2026-09-22,1,2,1,2026-08-18T10:00:00+05:30
gav_71963eb5,gid_52b70b35,2026-09-23,0,0,1,2026-08-18T10:00:00+05:30
gav_8bab1852,gid_52b70b35,2026-09-24,1,2,1,2026-08-18T10:00:00+05:30
gav_980fd014,gid_52b70b35,2026-09-25,0,0,1.1,2026-08-18T10:00:00+05:30
gav_288d7d6c,gid_52b70b35,2026-09-26,0,0,1.25,2026-08-18T10:00:00+05:30
gav_c72ab908,gid_52b70b35,2026-09-27,1,2,1.35,2026-08-18T10:00:00+05:30
gav_f7dc0394,gid_52b70b35,2026-09-28,1,1,1.1,2026-08-18T10:00:00+05:30
gav_28379676,gid_52b70b35,2026-09-29,1,2,1,2026-08-18T10:00:00+05:30
gav_fcf8fe74,gid_52b70b35,2026-09-30,1,1,1.1,2026-08-18T10:00:00+05:30
gav_0d24144d,gid_8cd46f07,2026-09-01,1,1,1.1,2026-08-18T10:00:00+05:30
gav_836c1d7c,gid_8cd46f07,2026-09-02,0,0,1.1,2026-08-18T10:00:00+05:30
gav_083fa8af,gid_8cd46f07,2026-09-03,1,1,1.1,2026-08-18T10:00:00+05:30
gav_6dabe8c9,gid_8cd46f07,2026-09-04,1,2,1.1,2026-08-18T10:00:00+05:30
gav_ddff69a4,gid_8cd46f07,2026-09-05,1,1,1.35,2026-08-18T10:00:00+05:30
gav_519d74ab,gid_8cd46f07,2026-09-06,0,0,1.25,2026-08-18T10:00:00+05:30
gav_945bde72,gid_8cd46f07,2026-09-07,1,2,1.1,2026-08-18T10:00:00+05:30
gav_27272a49,gid_8cd46f07,2026-09-08,1,2,1.1,2026-08-18T10:00:00+05:30
gav_80adf2f1,gid_8cd46f07,2026-09-09,1,2,1.1,2026-08-18T10:00:00+05:30
gav_8872639e,gid_8cd46f07,2026-09-10,1,2,1,2026-08-18T10:00:00+05:30
gav_f60fa2c2,gid_8cd46f07,2026-09-11,0,0,1.1,2026-08-18T10:00:00+05:30
gav_14bea6c0,gid_8cd46f07,2026-09-12,0,0,1.25,2026-08-18T10:00:00+05:30
gav_80bca500,gid_8cd46f07,2026-09-13,1,2,1.35,2026-08-18T10:00:00+05:30
gav_36bc9db3,gid_8cd46f07,2026-09-14,1,1,1,2026-08-18T10:00:00+05:30
gav_2e5cfe93,gid_8cd46f07,2026-09-15,1,2,1.1,2026-08-18T10:00:00+05:30
gav_b2514ec9,gid_8cd46f07,2026-09-16,1,2,1,2026-08-18T10:00:00+05:30
gav_063815f5,gid_8cd46f07,2026-09-17,1,1,1,2026-08-18T10:00:00+05:30
gav_7b2c8c43,gid_8cd46f07,2026-09-18,1,2,1,2026-08-18T10:00:00+05:30
gav_c881ddde,gid_8cd46f07,2026-09-19,1,2,1.25,2026-08-18T10:00:00+05:30
gav_56537cca,gid_8cd46f07,2026-09-20,1,2,1.35,2026-08-18T10:00:00+05:30
gav_813821b1,gid_8cd46f07,2026-09-21,0,0,1,2026-08-18T10:00:00+05:30
gav_6a5bc420,gid_8cd46f07,2026-09-22,1,1,1,2026-08-18T10:00:00+05:30
gav_8dfcb3d7,gid_8cd46f07,2026-09-23,1,1,1,2026-08-18T10:00:00+05:30
gav_3674ccb1,gid_8cd46f07,2026-09-24,1,2,1,2026-08-18T10:00:00+05:30
gav_cfc9d43a,gid_8cd46f07,2026-09-25,0,0,1,2026-08-18T10:00:00+05:30
gav_679d37e0,gid_8cd46f07,2026-09-26,0,0,1.35,2026-08-18T10:00:00+05:30
gav_42ddfeee,gid_8cd46f07,2026-09-27,0,0,1.25,2026-08-18T10:00:00+05:30
gav_7e46939c,gid_8cd46f07,2026-09-28,1,2,1,2026-08-18T10:00:00+05:30
gav_490f9212,gid_8cd46f07,2026-09-29,1,1,1,2026-08-18T10:00:00+05:30
gav_51b9c82b,gid_8cd46f07,2026-09-30,1,1,1,2026-08-18T10:00:00+05:30
gav_08d1b59d,gid_7cdf70ec,2026-09-01,1,2,1.1,2026-08-18T10:00:00+05:30
gav_2373a484,gid_7cdf70ec,2026-09-02,1,1,1.1,2026-08-18T10:00:00+05:30
gav_a9a250b1,gid_7cdf70ec,2026-09-03,0,0,1,2026-08-18T10:00:00+05:30
gav_e361c812,gid_7cdf70ec,2026-09-04,1,1,1.1,2026-08-18T10:00:00+05:30
gav_3910ee41,gid_7cdf70ec,2026-09-05,0,0,1.25,2026-08-18T10:00:00+05:30
gav_93da3ed1,gid_7cdf70ec,2026-09-06,1,1,1.35,2026-08-18T10:00:00+05:30
gav_0ab47a22,gid_7cdf70ec,2026-09-07,0,0,1,2026-08-18T10:00:00+05:30
gav_4d5c2210,gid_7cdf70ec,2026-09-08,0,0,1,2026-08-18T10:00:00+05:30
gav_27466261,gid_7cdf70ec,2026-09-09,1,2,1,2026-08-18T10:00:00+05:30
gav_c67e4231,gid_7cdf70ec,2026-09-10,1,2,1,2026-08-18T10:00:00+05:30
gav_c1514d32,gid_7cdf70ec,2026-09-11,0,0,1.1,2026-08-18T10:00:00+05:30
gav_ef70e277,gid_7cdf70ec,2026-09-12,1,1,1.35,2026-08-18T10:00:00+05:30
gav_92ce996e,gid_7cdf70ec,2026-09-13,1,2,1.25,2026-08-18T10:00:00+05:30
gav_6ad70a85,gid_7cdf70ec,2026-09-14,1,2,1.1,2026-08-18T10:00:00+05:30
gav_2381a58e,gid_7cdf70ec,2026-09-15,1,1,1.1,2026-08-18T10:00:00+05:30
gav_b9983632,gid_7cdf70ec,2026-09-16,1,2,1.1,2026-08-18T10:00:00+05:30
gav_cca93de9,gid_7cdf70ec,2026-09-17,1,2,1.1,2026-08-18T10:00:00+05:30
gav_fbd77665,gid_7cdf70ec,2026-09-18,1,2,1.1,2026-08-18T10:00:00+05:30
gav_3638808f,gid_7cdf70ec,2026-09-19,1,2,1.25,2026-08-18T10:00:00+05:30
gav_a89a992c,gid_7cdf70ec,2026-09-20,1,1,1.35,2026-08-18T10:00:00+05:30
gav_80a1a952,gid_7cdf70ec,2026-09-21,0,0,1,2026-08-18T10:00:00+05:30
gav_f54920df,gid_7cdf70ec,2026-09-22,1,2,1.1,2026-08-18T10:00:00+05:30
gav_b08a88ba,gid_7cdf70ec,2026-09-23,0,0,1,2026-08-18T10:00:00+05:30
gav_b7aee19c,gid_7cdf70ec,2026-09-24,1,2,1,2026-08-18T10:00:00+05:30
gav_abb605d0,gid_7cdf70ec,2026-09-25,1,2,1.1,2026-08-18T10:00:00+05:30
gav_6a1750a8,gid_7cdf70ec,2026-09-26,1,2,1.25,2026-08-18T10:00:00+05:30
gav_48dd95f6,gid_7cdf70ec,2026-09-27,1,2,1.25,2026-08-18T10:00:00+05:30
gav_bc2a46ca,gid_7cdf70ec,2026-09-28,0,0,1,2026-08-18T10:00:00+05:30
gav_ab1d44a1,gid_7cdf70ec,2026-09-29,1,1,1.1,2026-08-18T10:00:00+05:30
gav_07191736,gid_7cdf70ec,2026-09-30,0,0,1.1,2026-08-18T10:00:00+05:30
gav_6910b3f2,gid_9d9fcba5,2026-09-01,1,2,1.1,2026-08-18T10:00:00+05:30
gav_af4edb9e,gid_9d9fcba5,2026-09-02,1,2,1,2026-08-18T10:00:00+05:30
gav_e7024751,gid_9d9fcba5,2026-09-03,0,0,1,2026-08-18T10:00:00+05:30
gav_3fa05069,gid_9d9fcba5,2026-09-04,1,1,1.1,2026-08-18T10:00:00+05:30
gav_4146419d,gid_9d9fcba5,2026-09-05,1,2,1.25,2026-08-18T10:00:00+05:30
gav_dc6c3390,gid_9d9fcba5,2026-09-06,1,2,1.35,2026-08-18T10:00:00+05:30
gav_e61f45e5,gid_9d9fcba5,2026-09-07,1,1,1.1,2026-08-18T10:00:00+05:30
gav_d0402949,gid_9d9fcba5,2026-09-08,1,1,1.1,2026-08-18T10:00:00+05:30
gav_e0a21918,gid_9d9fcba5,2026-09-09,1,1,1.1,2026-08-18T10:00:00+05:30
gav_3fb5e68d,gid_9d9fcba5,2026-09-10,0,0,1.1,2026-08-18T10:00:00+05:30
gav_dd789f46,gid_9d9fcba5,2026-09-11,0,0,1,2026-08-18T10:00:00+05:30
gav_752053df,gid_9d9fcba5,2026-09-12,1,2,1.25,2026-08-18T10:00:00+05:30
gav_0e7e6046,gid_9d9fcba5,2026-09-13,1,1,1.35,2026-08-18T10:00:00+05:30
gav_01eb036e,gid_9d9fcba5,2026-09-14,1,1,1,2026-08-18T10:00:00+05:30
gav_1dec75d5,gid_9d9fcba5,2026-09-15,1,2,1,2026-08-18T10:00:00+05:30
gav_5007b111,gid_9d9fcba5,2026-09-16,0,0,1.1,2026-08-18T10:00:00+05:30
gav_9e3ce7a9,gid_9d9fcba5,2026-09-17,1,1,1.1,2026-08-18T10:00:00+05:30
gav_87bcac6d,gid_9d9fcba5,2026-09-18,0,0,1.1,2026-08-18T10:00:00+05:30
gav_fe437d50,gid_9d9fcba5,2026-09-19,1,1,1.25,2026-08-18T10:00:00+05:30
gav_937be7d9,gid_9d9fcba5,2026-09-20,1,2,1.25,2026-08-18T10:00:00+05:30
gav_23215d96,gid_9d9fcba5,2026-09-21,1,2,1.1,2026-08-18T10:00:00+05:30
gav_e11e4481,gid_9d9fcba5,2026-09-22,1,2,1,2026-08-18T10:00:00+05:30
gav_19bf8ecb,gid_9d9fcba5,2026-09-23,1,1,1.1,2026-08-18T10:00:00+05:30
gav_ce629e09,gid_9d9fcba5,2026-09-24,0,0,1,2026-08-18T10:00:00+05:30
gav_1fc72632,gid_9d9fcba5,2026-09-25,0,0,1,2026-08-18T10:00:00+05:30
gav_2dc25efc,gid_9d9fcba5,2026-09-26,1,2,1.25,2026-08-18T10:00:00+05:30
gav_40169170,gid_9d9fcba5,2026-09-27,0,0,1.35,2026-08-18T10:00:00+05:30
gav_e359343f,gid_9d9fcba5,2026-09-28,0,0,1.1,2026-08-18T10:00:00+05:30
gav_3c998dfe,gid_9d9fcba5,2026-09-29,1,1,1,2026-08-18T10:00:00+05:30
gav_55fd8d44,gid_9d9fcba5,2026-09-30,0,0,1,2026-08-18T10:00:00+05:30
gav_3a0c272e,gid_4fc5d2a3,2026-09-01,0,0,1,2026-08-18T10:00:00+05:30
gav_6c7195c8,gid_4fc5d2a3,2026-09-02,0,0,1,2026-08-18T10:00:00+05:30
gav_faa8af5f,gid_4fc5d2a3,2026-09-03,1,1,1,2026-08-18T10:00:00+05:30
gav_84e9a469,gid_4fc5d2a3,2026-09-04,1,2,1,2026-08-18T10:00:00+05:30
gav_4bd534f1,gid_4fc5d2a3,2026-09-05,0,0,1.35,2026-08-18T10:00:00+05:30
gav_a7220e36,gid_4fc5d2a3,2026-09-06,1,2,1.25,2026-08-18T10:00:00+05:30
gav_943349fe,gid_4fc5d2a3,2026-09-07,1,1,1.1,2026-08-18T10:00:00+05:30
gav_e895b81c,gid_4fc5d2a3,2026-09-08,1,2,1.1,2026-08-18T10:00:00+05:30
gav_7cf81cc4,gid_4fc5d2a3,2026-09-09,0,0,1,2026-08-18T10:00:00+05:30
gav_7dfb16fc,gid_4fc5d2a3,2026-09-10,1,2,1.1,2026-08-18T10:00:00+05:30
gav_7cf386d7,gid_4fc5d2a3,2026-09-11,1,2,1.1,2026-08-18T10:00:00+05:30
gav_5719e3cf,gid_4fc5d2a3,2026-09-12,0,0,1.25,2026-08-18T10:00:00+05:30
gav_e304b063,gid_4fc5d2a3,2026-09-13,1,1,1.35,2026-08-18T10:00:00+05:30
gav_0fc38f23,gid_4fc5d2a3,2026-09-14,0,0,1,2026-08-18T10:00:00+05:30
gav_5531ec64,gid_4fc5d2a3,2026-09-15,1,1,1.1,2026-08-18T10:00:00+05:30
gav_5fc84906,gid_4fc5d2a3,2026-09-16,0,0,1,2026-08-18T10:00:00+05:30
gav_60cc4452,gid_4fc5d2a3,2026-09-17,0,0,1,2026-08-18T10:00:00+05:30
gav_6cc647c2,gid_4fc5d2a3,2026-09-18,1,1,1,2026-08-18T10:00:00+05:30
gav_0dc85340,gid_4fc5d2a3,2026-09-19,1,2,1.25,2026-08-18T10:00:00+05:30
gav_ae860ba8,gid_4fc5d2a3,2026-09-20,1,2,1.25,2026-08-18T10:00:00+05:30
gav_9278587e,gid_4fc5d2a3,2026-09-21,0,0,1,2026-08-18T10:00:00+05:30
gav_bb380ec7,gid_4fc5d2a3,2026-09-22,0,0,1.1,2026-08-18T10:00:00+05:30
gav_195acce2,gid_4fc5d2a3,2026-09-23,0,0,1,2026-08-18T10:00:00+05:30
gav_a03125f4,gid_4fc5d2a3,2026-09-24,1,2,1,2026-08-18T10:00:00+05:30
gav_bc61f383,gid_4fc5d2a3,2026-09-25,0,0,1,2026-08-18T10:00:00+05:30
gav_d49d798a,gid_4fc5d2a3,2026-09-26,0,0,1.25,2026-08-18T10:00:00+05:30
gav_6511b295,gid_4fc5d2a3,2026-09-27,1,1,1.25,2026-08-18T10:00:00+05:30
gav_fe3f04a6,gid_4fc5d2a3,2026-09-28,1,2,1,2026-08-18T10:00:00+05:30
gav_43644f33,gid_4fc5d2a3,2026-09-29,1,1,1,2026-08-18T10:00:00+05:30
gav_9a7eb431,gid_4fc5d2a3,2026-09-30,1,1,1,2026-08-18T10:00:00+05:30
gav_2904119c,gid_4633207d,2026-09-01,1,2,1.1,2026-08-18T10:00:00+05:30
gav_8778b2ff,gid_4633207d,2026-09-02,1,1,1.1,2026-08-18T10:00:00+05:30
gav_f67bafce,gid_4633207d,2026-09-03,0,0,1.1,2026-08-18T10:00:00+05:30
gav_833ce9b0,gid_4633207d,2026-09-04,1,1,1.1,2026-08-18T10:00:00+05:30
gav_fdfe8fbb,gid_4633207d,2026-09-05,1,1,1.35,2026-08-18T10:00:00+05:30
gav_9bc6b5e3,gid_4633207d,2026-09-06,1,2,1.25,2026-08-18T10:00:00+05:30
gav_03faa753,gid_4633207d,2026-09-07,1,2,1.1,2026-08-18T10:00:00+05:30
gav_449baae3,gid_4633207d,2026-09-08,0,0,1.1,2026-08-18T10:00:00+05:30
gav_4afa0c50,gid_4633207d,2026-09-09,0,0,1,2026-08-18T10:00:00+05:30
gav_2a4a3ffa,gid_4633207d,2026-09-10,1,1,1.1,2026-08-18T10:00:00+05:30
gav_7971e07a,gid_4633207d,2026-09-11,1,1,1,2026-08-18T10:00:00+05:30
gav_86f7b1af,gid_4633207d,2026-09-12,1,2,1.35,2026-08-18T10:00:00+05:30
gav_d74364aa,gid_4633207d,2026-09-13,1,2,1.25,2026-08-18T10:00:00+05:30
gav_868811fc,gid_4633207d,2026-09-14,1,1,1,2026-08-18T10:00:00+05:30
gav_4a117546,gid_4633207d,2026-09-15,1,2,1,2026-08-18T10:00:00+05:30
gav_a2113fdd,gid_4633207d,2026-09-16,1,2,1,2026-08-18T10:00:00+05:30
gav_6341177a,gid_4633207d,2026-09-17,1,2,1.1,2026-08-18T10:00:00+05:30
gav_31f0d8dd,gid_4633207d,2026-09-18,1,1,1,2026-08-18T10:00:00+05:30
gav_d9ff8f40,gid_4633207d,2026-09-19,1,2,1.35,2026-08-18T10:00:00+05:30
gav_76e6d966,gid_4633207d,2026-09-20,1,1,1.25,2026-08-18T10:00:00+05:30
gav_7ea4f4ca,gid_4633207d,2026-09-21,0,0,1,2026-08-18T10:00:00+05:30
gav_ee74131d,gid_4633207d,2026-09-22,1,1,1.1,2026-08-18T10:00:00+05:30
gav_4f50193d,gid_4633207d,2026-09-23,1,1,1.1,2026-08-18T10:00:00+05:30
gav_16b7e4bf,gid_4633207d,2026-09-24,1,2,1,2026-08-18T10:00:00+05:30
gav_ac738a93,gid_4633207d,2026-09-25,1,1,1,2026-08-18T10:00:00+05:30
gav_fe55e898,gid_4633207d,2026-09-26,1,1,1.35,2026-08-18T10:00:00+05:30
gav_2cf9cb66,gid_4633207d,2026-09-27,1,2,1.35,2026-08-18T10:00:00+05:30
gav_dffe9fc5,gid_4633207d,2026-09-28,1,2,1,2026-08-18T10:00:00+05:30
gav_1020d596,gid_4633207d,2026-09-29,1,1,1.1,2026-08-18T10:00:00+05:30
gav_b1690004,gid_4633207d,2026-09-30,0,0,1.1,2026-08-18T10:00:00+05:30
gav_c27da218,gid_aec11058,2026-09-01,1,2,1,2026-08-18T10:00:00+05:30
gav_9ae7c08e,gid_aec11058,2026-09-02,0,0,1.1,2026-08-18T10:00:00+05:30
gav_84d13aec,gid_aec11058,2026-09-03,1,2,1.1,2026-08-18T10:00:00+05:30
gav_a51b717f,gid_aec11058,2026-09-04,1,2,1,2026-08-18T10:00:00+05:30
gav_19bc954e,gid_aec11058,2026-09-05,1,2,1.25,2026-08-18T10:00:00+05:30
gav_25c1f341,gid_aec11058,2026-09-06,1,2,1.25,2026-08-18T10:00:00+05:30
gav_4e552d8a,gid_aec11058,2026-09-07,1,1,1,2026-08-18T10:00:00+05:30
gav_2b371341,gid_aec11058,2026-09-08,1,1,1,2026-08-18T10:00:00+05:30
gav_6a9f96a0,gid_aec11058,2026-09-09,0,0,1,2026-08-18T10:00:00+05:30
gav_4294c662,gid_aec11058,2026-09-10,1,1,1,2026-08-18T10:00:00+05:30
gav_8bf553ac,gid_aec11058,2026-09-11,1,1,1,2026-08-18T10:00:00+05:30
gav_fd54aaa9,gid_aec11058,2026-09-12,0,0,1.35,2026-08-18T10:00:00+05:30
gav_7131afd2,gid_aec11058,2026-09-13,0,0,1.35,2026-08-18T10:00:00+05:30
gav_3912e148,gid_aec11058,2026-09-14,1,2,1,2026-08-18T10:00:00+05:30
gav_a3ff561b,gid_aec11058,2026-09-15,1,1,1,2026-08-18T10:00:00+05:30
gav_007f95f3,gid_aec11058,2026-09-16,1,1,1,2026-08-18T10:00:00+05:30
gav_793aabd2,gid_aec11058,2026-09-17,1,2,1,2026-08-18T10:00:00+05:30
gav_d8dd2012,gid_aec11058,2026-09-18,1,1,1,2026-08-18T10:00:00+05:30
gav_71aeb8dc,gid_aec11058,2026-09-19,0,0,1.25,2026-08-18T10:00:00+05:30
gav_5066daf9,gid_aec11058,2026-09-20,1,1,1.35,2026-08-18T10:00:00+05:30
gav_9b3855ca,gid_aec11058,2026-09-21,1,2,1.1,2026-08-18T10:00:00+05:30
gav_acc6b216,gid_aec11058,2026-09-22,0,0,1,2026-08-18T10:00:00+05:30
gav_105a90b4,gid_aec11058,2026-09-23,1,2,1,2026-08-18T10:00:00+05:30
gav_19747aba,gid_aec11058,2026-09-24,1,2,1,2026-08-18T10:00:00+05:30
gav_2bb9a1ca,gid_aec11058,2026-09-25,1,2,1,2026-08-18T10:00:00+05:30
gav_4666ae19,gid_aec11058,2026-09-26,0,0,1.25,2026-08-18T10:00:00+05:30
gav_1d3fce31,gid_aec11058,2026-09-27,1,1,1.25,2026-08-18T10:00:00+05:30
gav_3cba20f7,gid_aec11058,2026-09-28,1,1,1,2026-08-18T10:00:00+05:30
gav_92601605,gid_aec11058,2026-09-29,1,1,1,2026-08-18T10:00:00+05:30
gav_66c39dbb,gid_aec11058,2026-09-30,1,1,1.1,2026-08-18T10:00:00+05:30
gav_551f3a10,gid_dca4ccd0,2026-09-01,1,2,1,2026-08-18T10:00:00+05:30
gav_2d0185a1,gid_dca4ccd0,2026-09-02,1,1,1.1,2026-08-18T10:00:00+05:30
gav_141150d6,gid_dca4ccd0,2026-09-03,1,2,1,2026-08-18T10:00:00+05:30
gav_282671b2,gid_dca4ccd0,2026-09-04,1,2,1.1,2026-08-18T10:00:00+05:30
gav_9668fa80,gid_dca4ccd0,2026-09-05,1,2,1.35,2026-08-18T10:00:00+05:30
gav_bdba155d,gid_dca4ccd0,2026-09-06,0,0,1.25,2026-08-18T10:00:00+05:30
gav_d6c2af7d,gid_dca4ccd0,2026-09-07,1,2,1.1,2026-08-18T10:00:00+05:30
gav_c55cb0ad,gid_dca4ccd0,2026-09-08,1,1,1.1,2026-08-18T10:00:00+05:30
gav_af5d1f46,gid_dca4ccd0,2026-09-09,0,0,1.1,2026-08-18T10:00:00+05:30
gav_caaeb642,gid_dca4ccd0,2026-09-10,1,1,1,2026-08-18T10:00:00+05:30
gav_150ee3ba,gid_dca4ccd0,2026-09-11,0,0,1,2026-08-18T10:00:00+05:30
gav_b2e5c5de,gid_dca4ccd0,2026-09-12,1,1,1.25,2026-08-18T10:00:00+05:30
gav_0d74b9aa,gid_dca4ccd0,2026-09-13,1,1,1.25,2026-08-18T10:00:00+05:30
gav_c9dd11aa,gid_dca4ccd0,2026-09-14,1,2,1,2026-08-18T10:00:00+05:30
gav_715c1e7e,gid_dca4ccd0,2026-09-15,1,2,1,2026-08-18T10:00:00+05:30
gav_3db0a621,gid_dca4ccd0,2026-09-16,1,2,1.1,2026-08-18T10:00:00+05:30
gav_422f4e76,gid_dca4ccd0,2026-09-17,1,1,1,2026-08-18T10:00:00+05:30
gav_9f620853,gid_dca4ccd0,2026-09-18,0,0,1.1,2026-08-18T10:00:00+05:30
gav_8fd8e225,gid_dca4ccd0,2026-09-19,1,1,1.25,2026-08-18T10:00:00+05:30
gav_89129a52,gid_dca4ccd0,2026-09-20,1,2,1.25,2026-08-18T10:00:00+05:30
gav_6630f4a4,gid_dca4ccd0,2026-09-21,1,2,1,2026-08-18T10:00:00+05:30
gav_2832440b,gid_dca4ccd0,2026-09-22,1,1,1.1,2026-08-18T10:00:00+05:30
gav_cf14e937,gid_dca4ccd0,2026-09-23,1,1,1,2026-08-18T10:00:00+05:30
gav_b94c6303,gid_dca4ccd0,2026-09-24,1,2,1,2026-08-18T10:00:00+05:30
gav_6fc74494,gid_dca4ccd0,2026-09-25,1,1,1,2026-08-18T10:00:00+05:30
gav_7e3876c1,gid_dca4ccd0,2026-09-26,1,1,1.25,2026-08-18T10:00:00+05:30
gav_0f735178,gid_dca4ccd0,2026-09-27,0,0,1.35,2026-08-18T10:00:00+05:30
gav_0d37cdae,gid_dca4ccd0,2026-09-28,0,0,1,2026-08-18T10:00:00+05:30
gav_e9091daa,gid_dca4ccd0,2026-09-29,1,2,1,2026-08-18T10:00:00+05:30
gav_d930e70d,gid_dca4ccd0,2026-09-30,0,0,1,2026-08-18T10:00:00+05:30
gav_efb5cd54,gid_8655ffa9,2026-09-01,1,1,1,2026-08-18T10:00:00+05:30
gav_8e57bb2b,gid_8655ffa9,2026-09-02,1,2,1,2026-08-18T10:00:00+05:30
gav_58bed41b,gid_8655ffa9,2026-09-03,1,2,1,2026-08-18T10:00:00+05:30
gav_e2a41e74,gid_8655ffa9,2026-09-04,1,2,1,2026-08-18T10:00:00+05:30
gav_8d48b5fe,gid_8655ffa9,2026-09-05,0,0,1.35,2026-08-18T10:00:00+05:30
gav_c977d95d,gid_8655ffa9,2026-09-06,0,0,1.35,2026-08-18T10:00:00+05:30
gav_b7f4fe55,gid_8655ffa9,2026-09-07,1,2,1,2026-08-18T10:00:00+05:30
gav_730e9fff,gid_8655ffa9,2026-09-08,1,2,1,2026-08-18T10:00:00+05:30
gav_f383aa64,gid_8655ffa9,2026-09-09,1,1,1,2026-08-18T10:00:00+05:30
gav_c8251d5a,gid_8655ffa9,2026-09-10,1,2,1.1,2026-08-18T10:00:00+05:30
gav_4bea89cd,gid_8655ffa9,2026-09-11,1,2,1,2026-08-18T10:00:00+05:30
gav_ea0d1f56,gid_8655ffa9,2026-09-12,0,0,1.25,2026-08-18T10:00:00+05:30
gav_7ee6f5ee,gid_8655ffa9,2026-09-13,1,2,1.35,2026-08-18T10:00:00+05:30
gav_ca0aba2a,gid_8655ffa9,2026-09-14,0,0,1,2026-08-18T10:00:00+05:30
gav_9bacdeec,gid_8655ffa9,2026-09-15,0,0,1,2026-08-18T10:00:00+05:30
gav_53ec2bf5,gid_8655ffa9,2026-09-16,1,1,1.1,2026-08-18T10:00:00+05:30
gav_aef15a9c,gid_8655ffa9,2026-09-17,1,2,1.1,2026-08-18T10:00:00+05:30
gav_9e8a75ff,gid_8655ffa9,2026-09-18,0,0,1,2026-08-18T10:00:00+05:30
gav_a49f8ed9,gid_8655ffa9,2026-09-19,1,2,1.25,2026-08-18T10:00:00+05:30
gav_72758905,gid_8655ffa9,2026-09-20,1,2,1.25,2026-08-18T10:00:00+05:30
gav_f0f9ac3e,gid_8655ffa9,2026-09-21,1,2,1,2026-08-18T10:00:00+05:30
gav_26befcaa,gid_8655ffa9,2026-09-22,0,0,1.1,2026-08-18T10:00:00+05:30
gav_d6415e74,gid_8655ffa9,2026-09-23,1,1,1,2026-08-18T10:00:00+05:30
gav_4844f686,gid_8655ffa9,2026-09-24,0,0,1.1,2026-08-18T10:00:00+05:30
gav_f0bea64d,gid_8655ffa9,2026-09-25,1,1,1,2026-08-18T10:00:00+05:30
gav_0e9ee823,gid_8655ffa9,2026-09-26,1,2,1.25,2026-08-18T10:00:00+05:30
gav_b20249ac,gid_8655ffa9,2026-09-27,1,2,1.25,2026-08-18T10:00:00+05:30
gav_9f1e7087,gid_8655ffa9,2026-09-28,1,1,1.1,2026-08-18T10:00:00+05:30
gav_25f2f458,gid_8655ffa9,2026-09-29,1,1,1,2026-08-18T10:00:00+05:30
gav_c7d7850f,gid_8655ffa9,2026-09-30,1,2,1,2026-08-18T10:00:00+05:30
gav_a112d554,gid_5dca051c,2026-09-01,1,1,1.1,2026-08-18T10:00:00+05:30
gav_3e411703,gid_5dca051c,2026-09-02,1,1,1.1,2026-08-18T10:00:00+05:30
gav_940851c7,gid_5dca051c,2026-09-03,0,0,1.1,2026-08-18T10:00:00+05:30
gav_3ed8eb7a,gid_5dca051c,2026-09-04,0,0,1,2026-08-18T10:00:00+05:30
gav_ba31d4ba,gid_5dca051c,2026-09-05,1,2,1.35,2026-08-18T10:00:00+05:30
gav_98caa660,gid_5dca051c,2026-09-06,1,2,1.25,2026-08-18T10:00:00+05:30
gav_e8cae8dd,gid_5dca051c,2026-09-07,1,2,1,2026-08-18T10:00:00+05:30
gav_a529a2f2,gid_5dca051c,2026-09-08,1,1,1,2026-08-18T10:00:00+05:30
gav_1a2236b4,gid_5dca051c,2026-09-09,1,1,1.1,2026-08-18T10:00:00+05:30
gav_81d0697c,gid_5dca051c,2026-09-10,1,2,1,2026-08-18T10:00:00+05:30
gav_5b4f180e,gid_5dca051c,2026-09-11,1,1,1.1,2026-08-18T10:00:00+05:30
gav_16594443,gid_5dca051c,2026-09-12,1,2,1.25,2026-08-18T10:00:00+05:30
gav_058495c1,gid_5dca051c,2026-09-13,1,2,1.25,2026-08-18T10:00:00+05:30
gav_ec94acce,gid_5dca051c,2026-09-14,1,1,1,2026-08-18T10:00:00+05:30
gav_812f6b68,gid_5dca051c,2026-09-15,1,1,1.1,2026-08-18T10:00:00+05:30
gav_cfd2ed6e,gid_5dca051c,2026-09-16,1,2,1,2026-08-18T10:00:00+05:30
gav_2cd468c5,gid_5dca051c,2026-09-17,1,1,1.1,2026-08-18T10:00:00+05:30
gav_8c5e0927,gid_5dca051c,2026-09-18,1,1,1,2026-08-18T10:00:00+05:30
gav_949b409e,gid_5dca051c,2026-09-19,0,0,1.35,2026-08-18T10:00:00+05:30
gav_3eb6d157,gid_5dca051c,2026-09-20,1,1,1.35,2026-08-18T10:00:00+05:30
gav_53e6e300,gid_5dca051c,2026-09-21,1,1,1.1,2026-08-18T10:00:00+05:30
gav_3d7d9dd1,gid_5dca051c,2026-09-22,0,0,1.1,2026-08-18T10:00:00+05:30
gav_822bc9d7,gid_5dca051c,2026-09-23,0,0,1,2026-08-18T10:00:00+05:30
gav_646aafde,gid_5dca051c,2026-09-24,1,2,1,2026-08-18T10:00:00+05:30
gav_7b8f7771,gid_5dca051c,2026-09-25,1,1,1,2026-08-18T10:00:00+05:30
gav_011c41de,gid_5dca051c,2026-09-26,0,0,1.25,2026-08-18T10:00:00+05:30
gav_8604fd57,gid_5dca051c,2026-09-27,1,1,1.25,2026-08-18T10:00:00+05:30
gav_46deb4ff,gid_5dca051c,2026-09-28,1,2,1,2026-08-18T10:00:00+05:30
gav_272b2bf1,gid_5dca051c,2026-09-29,0,0,1,2026-08-18T10:00:00+05:30
gav_d87282f1,gid_5dca051c,2026-09-30,1,2,1,2026-08-18T10:00:00+05:30
gav_65e9f6dd,gid_2a4e7172,2026-09-01,1,1,1,2026-08-18T10:00:00+05:30
gav_05b9a9a4,gid_2a4e7172,2026-09-02,1,2,1,2026-08-18T10:00:00+05:30
gav_e356494f,gid_2a4e7172,2026-09-03,1,1,1,2026-08-18T10:00:00+05:30
gav_3688c3a5,gid_2a4e7172,2026-09-04,1,1,1,2026-08-18T10:00:00+05:30
gav_1230ab81,gid_2a4e7172,2026-09-05,0,0,1.35,2026-08-18T10:00:00+05:30
gav_e1d66fa8,gid_2a4e7172,2026-09-06,1,1,1.25,2026-08-18T10:00:00+05:30
gav_6e37767c,gid_2a4e7172,2026-09-07,1,1,1,2026-08-18T10:00:00+05:30
gav_3a68525e,gid_2a4e7172,2026-09-08,0,0,1.1,2026-08-18T10:00:00+05:30
gav_604b8a68,gid_2a4e7172,2026-09-09,1,1,1,2026-08-18T10:00:00+05:30
gav_43513709,gid_2a4e7172,2026-09-10,1,2,1,2026-08-18T10:00:00+05:30
gav_f22ebcb8,gid_2a4e7172,2026-09-11,1,2,1.1,2026-08-18T10:00:00+05:30
gav_db00609b,gid_2a4e7172,2026-09-12,1,1,1.25,2026-08-18T10:00:00+05:30
gav_6ed903dd,gid_2a4e7172,2026-09-13,1,1,1.25,2026-08-18T10:00:00+05:30
gav_70fdcd8f,gid_2a4e7172,2026-09-14,0,0,1,2026-08-18T10:00:00+05:30
gav_9e00c79f,gid_2a4e7172,2026-09-15,1,1,1,2026-08-18T10:00:00+05:30
gav_1a129b00,gid_2a4e7172,2026-09-16,1,1,1.1,2026-08-18T10:00:00+05:30
gav_03195e87,gid_2a4e7172,2026-09-17,1,2,1,2026-08-18T10:00:00+05:30
gav_0845f304,gid_2a4e7172,2026-09-18,1,1,1.1,2026-08-18T10:00:00+05:30
gav_4731015d,gid_2a4e7172,2026-09-19,1,1,1.35,2026-08-18T10:00:00+05:30
gav_6e56c40b,gid_2a4e7172,2026-09-20,1,1,1.25,2026-08-18T10:00:00+05:30
gav_550869aa,gid_2a4e7172,2026-09-21,0,0,1,2026-08-18T10:00:00+05:30
gav_d785fcd0,gid_2a4e7172,2026-09-22,1,2,1.1,2026-08-18T10:00:00+05:30
gav_d8f36cb1,gid_2a4e7172,2026-09-23,0,0,1.1,2026-08-18T10:00:00+05:30
gav_35221587,gid_2a4e7172,2026-09-24,0,0,1,2026-08-18T10:00:00+05:30
gav_666a1dc2,gid_2a4e7172,2026-09-25,1,2,1,2026-08-18T10:00:00+05:30
gav_0d59f750,gid_2a4e7172,2026-09-26,1,1,1.25,2026-08-18T10:00:00+05:30
gav_5e6cdb39,gid_2a4e7172,2026-09-27,1,2,1.35,2026-08-18T10:00:00+05:30
gav_c9fafe58,gid_2a4e7172,2026-09-28,1,1,1,2026-08-18T10:00:00+05:30
gav_c8704a4c,gid_2a4e7172,2026-09-29,1,2,1,2026-08-18T10:00:00+05:30
gav_f255b834,gid_2a4e7172,2026-09-30,0,0,1,2026-08-18T10:00:00+05:30
gav_679e1ba2,gid_38374963,2026-09-01,1,2,1,2026-08-18T10:00:00+05:30
gav_95cb8c46,gid_38374963,2026-09-02,1,2,1,2026-08-18T10:00:00+05:30
gav_4737ca6e,gid_38374963,2026-09-03,1,2,1.1,2026-08-18T10:00:00+05:30
gav_e7ca5ced,gid_38374963,2026-09-04,0,0,1,2026-08-18T10:00:00+05:30
gav_3874ba32,gid_38374963,2026-09-05,0,0,1.25,2026-08-18T10:00:00+05:30
gav_7a3e1d5a,gid_38374963,2026-09-06,0,0,1.25,2026-08-18T10:00:00+05:30
gav_6d6c8daf,gid_38374963,2026-09-07,0,0,1,2026-08-18T10:00:00+05:30
gav_276f2569,gid_38374963,2026-09-08,0,0,1.1,2026-08-18T10:00:00+05:30
gav_02c9f26a,gid_38374963,2026-09-09,0,0,1.1,2026-08-18T10:00:00+05:30
gav_f97aa2a0,gid_38374963,2026-09-10,1,2,1,2026-08-18T10:00:00+05:30
gav_36ca36fa,gid_38374963,2026-09-11,1,1,1,2026-08-18T10:00:00+05:30
gav_cba64894,gid_38374963,2026-09-12,0,0,1.25,2026-08-18T10:00:00+05:30
gav_117ee9b1,gid_38374963,2026-09-13,0,0,1.25,2026-08-18T10:00:00+05:30
gav_bcdab787,gid_38374963,2026-09-14,1,1,1.1,2026-08-18T10:00:00+05:30
gav_9d1a9c70,gid_38374963,2026-09-15,1,1,1,2026-08-18T10:00:00+05:30
gav_5889fba9,gid_38374963,2026-09-16,1,2,1.1,2026-08-18T10:00:00+05:30
gav_8df95991,gid_38374963,2026-09-17,0,0,1.1,2026-08-18T10:00:00+05:30
gav_6a6e9349,gid_38374963,2026-09-18,1,1,1,2026-08-18T10:00:00+05:30
gav_d24792d1,gid_38374963,2026-09-19,1,1,1.25,2026-08-18T10:00:00+05:30
gav_1ff18461,gid_38374963,2026-09-20,0,0,1.25,2026-08-18T10:00:00+05:30
gav_1457ca74,gid_38374963,2026-09-21,0,0,1,2026-08-18T10:00:00+05:30
gav_10e0a5a4,gid_38374963,2026-09-22,1,1,1,2026-08-18T10:00:00+05:30
gav_89acc639,gid_38374963,2026-09-23,1,2,1,2026-08-18T10:00:00+05:30
gav_0c3c5f51,gid_38374963,2026-09-24,1,1,1,2026-08-18T10:00:00+05:30
gav_b44ee13e,gid_38374963,2026-09-25,0,0,1,2026-08-18T10:00:00+05:30
gav_6e546057,gid_38374963,2026-09-26,1,1,1.25,2026-08-18T10:00:00+05:30
gav_c5d9c608,gid_38374963,2026-09-27,1,1,1.25,2026-08-18T10:00:00+05:30
gav_b36d5339,gid_38374963,2026-09-28,1,2,1,2026-08-18T10:00:00+05:30
gav_e7acfba8,gid_38374963,2026-09-29,0,0,1,2026-08-18T10:00:00+05:30
gav_2752d83e,gid_38374963,2026-09-30,1,1,1,2026-08-18T10:00:00+05:30
gav_604cb95b,gid_722b9759,2026-09-01,0,0,1,2026-08-18T10:00:00+05:30
gav_c2945afc,gid_722b9759,2026-09-02,1,2,1,2026-08-18T10:00:00+05:30
gav_53187526,gid_722b9759,2026-09-03,1,1,1.1,2026-08-18T10:00:00+05:30
gav_987c7cd1,gid_722b9759,2026-09-04,1,1,1,2026-08-18T10:00:00+05:30
gav_602f2aac,gid_722b9759,2026-09-05,1,2,1.25,2026-08-18T10:00:00+05:30
gav_b39fb7dd,gid_722b9759,2026-09-06,1,2,1.25,2026-08-18T10:00:00+05:30
gav_01078a0b,gid_722b9759,2026-09-07,0,0,1.1,2026-08-18T10:00:00+05:30
gav_d67f79e4,gid_722b9759,2026-09-08,1,2,1.1,2026-08-18T10:00:00+05:30
gav_39ab6fba,gid_722b9759,2026-09-09,1,2,1.1,2026-08-18T10:00:00+05:30
gav_8677caa3,gid_722b9759,2026-09-10,1,2,1,2026-08-18T10:00:00+05:30
gav_0948e3b0,gid_722b9759,2026-09-11,1,2,1,2026-08-18T10:00:00+05:30
gav_ea368e92,gid_722b9759,2026-09-12,1,1,1.25,2026-08-18T10:00:00+05:30
gav_ee7f0f39,gid_722b9759,2026-09-13,1,2,1.35,2026-08-18T10:00:00+05:30
gav_55e8d373,gid_722b9759,2026-09-14,1,2,1,2026-08-18T10:00:00+05:30
gav_e02e0d83,gid_722b9759,2026-09-15,1,2,1,2026-08-18T10:00:00+05:30
gav_1454abc7,gid_722b9759,2026-09-16,0,0,1.1,2026-08-18T10:00:00+05:30
gav_4b06fd1a,gid_722b9759,2026-09-17,1,2,1,2026-08-18T10:00:00+05:30
gav_4d7eceb7,gid_722b9759,2026-09-18,1,1,1,2026-08-18T10:00:00+05:30
gav_ae644dc2,gid_722b9759,2026-09-19,1,2,1.25,2026-08-18T10:00:00+05:30
gav_b31b0954,gid_722b9759,2026-09-20,0,0,1.25,2026-08-18T10:00:00+05:30
gav_779d1c1d,gid_722b9759,2026-09-21,1,2,1,2026-08-18T10:00:00+05:30
gav_fdd4174f,gid_722b9759,2026-09-22,1,2,1.1,2026-08-18T10:00:00+05:30
gav_1a0290cd,gid_722b9759,2026-09-23,1,1,1,2026-08-18T10:00:00+05:30
gav_aa5bc8b5,gid_722b9759,2026-09-24,0,0,1,2026-08-18T10:00:00+05:30
gav_2eed1b23,gid_722b9759,2026-09-25,1,1,1,2026-08-18T10:00:00+05:30
gav_c5f035fc,gid_722b9759,2026-09-26,1,2,1.25,2026-08-18T10:00:00+05:30
gav_b3e6cbe4,gid_722b9759,2026-09-27,0,0,1.25,2026-08-18T10:00:00+05:30
gav_dc069d96,gid_722b9759,2026-09-28,1,1,1,2026-08-18T10:00:00+05:30
gav_3abdbe5d,gid_722b9759,2026-09-29,0,0,1,2026-08-18T10:00:00+05:30
gav_96553528,gid_722b9759,2026-09-30,1,1,1,2026-08-18T10:00:00+05:30
gav_7e7844b8,gid_c0a62bd9,2026-09-01,0,0,1.1,2026-08-18T10:00:00+05:30
gav_e3b20068,gid_c0a62bd9,2026-09-02,1,1,1.1,2026-08-18T10:00:00+05:30
gav_54bc6590,gid_c0a62bd9,2026-09-03,0,0,1.1,2026-08-18T10:00:00+05:30
gav_b1b90865,gid_c0a62bd9,2026-09-04,1,2,1,2026-08-18T10:00:00+05:30
gav_f7a69349,gid_c0a62bd9,2026-09-05,1,2,1.25,2026-08-18T10:00:00+05:30
gav_5d81cdd8,gid_c0a62bd9,2026-09-06,1,1,1.25,2026-08-18T10:00:00+05:30
gav_1c0500ee,gid_c0a62bd9,2026-09-07,0,0,1,2026-08-18T10:00:00+05:30
gav_7afa64e4,gid_c0a62bd9,2026-09-08,1,1,1.1,2026-08-18T10:00:00+05:30
gav_033f2c10,gid_c0a62bd9,2026-09-09,1,2,1,2026-08-18T10:00:00+05:30
gav_98883144,gid_c0a62bd9,2026-09-10,1,2,1,2026-08-18T10:00:00+05:30
gav_c7d88f58,gid_c0a62bd9,2026-09-11,1,2,1,2026-08-18T10:00:00+05:30
gav_bbe63e6b,gid_c0a62bd9,2026-09-12,0,0,1.25,2026-08-18T10:00:00+05:30
gav_e2465074,gid_c0a62bd9,2026-09-13,1,2,1.35,2026-08-18T10:00:00+05:30
gav_ffbfcf8d,gid_c0a62bd9,2026-09-14,0,0,1,2026-08-18T10:00:00+05:30
gav_1c117eaf,gid_c0a62bd9,2026-09-15,1,1,1.1,2026-08-18T10:00:00+05:30
gav_0d7ef9f7,gid_c0a62bd9,2026-09-16,1,2,1,2026-08-18T10:00:00+05:30
gav_e1a3761c,gid_c0a62bd9,2026-09-17,1,1,1.1,2026-08-18T10:00:00+05:30
gav_d1a55e4e,gid_c0a62bd9,2026-09-18,1,1,1,2026-08-18T10:00:00+05:30
gav_1f3f609e,gid_c0a62bd9,2026-09-19,1,1,1.35,2026-08-18T10:00:00+05:30
gav_cceb3a54,gid_c0a62bd9,2026-09-20,1,2,1.35,2026-08-18T10:00:00+05:30
gav_30b7e8e9,gid_c0a62bd9,2026-09-21,1,2,1,2026-08-18T10:00:00+05:30
gav_5e8d83b9,gid_c0a62bd9,2026-09-22,1,1,1,2026-08-18T10:00:00+05:30
gav_1fd46107,gid_c0a62bd9,2026-09-23,0,0,1,2026-08-18T10:00:00+05:30
gav_99672379,gid_c0a62bd9,2026-09-24,1,1,1,2026-08-18T10:00:00+05:30
gav_61605083,gid_c0a62bd9,2026-09-25,0,0,1.1,2026-08-18T10:00:00+05:30
gav_c2cc2c88,gid_c0a62bd9,2026-09-26,1,2,1.25,2026-08-18T10:00:00+05:30
gav_febb0cca,gid_c0a62bd9,2026-09-27,1,2,1.25,2026-08-18T10:00:00+05:30
gav_d884e0dc,gid_c0a62bd9,2026-09-28,1,1,1,2026-08-18T10:00:00+05:30
gav_5a798d7c,gid_c0a62bd9,2026-09-29,1,1,1,2026-08-18T10:00:00+05:30
gav_9de0af23,gid_c0a62bd9,2026-09-30,1,1,1,2026-08-18T10:00:00+05:30
gav_56aa8d87,gid_e5068eed,2026-09-01,1,1,1,2026-08-18T10:00:00+05:30
gav_b3c786af,gid_e5068eed,2026-09-02,0,0,1,2026-08-18T10:00:00+05:30
gav_fbc9b206,gid_e5068eed,2026-09-03,0,0,1.1,2026-08-18T10:00:00+05:30
gav_283fe5c2,gid_e5068eed,2026-09-04,1,1,1.1,2026-08-18T10:00:00+05:30
gav_a9534f75,gid_e5068eed,2026-09-05,1,2,1.25,2026-08-18T10:00:00+05:30
gav_f3bdf464,gid_e5068eed,2026-09-06,0,0,1.25,2026-08-18T10:00:00+05:30
gav_988c0cf2,gid_e5068eed,2026-09-07,0,0,1.1,2026-08-18T10:00:00+05:30
gav_8ea7453f,gid_e5068eed,2026-09-08,1,2,1,2026-08-18T10:00:00+05:30
gav_b06233b1,gid_e5068eed,2026-09-09,0,0,1.1,2026-08-18T10:00:00+05:30
gav_98fa7b17,gid_e5068eed,2026-09-10,0,0,1,2026-08-18T10:00:00+05:30
gav_0994a73f,gid_e5068eed,2026-09-11,0,0,1,2026-08-18T10:00:00+05:30
gav_43dada74,gid_e5068eed,2026-09-12,0,0,1.25,2026-08-18T10:00:00+05:30
gav_a1b5b106,gid_e5068eed,2026-09-13,1,2,1.35,2026-08-18T10:00:00+05:30
gav_e1ce1d82,gid_e5068eed,2026-09-14,0,0,1.1,2026-08-18T10:00:00+05:30
gav_e8fcc2d3,gid_e5068eed,2026-09-15,1,1,1,2026-08-18T10:00:00+05:30
gav_8ef6a307,gid_e5068eed,2026-09-16,1,2,1,2026-08-18T10:00:00+05:30
gav_8c785b7e,gid_e5068eed,2026-09-17,1,2,1,2026-08-18T10:00:00+05:30
gav_ae494a7a,gid_e5068eed,2026-09-18,0,0,1.1,2026-08-18T10:00:00+05:30
gav_c47c10b5,gid_e5068eed,2026-09-19,1,1,1.25,2026-08-18T10:00:00+05:30
gav_c5ddcc9b,gid_e5068eed,2026-09-20,1,2,1.25,2026-08-18T10:00:00+05:30
gav_99490341,gid_e5068eed,2026-09-21,1,1,1,2026-08-18T10:00:00+05:30
gav_d6f3622f,gid_e5068eed,2026-09-22,0,0,1.1,2026-08-18T10:00:00+05:30
gav_1aca3fc0,gid_e5068eed,2026-09-23,1,1,1,2026-08-18T10:00:00+05:30
gav_d964ef55,gid_e5068eed,2026-09-24,1,2,1,2026-08-18T10:00:00+05:30
gav_f11ffd46,gid_e5068eed,2026-09-25,0,0,1.1,2026-08-18T10:00:00+05:30
gav_27e9cc36,gid_e5068eed,2026-09-26,1,1,1.35,2026-08-18T10:00:00+05:30
gav_f017459f,gid_e5068eed,2026-09-27,0,0,1.35,2026-08-18T10:00:00+05:30
gav_9b863d9e,gid_e5068eed,2026-09-28,1,1,1,2026-08-18T10:00:00+05:30
gav_4f0a2507,gid_e5068eed,2026-09-29,0,0,1.1,2026-08-18T10:00:00+05:30
gav_0e9d65a0,gid_e5068eed,2026-09-30,1,1,1.1,2026-08-18T10:00:00+05:30
gav_a796d718,gid_3eaae3df,2026-09-01,1,1,1,2026-08-18T10:00:00+05:30
gav_f24479b9,gid_3eaae3df,2026-09-02,1,1,1,2026-08-18T10:00:00+05:30
gav_1440c578,gid_3eaae3df,2026-09-03,1,1,1,2026-08-18T10:00:00+05:30
gav_84a99258,gid_3eaae3df,2026-09-04,1,1,1.1,2026-08-18T10:00:00+05:30
gav_bb28232b,gid_3eaae3df,2026-09-05,0,0,1.25,2026-08-18T10:00:00+05:30
gav_ff369685,gid_3eaae3df,2026-09-06,1,2,1.25,2026-08-18T10:00:00+05:30
gav_7b9c5ad4,gid_3eaae3df,2026-09-07,0,0,1.1,2026-08-18T10:00:00+05:30
gav_79807174,gid_3eaae3df,2026-09-08,1,1,1.1,2026-08-18T10:00:00+05:30
gav_dbb0c9d7,gid_3eaae3df,2026-09-09,1,1,1.1,2026-08-18T10:00:00+05:30
gav_a5fb689d,gid_3eaae3df,2026-09-10,1,1,1,2026-08-18T10:00:00+05:30
gav_d7f774a2,gid_3eaae3df,2026-09-11,1,2,1,2026-08-18T10:00:00+05:30
gav_dc0fb16a,gid_3eaae3df,2026-09-12,1,2,1.25,2026-08-18T10:00:00+05:30
gav_36658492,gid_3eaae3df,2026-09-13,0,0,1.35,2026-08-18T10:00:00+05:30
gav_a265b996,gid_3eaae3df,2026-09-14,0,0,1,2026-08-18T10:00:00+05:30
gav_5bed182c,gid_3eaae3df,2026-09-15,0,0,1.1,2026-08-18T10:00:00+05:30
gav_349607be,gid_3eaae3df,2026-09-16,1,2,1,2026-08-18T10:00:00+05:30
gav_b6d0a2dd,gid_3eaae3df,2026-09-17,0,0,1,2026-08-18T10:00:00+05:30
gav_ad333ab2,gid_3eaae3df,2026-09-18,1,1,1,2026-08-18T10:00:00+05:30
gav_d34e1800,gid_3eaae3df,2026-09-19,1,1,1.25,2026-08-18T10:00:00+05:30
gav_807748aa,gid_3eaae3df,2026-09-20,1,2,1.35,2026-08-18T10:00:00+05:30
gav_78f12081,gid_3eaae3df,2026-09-21,1,1,1,2026-08-18T10:00:00+05:30
gav_c5469968,gid_3eaae3df,2026-09-22,1,2,1.1,2026-08-18T10:00:00+05:30
gav_bafd0322,gid_3eaae3df,2026-09-23,1,1,1,2026-08-18T10:00:00+05:30
gav_70d55435,gid_3eaae3df,2026-09-24,1,1,1.1,2026-08-18T10:00:00+05:30
gav_a92a5601,gid_3eaae3df,2026-09-25,1,1,1,2026-08-18T10:00:00+05:30
gav_06339136,gid_3eaae3df,2026-09-26,1,1,1.25,2026-08-18T10:00:00+05:30
gav_f9fa5264,gid_3eaae3df,2026-09-27,1,2,1.25,2026-08-18T10:00:00+05:30
gav_b88cda16,gid_3eaae3df,2026-09-28,1,1,1,2026-08-18T10:00:00+05:30
gav_1d409b7e,gid_3eaae3df,2026-09-29,1,1,1,2026-08-18T10:00:00+05:30
gav_4dc51fef,gid_3eaae3df,2026-09-30,1,2,1,2026-08-18T10:00:00+05:30
gav_cf01d1a1,gid_74cd2e55,2026-09-01,1,1,1,2026-08-18T10:00:00+05:30
gav_ab34125a,gid_74cd2e55,2026-09-02,0,0,1,2026-08-18T10:00:00+05:30
gav_45ad2c4a,gid_74cd2e55,2026-09-03,0,0,1,2026-08-18T10:00:00+05:30
gav_96e866c1,gid_74cd2e55,2026-09-04,1,1,1.1,2026-08-18T10:00:00+05:30
gav_73590a99,gid_74cd2e55,2026-09-05,1,1,1.25,2026-08-18T10:00:00+05:30
gav_c5746c83,gid_74cd2e55,2026-09-06,0,0,1.25,2026-08-18T10:00:00+05:30
gav_5ec8e581,gid_74cd2e55,2026-09-07,0,0,1,2026-08-18T10:00:00+05:30
gav_fc5fb5b3,gid_74cd2e55,2026-09-08,0,0,1.1,2026-08-18T10:00:00+05:30
gav_97c4ad37,gid_74cd2e55,2026-09-09,1,2,1.1,2026-08-18T10:00:00+05:30
gav_25a1a074,gid_74cd2e55,2026-09-10,1,2,1,2026-08-18T10:00:00+05:30
gav_e5c7eaae,gid_74cd2e55,2026-09-11,0,0,1.1,2026-08-18T10:00:00+05:30
gav_b04ec6cf,gid_74cd2e55,2026-09-12,1,2,1.25,2026-08-18T10:00:00+05:30
gav_550c6cf5,gid_74cd2e55,2026-09-13,1,1,1.25,2026-08-18T10:00:00+05:30
gav_c5fc4199,gid_74cd2e55,2026-09-14,1,1,1.1,2026-08-18T10:00:00+05:30
gav_fd3f6cb8,gid_74cd2e55,2026-09-15,1,2,1,2026-08-18T10:00:00+05:30
gav_ece61536,gid_74cd2e55,2026-09-16,1,1,1,2026-08-18T10:00:00+05:30
gav_dae8d52b,gid_74cd2e55,2026-09-17,1,2,1,2026-08-18T10:00:00+05:30
gav_b351c53e,gid_74cd2e55,2026-09-18,1,2,1,2026-08-18T10:00:00+05:30
gav_b91749dd,gid_74cd2e55,2026-09-19,1,1,1.35,2026-08-18T10:00:00+05:30
gav_41c2c809,gid_74cd2e55,2026-09-20,1,2,1.25,2026-08-18T10:00:00+05:30
gav_bfa1ef4d,gid_74cd2e55,2026-09-21,1,1,1.1,2026-08-18T10:00:00+05:30
gav_70535a64,gid_74cd2e55,2026-09-22,1,2,1,2026-08-18T10:00:00+05:30
gav_dabb9f70,gid_74cd2e55,2026-09-23,1,1,1,2026-08-18T10:00:00+05:30
gav_c0eb371e,gid_74cd2e55,2026-09-24,0,0,1,2026-08-18T10:00:00+05:30
gav_f7f0da02,gid_74cd2e55,2026-09-25,0,0,1,2026-08-18T10:00:00+05:30
gav_a35deb6a,gid_74cd2e55,2026-09-26,0,0,1.25,2026-08-18T10:00:00+05:30
gav_4ead78df,gid_74cd2e55,2026-09-27,0,0,1.25,2026-08-18T10:00:00+05:30
gav_e0525328,gid_74cd2e55,2026-09-28,1,1,1.1,2026-08-18T10:00:00+05:30
gav_80963111,gid_74cd2e55,2026-09-29,1,2,1,2026-08-18T10:00:00+05:30
gav_7b5c7a84,gid_74cd2e55,2026-09-30,1,1,1,2026-08-18T10:00:00+05:30
gav_e0af8763,gid_c7a814cd,2026-09-01,0,0,1,2026-08-18T10:00:00+05:30
gav_96e59b2c,gid_c7a814cd,2026-09-02,0,0,1,2026-08-18T10:00:00+05:30
gav_e4a4f4b6,gid_c7a814cd,2026-09-03,1,1,1,2026-08-18T10:00:00+05:30
gav_1a206c97,gid_c7a814cd,2026-09-04,0,0,1,2026-08-18T10:00:00+05:30
gav_14c731c0,gid_c7a814cd,2026-09-05,1,2,1.25,2026-08-18T10:00:00+05:30
gav_d79f18c8,gid_c7a814cd,2026-09-06,1,1,1.35,2026-08-18T10:00:00+05:30
gav_9cb1f2f4,gid_c7a814cd,2026-09-07,1,1,1.1,2026-08-18T10:00:00+05:30
gav_fd8d1ef0,gid_c7a814cd,2026-09-08,1,2,1.1,2026-08-18T10:00:00+05:30
gav_65cde61a,gid_c7a814cd,2026-09-09,0,0,1.1,2026-08-18T10:00:00+05:30
gav_bde0bc92,gid_c7a814cd,2026-09-10,1,2,1,2026-08-18T10:00:00+05:30
gav_4223d2ce,gid_c7a814cd,2026-09-11,1,2,1,2026-08-18T10:00:00+05:30
gav_921cb40a,gid_c7a814cd,2026-09-12,1,2,1.25,2026-08-18T10:00:00+05:30
gav_4c3dd004,gid_c7a814cd,2026-09-13,1,1,1.25,2026-08-18T10:00:00+05:30
gav_f44adb7a,gid_c7a814cd,2026-09-14,1,1,1,2026-08-18T10:00:00+05:30
gav_4937fb2c,gid_c7a814cd,2026-09-15,1,2,1.1,2026-08-18T10:00:00+05:30
gav_5556afdc,gid_c7a814cd,2026-09-16,0,0,1,2026-08-18T10:00:00+05:30
gav_25af2a82,gid_c7a814cd,2026-09-17,1,1,1,2026-08-18T10:00:00+05:30
gav_1dafa328,gid_c7a814cd,2026-09-18,1,1,1,2026-08-18T10:00:00+05:30
gav_fc95acbe,gid_c7a814cd,2026-09-19,0,0,1.35,2026-08-18T10:00:00+05:30
gav_06d08789,gid_c7a814cd,2026-09-20,1,2,1.35,2026-08-18T10:00:00+05:30
gav_499953b2,gid_c7a814cd,2026-09-21,0,0,1,2026-08-18T10:00:00+05:30
gav_560b5875,gid_c7a814cd,2026-09-22,1,2,1.1,2026-08-18T10:00:00+05:30
gav_31383f71,gid_c7a814cd,2026-09-23,0,0,1,2026-08-18T10:00:00+05:30
gav_63b747c2,gid_c7a814cd,2026-09-24,1,2,1,2026-08-18T10:00:00+05:30
gav_cd8e495a,gid_c7a814cd,2026-09-25,1,2,1,2026-08-18T10:00:00+05:30
gav_89aa385c,gid_c7a814cd,2026-09-26,0,0,1.25,2026-08-18T10:00:00+05:30
gav_3fb61fee,gid_c7a814cd,2026-09-27,1,1,1.25,2026-08-18T10:00:00+05:30
gav_49e94a2b,gid_c7a814cd,2026-09-28,1,2,1,2026-08-18T10:00:00+05:30
gav_b0f0c09d,gid_c7a814cd,2026-09-29,1,2,1,2026-08-18T10:00:00+05:30
gav_7593d493,gid_c7a814cd,2026-09-30,1,2,1.1,2026-08-18T10:00:00+05:30
gav_9d9c3e00,gid_7a13be35,2026-09-01,1,1,1.1,2026-08-18T10:00:00+05:30
gav_aaf68b4c,gid_7a13be35,2026-09-02,1,2,1.1,2026-08-18T10:00:00+05:30
gav_d1582e90,gid_7a13be35,2026-09-03,1,1,1.1,2026-08-18T10:00:00+05:30
gav_0f0db136,gid_7a13be35,2026-09-04,1,2,1,2026-08-18T10:00:00+05:30
gav_e7835000,gid_7a13be35,2026-09-05,0,0,1.25,2026-08-18T10:00:00+05:30
gav_58b2916e,gid_7a13be35,2026-09-06,1,2,1.25,2026-08-18T10:00:00+05:30
gav_ba23362e,gid_7a13be35,2026-09-07,1,1,1,2026-08-18T10:00:00+05:30
gav_e4f2bcdc,gid_7a13be35,2026-09-08,1,2,1,2026-08-18T10:00:00+05:30
gav_487d5d0f,gid_7a13be35,2026-09-09,1,2,1,2026-08-18T10:00:00+05:30
gav_e9315789,gid_7a13be35,2026-09-10,1,1,1,2026-08-18T10:00:00+05:30
gav_b2e87fe0,gid_7a13be35,2026-09-11,0,0,1.1,2026-08-18T10:00:00+05:30
gav_b2000b16,gid_7a13be35,2026-09-12,1,1,1.25,2026-08-18T10:00:00+05:30
gav_6cd355cb,gid_7a13be35,2026-09-13,1,1,1.25,2026-08-18T10:00:00+05:30
gav_78c7d131,gid_7a13be35,2026-09-14,1,2,1.1,2026-08-18T10:00:00+05:30
gav_4a3c9f4a,gid_7a13be35,2026-09-15,1,1,1,2026-08-18T10:00:00+05:30
gav_8bbc99d2,gid_7a13be35,2026-09-16,1,1,1.1,2026-08-18T10:00:00+05:30
gav_c0c81eef,gid_7a13be35,2026-09-17,1,2,1,2026-08-18T10:00:00+05:30
gav_7b695dde,gid_7a13be35,2026-09-18,1,1,1.1,2026-08-18T10:00:00+05:30
gav_b852a251,gid_7a13be35,2026-09-19,1,2,1.25,2026-08-18T10:00:00+05:30
gav_cfb34b54,gid_7a13be35,2026-09-20,1,1,1.35,2026-08-18T10:00:00+05:30
gav_16d7f133,gid_7a13be35,2026-09-21,1,1,1,2026-08-18T10:00:00+05:30
gav_fc29fafe,gid_7a13be35,2026-09-22,1,2,1,2026-08-18T10:00:00+05:30
gav_cf636927,gid_7a13be35,2026-09-23,0,0,1,2026-08-18T10:00:00+05:30
gav_73f6fcbb,gid_7a13be35,2026-09-24,0,0,1.1,2026-08-18T10:00:00+05:30
gav_1d91246b,gid_7a13be35,2026-09-25,1,2,1,2026-08-18T10:00:00+05:30
gav_f033a74b,gid_7a13be35,2026-09-26,1,1,1.25,2026-08-18T10:00:00+05:30
gav_6a54d682,gid_7a13be35,2026-09-27,0,0,1.25,2026-08-18T10:00:00+05:30
gav_412aa194,gid_7a13be35,2026-09-28,0,0,1,2026-08-18T10:00:00+05:30
gav_3742b26a,gid_7a13be35,2026-09-29,0,0,1,2026-08-18T10:00:00+05:30
gav_a16d61cb,gid_7a13be35,2026-09-30,1,1,1.1,2026-08-18T10:00:00+05:30
gav_49cc57de,gid_50aef583,2026-09-01,1,1,1.1,2026-08-18T10:00:00+05:30
gav_e3c61aee,gid_50aef583,2026-09-02,1,1,1,2026-08-18T10:00:00+05:30
gav_15b48bd4,gid_50aef583,2026-09-03,0,0,1,2026-08-18T10:00:00+05:30
gav_8122260f,gid_50aef583,2026-09-04,0,0,1.1,2026-08-18T10:00:00+05:30
gav_32018fe9,gid_50aef583,2026-09-05,1,2,1.25,2026-08-18T10:00:00+05:30
gav_d554cbbb,gid_50aef583,2026-09-06,1,1,1.35,2026-08-18T10:00:00+05:30
gav_466144d6,gid_50aef583,2026-09-07,1,1,1.1,2026-08-18T10:00:00+05:30
gav_0afae860,gid_50aef583,2026-09-08,1,1,1.1,2026-08-18T10:00:00+05:30
gav_b25647f6,gid_50aef583,2026-09-09,1,1,1.1,2026-08-18T10:00:00+05:30
gav_ca396385,gid_50aef583,2026-09-10,1,2,1,2026-08-18T10:00:00+05:30
gav_a6905ae4,gid_50aef583,2026-09-11,1,2,1,2026-08-18T10:00:00+05:30
gav_25aa92ae,gid_50aef583,2026-09-12,1,1,1.35,2026-08-18T10:00:00+05:30
gav_4072443e,gid_50aef583,2026-09-13,1,2,1.25,2026-08-18T10:00:00+05:30
gav_fbe612cd,gid_50aef583,2026-09-14,1,1,1,2026-08-18T10:00:00+05:30
gav_191355d7,gid_50aef583,2026-09-15,1,1,1,2026-08-18T10:00:00+05:30
gav_6739061d,gid_50aef583,2026-09-16,0,0,1.1,2026-08-18T10:00:00+05:30
gav_9577739c,gid_50aef583,2026-09-17,1,1,1,2026-08-18T10:00:00+05:30
gav_0f906f2d,gid_50aef583,2026-09-18,1,1,1.1,2026-08-18T10:00:00+05:30
gav_34c5ed43,gid_50aef583,2026-09-19,1,1,1.35,2026-08-18T10:00:00+05:30
gav_cb90a67e,gid_50aef583,2026-09-20,0,0,1.25,2026-08-18T10:00:00+05:30
gav_7fa65024,gid_50aef583,2026-09-21,1,1,1,2026-08-18T10:00:00+05:30
gav_e50bf3d7,gid_50aef583,2026-09-22,1,1,1,2026-08-18T10:00:00+05:30
gav_04430f20,gid_50aef583,2026-09-23,1,1,1,2026-08-18T10:00:00+05:30
gav_287f2658,gid_50aef583,2026-09-24,1,2,1,2026-08-18T10:00:00+05:30
gav_00163a23,gid_50aef583,2026-09-25,1,1,1,2026-08-18T10:00:00+05:30
gav_3c520de2,gid_50aef583,2026-09-26,1,1,1.25,2026-08-18T10:00:00+05:30
gav_684b6851,gid_50aef583,2026-09-27,1,1,1.35,2026-08-18T10:00:00+05:30
gav_3c38315e,gid_50aef583,2026-09-28,1,1,1,2026-08-18T10:00:00+05:30
gav_71340095,gid_50aef583,2026-09-29,1,2,1,2026-08-18T10:00:00+05:30
gav_33ce77c1,gid_50aef583,2026-09-30,1,2,1.1,2026-08-18T10:00:00+05:30
gav_5e7a0787,gid_033a7832,2026-09-01,1,1,1.1,2026-08-18T10:00:00+05:30
gav_043a9e18,gid_033a7832,2026-09-02,1,1,1,2026-08-18T10:00:00+05:30
gav_afae6e4e,gid_033a7832,2026-09-03,1,1,1,2026-08-18T10:00:00+05:30
gav_36615a32,gid_033a7832,2026-09-04,1,1,1,2026-08-18T10:00:00+05:30
gav_8ce43994,gid_033a7832,2026-09-05,1,2,1.25,2026-08-18T10:00:00+05:30
gav_e409d37a,gid_033a7832,2026-09-06,1,2,1.25,2026-08-18T10:00:00+05:30
gav_5e408fda,gid_033a7832,2026-09-07,1,2,1,2026-08-18T10:00:00+05:30
gav_d9f3aeef,gid_033a7832,2026-09-08,1,1,1,2026-08-18T10:00:00+05:30
gav_362213b8,gid_033a7832,2026-09-09,0,0,1,2026-08-18T10:00:00+05:30
gav_022fee90,gid_033a7832,2026-09-10,0,0,1,2026-08-18T10:00:00+05:30
gav_049a5bd8,gid_033a7832,2026-09-11,0,0,1,2026-08-18T10:00:00+05:30
gav_f716a0c0,gid_033a7832,2026-09-12,1,1,1.35,2026-08-18T10:00:00+05:30
gav_b8a3c36a,gid_033a7832,2026-09-13,1,2,1.35,2026-08-18T10:00:00+05:30
gav_562156e5,gid_033a7832,2026-09-14,1,1,1,2026-08-18T10:00:00+05:30
gav_730b57b1,gid_033a7832,2026-09-15,1,1,1.1,2026-08-18T10:00:00+05:30
gav_30781377,gid_033a7832,2026-09-16,1,2,1,2026-08-18T10:00:00+05:30
gav_c60c1b39,gid_033a7832,2026-09-17,1,2,1.1,2026-08-18T10:00:00+05:30
gav_6920bad3,gid_033a7832,2026-09-18,0,0,1.1,2026-08-18T10:00:00+05:30
gav_3c3629b5,gid_033a7832,2026-09-19,1,1,1.25,2026-08-18T10:00:00+05:30
gav_774e917e,gid_033a7832,2026-09-20,1,2,1.35,2026-08-18T10:00:00+05:30
gav_fbe3547f,gid_033a7832,2026-09-21,1,1,1.1,2026-08-18T10:00:00+05:30
gav_a48609e6,gid_033a7832,2026-09-22,1,2,1.1,2026-08-18T10:00:00+05:30
gav_4a18147b,gid_033a7832,2026-09-23,0,0,1,2026-08-18T10:00:00+05:30
gav_027750d4,gid_033a7832,2026-09-24,1,1,1,2026-08-18T10:00:00+05:30
gav_66674ec7,gid_033a7832,2026-09-25,1,1,1,2026-08-18T10:00:00+05:30
gav_373237ab,gid_033a7832,2026-09-26,1,2,1.25,2026-08-18T10:00:00+05:30
gav_ef9ebb8a,gid_033a7832,2026-09-27,1,2,1.35,2026-08-18T10:00:00+05:30
gav_8e2ad1eb,gid_033a7832,2026-09-28,1,1,1,2026-08-18T10:00:00+05:30
gav_84aad3f2,gid_033a7832,2026-09-29,1,1,1,2026-08-18T10:00:00+05:30
gav_7251e10a,gid_033a7832,2026-09-30,1,2,1,2026-08-18T10:00:00+05:30
gav_2d7c7a76,gid_7c9c489b,2026-09-01,1,1,1.1,2026-08-18T10:00:00+05:30
gav_77d9cf4e,gid_7c9c489b,2026-09-02,0,0,1.1,2026-08-18T10:00:00+05:30
gav_57371e05,gid_7c9c489b,2026-09-03,0,0,1,2026-08-18T10:00:00+05:30
gav_8f6c2663,gid_7c9c489b,2026-09-04,1,1,1,2026-08-18T10:00:00+05:30
gav_9f248a73,gid_7c9c489b,2026-09-05,1,2,1.25,2026-08-18T10:00:00+05:30
gav_e28ee4b7,gid_7c9c489b,2026-09-06,0,0,1.35,2026-08-18T10:00:00+05:30
gav_6da9e352,gid_7c9c489b,2026-09-07,0,0,1,2026-08-18T10:00:00+05:30
gav_fc08849e,gid_7c9c489b,2026-09-08,0,0,1,2026-08-18T10:00:00+05:30
gav_3051ab9a,gid_7c9c489b,2026-09-09,1,2,1,2026-08-18T10:00:00+05:30
gav_55288cdf,gid_7c9c489b,2026-09-10,1,2,1,2026-08-18T10:00:00+05:30
gav_300c9281,gid_7c9c489b,2026-09-11,0,0,1,2026-08-18T10:00:00+05:30
gav_fc736b64,gid_7c9c489b,2026-09-12,1,1,1.25,2026-08-18T10:00:00+05:30
gav_9acf5441,gid_7c9c489b,2026-09-13,1,1,1.35,2026-08-18T10:00:00+05:30
gav_b1dbdafc,gid_7c9c489b,2026-09-14,0,0,1,2026-08-18T10:00:00+05:30
gav_c2a2c080,gid_7c9c489b,2026-09-15,1,2,1,2026-08-18T10:00:00+05:30
gav_eb5f5d32,gid_7c9c489b,2026-09-16,1,2,1,2026-08-18T10:00:00+05:30
gav_6b8064d9,gid_7c9c489b,2026-09-17,1,1,1,2026-08-18T10:00:00+05:30
gav_0360cc59,gid_7c9c489b,2026-09-18,0,0,1,2026-08-18T10:00:00+05:30
gav_c4020e4d,gid_7c9c489b,2026-09-19,1,1,1.25,2026-08-18T10:00:00+05:30
gav_f830e333,gid_7c9c489b,2026-09-20,1,1,1.25,2026-08-18T10:00:00+05:30
gav_d6fb523a,gid_7c9c489b,2026-09-21,1,1,1.1,2026-08-18T10:00:00+05:30
gav_44ca6893,gid_7c9c489b,2026-09-22,1,1,1,2026-08-18T10:00:00+05:30
gav_196d65d9,gid_7c9c489b,2026-09-23,1,1,1,2026-08-18T10:00:00+05:30
gav_6a5cdb7a,gid_7c9c489b,2026-09-24,0,0,1.1,2026-08-18T10:00:00+05:30
gav_c78a1db7,gid_7c9c489b,2026-09-25,1,2,1,2026-08-18T10:00:00+05:30
gav_75b89f39,gid_7c9c489b,2026-09-26,1,2,1.25,2026-08-18T10:00:00+05:30
gav_52aac2bd,gid_7c9c489b,2026-09-27,1,1,1.25,2026-08-18T10:00:00+05:30
gav_dfb2ab8c,gid_7c9c489b,2026-09-28,1,2,1.1,2026-08-18T10:00:00+05:30
gav_65f7801c,gid_7c9c489b,2026-09-29,1,1,1,2026-08-18T10:00:00+05:30
gav_17bac754,gid_7c9c489b,2026-09-30,0,0,1,2026-08-18T10:00:00+05:30
gav_b64ed2b0,gid_c95f4d8f,2026-09-01,0,0,1.1,2026-08-18T10:00:00+05:30
gav_cba4ccc5,gid_c95f4d8f,2026-09-02,1,1,1.1,2026-08-18T10:00:00+05:30
gav_94d718dd,gid_c95f4d8f,2026-09-03,1,1,1.1,2026-08-18T10:00:00+05:30
gav_5af1f4bf,gid_c95f4d8f,2026-09-04,1,2,1,2026-08-18T10:00:00+05:30
gav_8bbdecbd,gid_c95f4d8f,2026-09-05,1,1,1.25,2026-08-18T10:00:00+05:30
gav_5627af71,gid_c95f4d8f,2026-09-06,1,2,1.35,2026-08-18T10:00:00+05:30
gav_a0f4393f,gid_c95f4d8f,2026-09-07,1,2,1.1,2026-08-18T10:00:00+05:30
gav_67ca46fc,gid_c95f4d8f,2026-09-08,0,0,1.1,2026-08-18T10:00:00+05:30
gav_02b82c2d,gid_c95f4d8f,2026-09-09,1,2,1.1,2026-08-18T10:00:00+05:30
gav_b35172dc,gid_c95f4d8f,2026-09-10,1,1,1,2026-08-18T10:00:00+05:30
gav_572edae1,gid_c95f4d8f,2026-09-11,1,1,1,2026-08-18T10:00:00+05:30
gav_6a47ffeb,gid_c95f4d8f,2026-09-12,1,1,1.25,2026-08-18T10:00:00+05:30
gav_e0644a25,gid_c95f4d8f,2026-09-13,1,2,1.25,2026-08-18T10:00:00+05:30
gav_8d06dd4a,gid_c95f4d8f,2026-09-14,1,1,1.1,2026-08-18T10:00:00+05:30
gav_a87edb26,gid_c95f4d8f,2026-09-15,1,2,1,2026-08-18T10:00:00+05:30
gav_5ca3ed57,gid_c95f4d8f,2026-09-16,0,0,1,2026-08-18T10:00:00+05:30
gav_e3869f54,gid_c95f4d8f,2026-09-17,1,1,1,2026-08-18T10:00:00+05:30
gav_3c8dbbe3,gid_c95f4d8f,2026-09-18,1,2,1,2026-08-18T10:00:00+05:30
gav_4a5d59ac,gid_c95f4d8f,2026-09-19,1,1,1.25,2026-08-18T10:00:00+05:30
gav_7d157b1f,gid_c95f4d8f,2026-09-20,1,1,1.25,2026-08-18T10:00:00+05:30
gav_c3871b57,gid_c95f4d8f,2026-09-21,1,2,1,2026-08-18T10:00:00+05:30
gav_b9ef4d21,gid_c95f4d8f,2026-09-22,1,2,1.1,2026-08-18T10:00:00+05:30
gav_7b54759b,gid_c95f4d8f,2026-09-23,0,0,1,2026-08-18T10:00:00+05:30
gav_5f5be8b0,gid_c95f4d8f,2026-09-24,1,2,1,2026-08-18T10:00:00+05:30
gav_8a55ece8,gid_c95f4d8f,2026-09-25,1,1,1.1,2026-08-18T10:00:00+05:30
gav_fadea421,gid_c95f4d8f,2026-09-26,1,1,1.35,2026-08-18T10:00:00+05:30
gav_7d4f4f5d,gid_c95f4d8f,2026-09-27,1,2,1.25,2026-08-18T10:00:00+05:30
gav_127f0d41,gid_c95f4d8f,2026-09-28,1,1,1,2026-08-18T10:00:00+05:30
gav_b057636d,gid_c95f4d8f,2026-09-29,1,1,1.1,2026-08-18T10:00:00+05:30
gav_7aab014f,gid_c95f4d8f,2026-09-30,0,0,1,2026-08-18T10:00:00+05:30
gav_d17492bd,gid_7276e86c,2026-09-01,0,0,1,2026-08-18T10:00:00+05:30
gav_e511e27c,gid_7276e86c,2026-09-02,1,1,1,2026-08-18T10:00:00+05:30
gav_7ab713a2,gid_7276e86c,2026-09-03,1,2,1.1,2026-08-18T10:00:00+05:30
gav_31c2df37,gid_7276e86c,2026-09-04,1,1,1.1,2026-08-18T10:00:00+05:30
gav_abd5b6ad,gid_7276e86c,2026-09-05,0,0,1.35,2026-08-18T10:00:00+05:30
gav_68e6bb5a,gid_7276e86c,2026-09-06,1,2,1.25,2026-08-18T10:00:00+05:30
gav_4a7db77f,gid_7276e86c,2026-09-07,1,2,1,2026-08-18T10:00:00+05:30
gav_29587a0d,gid_7276e86c,2026-09-08,1,1,1,2026-08-18T10:00:00+05:30
gav_f8e6540e,gid_7276e86c,2026-09-09,1,2,1,2026-08-18T10:00:00+05:30
gav_3faaecf7,gid_7276e86c,2026-09-10,1,1,1,2026-08-18T10:00:00+05:30
gav_0ff3266c,gid_7276e86c,2026-09-11,0,0,1.1,2026-08-18T10:00:00+05:30
gav_5763bad5,gid_7276e86c,2026-09-12,1,1,1.25,2026-08-18T10:00:00+05:30
gav_492525e3,gid_7276e86c,2026-09-13,0,0,1.25,2026-08-18T10:00:00+05:30
gav_0f60ccda,gid_7276e86c,2026-09-14,1,1,1.1,2026-08-18T10:00:00+05:30
gav_aad37340,gid_7276e86c,2026-09-15,1,1,1,2026-08-18T10:00:00+05:30
gav_65c1d0e0,gid_7276e86c,2026-09-16,1,2,1,2026-08-18T10:00:00+05:30
gav_5a8c443e,gid_7276e86c,2026-09-17,1,2,1,2026-08-18T10:00:00+05:30
gav_4b0be891,gid_7276e86c,2026-09-18,1,2,1.1,2026-08-18T10:00:00+05:30
gav_64416692,gid_7276e86c,2026-09-19,1,1,1.35,2026-08-18T10:00:00+05:30
gav_107af461,gid_7276e86c,2026-09-20,1,1,1.25,2026-08-18T10:00:00+05:30
gav_63af431a,gid_7276e86c,2026-09-21,1,1,1,2026-08-18T10:00:00+05:30
gav_a6e22c15,gid_7276e86c,2026-09-22,1,1,1,2026-08-18T10:00:00+05:30
gav_56574d21,gid_7276e86c,2026-09-23,0,0,1.1,2026-08-18T10:00:00+05:30
gav_75e83217,gid_7276e86c,2026-09-24,1,2,1,2026-08-18T10:00:00+05:30
gav_b38b2795,gid_7276e86c,2026-09-25,1,1,1,2026-08-18T10:00:00+05:30
gav_1fc65a32,gid_7276e86c,2026-09-26,1,1,1.25,2026-08-18T10:00:00+05:30
gav_584d30a0,gid_7276e86c,2026-09-27,1,1,1.25,2026-08-18T10:00:00+05:30
gav_5b11bd59,gid_7276e86c,2026-09-28,1,1,1,2026-08-18T10:00:00+05:30
gav_98c1ca91,gid_7276e86c,2026-09-29,0,0,1,2026-08-18T10:00:00+05:30
gav_55dc9ae1,gid_7276e86c,2026-09-30,0,0,1,2026-08-18T10:00:00+05:30
gav_da2ee20d,gid_f4cade2c,2026-09-01,1,1,1,2026-08-18T10:00:00+05:30
gav_8632e765,gid_f4cade2c,2026-09-02,0,0,1,2026-08-18T10:00:00+05:30
gav_7008372d,gid_f4cade2c,2026-09-03,1,2,1.1,2026-08-18T10:00:00+05:30
gav_be72093f,gid_f4cade2c,2026-09-04,1,2,1.1,2026-08-18T10:00:00+05:30
gav_1b0e3926,gid_f4cade2c,2026-09-05,0,0,1.35,2026-08-18T10:00:00+05:30
gav_28c5386d,gid_f4cade2c,2026-09-06,1,1,1.25,2026-08-18T10:00:00+05:30
gav_90c61a85,gid_f4cade2c,2026-09-07,0,0,1.1,2026-08-18T10:00:00+05:30
gav_cd81c80b,gid_f4cade2c,2026-09-08,1,1,1.1,2026-08-18T10:00:00+05:30
gav_977f5bcf,gid_f4cade2c,2026-09-09,0,0,1,2026-08-18T10:00:00+05:30
gav_d35549a8,gid_f4cade2c,2026-09-10,1,2,1,2026-08-18T10:00:00+05:30
gav_175623f3,gid_f4cade2c,2026-09-11,1,1,1,2026-08-18T10:00:00+05:30
gav_988d0efd,gid_f4cade2c,2026-09-12,1,2,1.25,2026-08-18T10:00:00+05:30
gav_b3c0c6be,gid_f4cade2c,2026-09-13,0,0,1.35,2026-08-18T10:00:00+05:30
gav_75398bdf,gid_f4cade2c,2026-09-14,1,1,1,2026-08-18T10:00:00+05:30
gav_d8ca6ccf,gid_f4cade2c,2026-09-15,1,2,1,2026-08-18T10:00:00+05:30
gav_bed61626,gid_f4cade2c,2026-09-16,1,2,1.1,2026-08-18T10:00:00+05:30
gav_47c8e777,gid_f4cade2c,2026-09-17,1,2,1,2026-08-18T10:00:00+05:30
gav_0123f5d8,gid_f4cade2c,2026-09-18,0,0,1,2026-08-18T10:00:00+05:30
gav_aa5b4c0f,gid_f4cade2c,2026-09-19,1,1,1.35,2026-08-18T10:00:00+05:30
gav_af240773,gid_f4cade2c,2026-09-20,0,0,1.25,2026-08-18T10:00:00+05:30
gav_6dd60603,gid_f4cade2c,2026-09-21,1,2,1,2026-08-18T10:00:00+05:30
gav_3aca233f,gid_f4cade2c,2026-09-22,1,2,1.1,2026-08-18T10:00:00+05:30
gav_22a7d5ac,gid_f4cade2c,2026-09-23,0,0,1.1,2026-08-18T10:00:00+05:30
gav_ab230345,gid_f4cade2c,2026-09-24,0,0,1,2026-08-18T10:00:00+05:30
gav_17549167,gid_f4cade2c,2026-09-25,1,2,1,2026-08-18T10:00:00+05:30
gav_fc4bcfae,gid_f4cade2c,2026-09-26,1,2,1.25,2026-08-18T10:00:00+05:30
gav_a8761e61,gid_f4cade2c,2026-09-27,1,2,1.25,2026-08-18T10:00:00+05:30
gav_bc635cc3,gid_f4cade2c,2026-09-28,1,1,1,2026-08-18T10:00:00+05:30
gav_2ef8f906,gid_f4cade2c,2026-09-29,0,0,1,2026-08-18T10:00:00+05:30
gav_b956d3dd,gid_f4cade2c,2026-09-30,1,2,1,2026-08-18T10:00:00+05:30
gav_82148b18,gid_152dd6ca,2026-09-01,1,2,1.1,2026-08-18T10:00:00+05:30
gav_25ebbef8,gid_152dd6ca,2026-09-02,0,0,1,2026-08-18T10:00:00+05:30
gav_6fa699cb,gid_152dd6ca,2026-09-03,1,2,1,2026-08-18T10:00:00+05:30
gav_eb52f251,gid_152dd6ca,2026-09-04,1,2,1.1,2026-08-18T10:00:00+05:30
gav_763618ac,gid_152dd6ca,2026-09-05,1,1,1.25,2026-08-18T10:00:00+05:30
gav_cbef03e0,gid_152dd6ca,2026-09-06,1,2,1.25,2026-08-18T10:00:00+05:30
gav_bc85a276,gid_152dd6ca,2026-09-07,1,2,1,2026-08-18T10:00:00+05:30
gav_508db422,gid_152dd6ca,2026-09-08,1,2,1,2026-08-18T10:00:00+05:30
gav_46c0f0b7,gid_152dd6ca,2026-09-09,1,2,1,2026-08-18T10:00:00+05:30
gav_3e96b395,gid_152dd6ca,2026-09-10,0,0,1,2026-08-18T10:00:00+05:30
gav_04482cd0,gid_152dd6ca,2026-09-11,1,2,1,2026-08-18T10:00:00+05:30
gav_5f97daed,gid_152dd6ca,2026-09-12,0,0,1.25,2026-08-18T10:00:00+05:30
gav_69cd41ae,gid_152dd6ca,2026-09-13,0,0,1.25,2026-08-18T10:00:00+05:30
gav_86e8e1a8,gid_152dd6ca,2026-09-14,1,2,1,2026-08-18T10:00:00+05:30
gav_4cc02ccd,gid_152dd6ca,2026-09-15,1,2,1,2026-08-18T10:00:00+05:30
gav_adad7570,gid_152dd6ca,2026-09-16,0,0,1.1,2026-08-18T10:00:00+05:30
gav_559244aa,gid_152dd6ca,2026-09-17,0,0,1,2026-08-18T10:00:00+05:30
gav_20520db1,gid_152dd6ca,2026-09-18,1,2,1,2026-08-18T10:00:00+05:30
gav_dd929708,gid_152dd6ca,2026-09-19,0,0,1.35,2026-08-18T10:00:00+05:30
gav_9e8062dc,gid_152dd6ca,2026-09-20,1,1,1.25,2026-08-18T10:00:00+05:30
gav_1e7889f5,gid_152dd6ca,2026-09-21,1,2,1,2026-08-18T10:00:00+05:30
gav_3014ef92,gid_152dd6ca,2026-09-22,0,0,1,2026-08-18T10:00:00+05:30
gav_e1935b36,gid_152dd6ca,2026-09-23,0,0,1.1,2026-08-18T10:00:00+05:30
gav_7f3da8f7,gid_152dd6ca,2026-09-24,1,1,1,2026-08-18T10:00:00+05:30
gav_1ecae669,gid_152dd6ca,2026-09-25,1,2,1,2026-08-18T10:00:00+05:30
gav_b01549d7,gid_152dd6ca,2026-09-26,0,0,1.25,2026-08-18T10:00:00+05:30
gav_14a3fcb8,gid_152dd6ca,2026-09-27,1,2,1.25,2026-08-18T10:00:00+05:30
gav_2c760430,gid_152dd6ca,2026-09-28,0,0,1,2026-08-18T10:00:00+05:30
gav_09ccbedd,gid_152dd6ca,2026-09-29,0,0,1,2026-08-18T10:00:00+05:30
gav_17cea6d6,gid_152dd6ca,2026-09-30,1,2,1,2026-08-18T10:00:00+05:30
gav_5eca5b4a,gid_a39eec78,2026-09-01,0,0,1,2026-08-18T10:00:00+05:30
gav_cf1a1223,gid_a39eec78,2026-09-02,1,1,1.1,2026-08-18T10:00:00+05:30
gav_c73d9490,gid_a39eec78,2026-09-03,0,0,1.1,2026-08-18T10:00:00+05:30
gav_578744aa,gid_a39eec78,2026-09-04,1,1,1.1,2026-08-18T10:00:00+05:30
gav_9c091ca0,gid_a39eec78,2026-09-05,0,0,1.25,2026-08-18T10:00:00+05:30
gav_7a7a6d8f,gid_a39eec78,2026-09-06,0,0,1.25,2026-08-18T10:00:00+05:30
gav_92856417,gid_a39eec78,2026-09-07,0,0,1,2026-08-18T10:00:00+05:30
gav_0322ba40,gid_a39eec78,2026-09-08,1,1,1,2026-08-18T10:00:00+05:30
gav_98f1712e,gid_a39eec78,2026-09-09,0,0,1,2026-08-18T10:00:00+05:30
gav_6ef64f63,gid_a39eec78,2026-09-10,1,2,1,2026-08-18T10:00:00+05:30
gav_42676f5d,gid_a39eec78,2026-09-11,1,1,1.1,2026-08-18T10:00:00+05:30
gav_9abd7a77,gid_a39eec78,2026-09-12,1,2,1.25,2026-08-18T10:00:00+05:30
gav_f4d605a9,gid_a39eec78,2026-09-13,0,0,1.35,2026-08-18T10:00:00+05:30
gav_e703152b,gid_a39eec78,2026-09-14,0,0,1,2026-08-18T10:00:00+05:30
gav_adadf474,gid_a39eec78,2026-09-15,1,1,1.1,2026-08-18T10:00:00+05:30
gav_397b0dde,gid_a39eec78,2026-09-16,1,2,1.1,2026-08-18T10:00:00+05:30
gav_15489221,gid_a39eec78,2026-09-17,1,1,1,2026-08-18T10:00:00+05:30
gav_9fa59de0,gid_a39eec78,2026-09-18,1,1,1,2026-08-18T10:00:00+05:30
gav_9513c921,gid_a39eec78,2026-09-19,1,2,1.35,2026-08-18T10:00:00+05:30
gav_9a6ce772,gid_a39eec78,2026-09-20,1,2,1.25,2026-08-18T10:00:00+05:30
gav_fa0635f5,gid_a39eec78,2026-09-21,1,1,1,2026-08-18T10:00:00+05:30
gav_b10bf706,gid_a39eec78,2026-09-22,1,2,1,2026-08-18T10:00:00+05:30
gav_64a06c8f,gid_a39eec78,2026-09-23,0,0,1.1,2026-08-18T10:00:00+05:30
gav_181cc207,gid_a39eec78,2026-09-24,1,2,1,2026-08-18T10:00:00+05:30
gav_5e7e091a,gid_a39eec78,2026-09-25,1,2,1.1,2026-08-18T10:00:00+05:30
gav_da06e969,gid_a39eec78,2026-09-26,1,1,1.25,2026-08-18T10:00:00+05:30
gav_95bed76c,gid_a39eec78,2026-09-27,0,0,1.25,2026-08-18T10:00:00+05:30
gav_57d9301c,gid_a39eec78,2026-09-28,1,1,1.1,2026-08-18T10:00:00+05:30
gav_d38c98ee,gid_a39eec78,2026-09-29,1,1,1.1,2026-08-18T10:00:00+05:30
gav_4fa666de,gid_a39eec78,2026-09-30,0,0,1.1,2026-08-18T10:00:00+05:30
gav_20158988,gid_dc2b1340,2026-09-01,1,2,1,2026-08-18T10:00:00+05:30
gav_b326035f,gid_dc2b1340,2026-09-02,1,1,1.1,2026-08-18T10:00:00+05:30
gav_b1a2907c,gid_dc2b1340,2026-09-03,1,2,1.1,2026-08-18T10:00:00+05:30
gav_25907ff5,gid_dc2b1340,2026-09-04,1,1,1.1,2026-08-18T10:00:00+05:30
gav_2a67e866,gid_dc2b1340,2026-09-05,1,2,1.25,2026-08-18T10:00:00+05:30
gav_5a29798f,gid_dc2b1340,2026-09-06,1,1,1.35,2026-08-18T10:00:00+05:30
gav_b89bc982,gid_dc2b1340,2026-09-07,1,1,1.1,2026-08-18T10:00:00+05:30
gav_76826e12,gid_dc2b1340,2026-09-08,1,1,1,2026-08-18T10:00:00+05:30
gav_5284b5d1,gid_dc2b1340,2026-09-09,1,2,1.1,2026-08-18T10:00:00+05:30
gav_3c3fc2b7,gid_dc2b1340,2026-09-10,1,2,1,2026-08-18T10:00:00+05:30
gav_a95e7031,gid_dc2b1340,2026-09-11,1,2,1.1,2026-08-18T10:00:00+05:30
gav_b6de0545,gid_dc2b1340,2026-09-12,1,1,1.25,2026-08-18T10:00:00+05:30
gav_ebae5758,gid_dc2b1340,2026-09-13,1,1,1.35,2026-08-18T10:00:00+05:30
gav_65603eee,gid_dc2b1340,2026-09-14,0,0,1.1,2026-08-18T10:00:00+05:30
gav_873c5d2e,gid_dc2b1340,2026-09-15,1,2,1,2026-08-18T10:00:00+05:30
gav_1d6426f2,gid_dc2b1340,2026-09-16,0,0,1,2026-08-18T10:00:00+05:30
gav_e24dc97c,gid_dc2b1340,2026-09-17,1,2,1,2026-08-18T10:00:00+05:30
gav_fa48404c,gid_dc2b1340,2026-09-18,1,1,1,2026-08-18T10:00:00+05:30
gav_182609aa,gid_dc2b1340,2026-09-19,1,2,1.35,2026-08-18T10:00:00+05:30
gav_18a1371a,gid_dc2b1340,2026-09-20,0,0,1.25,2026-08-18T10:00:00+05:30
gav_1f61d1b0,gid_dc2b1340,2026-09-21,0,0,1,2026-08-18T10:00:00+05:30
gav_92942012,gid_dc2b1340,2026-09-22,1,2,1,2026-08-18T10:00:00+05:30
gav_b0d78404,gid_dc2b1340,2026-09-23,0,0,1,2026-08-18T10:00:00+05:30
gav_694791c8,gid_dc2b1340,2026-09-24,0,0,1,2026-08-18T10:00:00+05:30
gav_b2e0567f,gid_dc2b1340,2026-09-25,1,2,1,2026-08-18T10:00:00+05:30
gav_51bd4ed3,gid_dc2b1340,2026-09-26,1,1,1.35,2026-08-18T10:00:00+05:30
gav_6cd840f7,gid_dc2b1340,2026-09-27,1,1,1.25,2026-08-18T10:00:00+05:30
gav_1618d3e7,gid_dc2b1340,2026-09-28,0,0,1.1,2026-08-18T10:00:00+05:30
gav_190f116f,gid_dc2b1340,2026-09-29,1,1,1,2026-08-18T10:00:00+05:30
gav_d49f4518,gid_dc2b1340,2026-09-30,0,0,1.1,2026-08-18T10:00:00+05:30
gav_ae4af5d2,gid_400d63cc,2026-09-01,1,2,1.1,2026-08-18T10:00:00+05:30
gav_9212ff10,gid_400d63cc,2026-09-02,1,2,1.1,2026-08-18T10:00:00+05:30
gav_f461ab37,gid_400d63cc,2026-09-03,0,0,1.1,2026-08-18T10:00:00+05:30
gav_fc13cc65,gid_400d63cc,2026-09-04,0,0,1,2026-08-18T10:00:00+05:30
gav_d015e29d,gid_400d63cc,2026-09-05,0,0,1.25,2026-08-18T10:00:00+05:30
gav_2d8972c3,gid_400d63cc,2026-09-06,1,1,1.25,2026-08-18T10:00:00+05:30
gav_12902dc9,gid_400d63cc,2026-09-07,1,1,1,2026-08-18T10:00:00+05:30
gav_157800c1,gid_400d63cc,2026-09-08,1,2,1.1,2026-08-18T10:00:00+05:30
gav_09d20f12,gid_400d63cc,2026-09-09,1,1,1,2026-08-18T10:00:00+05:30
gav_5ca3a32c,gid_400d63cc,2026-09-10,1,1,1,2026-08-18T10:00:00+05:30
gav_49228fb0,gid_400d63cc,2026-09-11,1,2,1,2026-08-18T10:00:00+05:30
gav_a4698b16,gid_400d63cc,2026-09-12,1,2,1.35,2026-08-18T10:00:00+05:30
gav_6c1f728f,gid_400d63cc,2026-09-13,1,2,1.25,2026-08-18T10:00:00+05:30
gav_6ce8713e,gid_400d63cc,2026-09-14,1,1,1,2026-08-18T10:00:00+05:30
gav_b8cf23df,gid_400d63cc,2026-09-15,1,2,1,2026-08-18T10:00:00+05:30
gav_d168bf8f,gid_400d63cc,2026-09-16,1,2,1,2026-08-18T10:00:00+05:30
gav_5d4f5710,gid_400d63cc,2026-09-17,1,2,1,2026-08-18T10:00:00+05:30
gav_86d6b747,gid_400d63cc,2026-09-18,0,0,1,2026-08-18T10:00:00+05:30
gav_87308322,gid_400d63cc,2026-09-19,0,0,1.25,2026-08-18T10:00:00+05:30
gav_df4206fb,gid_400d63cc,2026-09-20,0,0,1.25,2026-08-18T10:00:00+05:30
gav_8369bf49,gid_400d63cc,2026-09-21,1,1,1,2026-08-18T10:00:00+05:30
gav_c127f5a1,gid_400d63cc,2026-09-22,1,2,1.1,2026-08-18T10:00:00+05:30
gav_d172ee30,gid_400d63cc,2026-09-23,1,1,1,2026-08-18T10:00:00+05:30
gav_dbb7aa0c,gid_400d63cc,2026-09-24,1,1,1,2026-08-18T10:00:00+05:30
gav_d16b18fd,gid_400d63cc,2026-09-25,1,1,1,2026-08-18T10:00:00+05:30
gav_b94bc0dc,gid_400d63cc,2026-09-26,1,1,1.25,2026-08-18T10:00:00+05:30
gav_6f586eb3,gid_400d63cc,2026-09-27,1,1,1.25,2026-08-18T10:00:00+05:30
gav_5406fcc1,gid_400d63cc,2026-09-28,1,1,1.1,2026-08-18T10:00:00+05:30
gav_229fc0ef,gid_400d63cc,2026-09-29,0,0,1,2026-08-18T10:00:00+05:30
gav_e8efb57a,gid_400d63cc,2026-09-30,1,2,1,2026-08-18T10:00:00+05:30
gav_7c5a4742,gid_ca6f557f,2026-09-01,1,2,1,2026-08-18T10:00:00+05:30
gav_b22eb0bd,gid_ca6f557f,2026-09-02,1,2,1.1,2026-08-18T10:00:00+05:30
gav_26d191cf,gid_ca6f557f,2026-09-03,1,1,1,2026-08-18T10:00:00+05:30
gav_b4d15315,gid_ca6f557f,2026-09-04,1,2,1,2026-08-18T10:00:00+05:30
gav_7236ab9a,gid_ca6f557f,2026-09-05,1,1,1.25,2026-08-18T10:00:00+05:30
gav_449ff6b9,gid_ca6f557f,2026-09-06,0,0,1.35,2026-08-18T10:00:00+05:30
gav_d1db1c5c,gid_ca6f557f,2026-09-07,0,0,1,2026-08-18T10:00:00+05:30
gav_0b14989d,gid_ca6f557f,2026-09-08,0,0,1,2026-08-18T10:00:00+05:30
gav_19f3d8bf,gid_ca6f557f,2026-09-09,0,0,1,2026-08-18T10:00:00+05:30
gav_d056f946,gid_ca6f557f,2026-09-10,1,1,1,2026-08-18T10:00:00+05:30
gav_906942b9,gid_ca6f557f,2026-09-11,1,1,1,2026-08-18T10:00:00+05:30
gav_c3eefea3,gid_ca6f557f,2026-09-12,1,2,1.35,2026-08-18T10:00:00+05:30
gav_faa99b02,gid_ca6f557f,2026-09-13,1,2,1.35,2026-08-18T10:00:00+05:30
gav_87f45f54,gid_ca6f557f,2026-09-14,0,0,1,2026-08-18T10:00:00+05:30
gav_1460bd64,gid_ca6f557f,2026-09-15,1,2,1,2026-08-18T10:00:00+05:30
gav_e39a0e17,gid_ca6f557f,2026-09-16,1,2,1.1,2026-08-18T10:00:00+05:30
gav_0fa4dca1,gid_ca6f557f,2026-09-17,1,2,1.1,2026-08-18T10:00:00+05:30
gav_892e8e54,gid_ca6f557f,2026-09-18,1,1,1,2026-08-18T10:00:00+05:30
gav_0edfc3a3,gid_ca6f557f,2026-09-19,1,2,1.35,2026-08-18T10:00:00+05:30
gav_0a083793,gid_ca6f557f,2026-09-20,0,0,1.35,2026-08-18T10:00:00+05:30
gav_70b8c510,gid_ca6f557f,2026-09-21,1,1,1.1,2026-08-18T10:00:00+05:30
gav_6a836ff2,gid_ca6f557f,2026-09-22,1,1,1,2026-08-18T10:00:00+05:30
gav_53655ecb,gid_ca6f557f,2026-09-23,0,0,1,2026-08-18T10:00:00+05:30
gav_b61b3a41,gid_ca6f557f,2026-09-24,1,2,1.1,2026-08-18T10:00:00+05:30
gav_2fe1ce19,gid_ca6f557f,2026-09-25,1,2,1,2026-08-18T10:00:00+05:30
gav_45ad12cf,gid_ca6f557f,2026-09-26,1,2,1.25,2026-08-18T10:00:00+05:30
gav_cbe5565d,gid_ca6f557f,2026-09-27,0,0,1.25,2026-08-18T10:00:00+05:30
gav_0b70a08c,gid_ca6f557f,2026-09-28,1,1,1.1,2026-08-18T10:00:00+05:30
gav_cfdf2878,gid_ca6f557f,2026-09-29,1,1,1,2026-08-18T10:00:00+05:30
gav_1c4b6b40,gid_ca6f557f,2026-09-30,1,2,1,2026-08-18T10:00:00+05:30
gav_5523cb34,gid_217cf6d0,2026-09-01,0,0,1,2026-08-18T10:00:00+05:30
gav_cc95162a,gid_217cf6d0,2026-09-02,0,0,1,2026-08-18T10:00:00+05:30
gav_f9ac321f,gid_217cf6d0,2026-09-03,1,1,1.1,2026-08-18T10:00:00+05:30
gav_b23e9a67,gid_217cf6d0,2026-09-04,1,1,1.1,2026-08-18T10:00:00+05:30
gav_cab6dd32,gid_217cf6d0,2026-09-05,1,2,1.25,2026-08-18T10:00:00+05:30
gav_2d610dcb,gid_217cf6d0,2026-09-06,1,2,1.25,2026-08-18T10:00:00+05:30
gav_4d847b62,gid_217cf6d0,2026-09-07,0,0,1,2026-08-18T10:00:00+05:30
gav_336be19d,gid_217cf6d0,2026-09-08,0,0,1.1,2026-08-18T10:00:00+05:30
gav_a50637f3,gid_217cf6d0,2026-09-09,0,0,1,2026-08-18T10:00:00+05:30
gav_c24b22b1,gid_217cf6d0,2026-09-10,0,0,1.1,2026-08-18T10:00:00+05:30
gav_cb7196b3,gid_217cf6d0,2026-09-11,0,0,1,2026-08-18T10:00:00+05:30
gav_6992a818,gid_217cf6d0,2026-09-12,0,0,1.35,2026-08-18T10:00:00+05:30
gav_d317dc7b,gid_217cf6d0,2026-09-13,0,0,1.25,2026-08-18T10:00:00+05:30
gav_972daa3e,gid_217cf6d0,2026-09-14,1,1,1.1,2026-08-18T10:00:00+05:30
gav_ec67d593,gid_217cf6d0,2026-09-15,1,2,1.1,2026-08-18T10:00:00+05:30
gav_d4c8d943,gid_217cf6d0,2026-09-16,1,2,1,2026-08-18T10:00:00+05:30
gav_937b00bc,gid_217cf6d0,2026-09-17,1,1,1,2026-08-18T10:00:00+05:30
gav_05f8f4da,gid_217cf6d0,2026-09-18,1,2,1,2026-08-18T10:00:00+05:30
gav_e0359138,gid_217cf6d0,2026-09-19,1,2,1.35,2026-08-18T10:00:00+05:30
gav_9f152b11,gid_217cf6d0,2026-09-20,1,2,1.25,2026-08-18T10:00:00+05:30
gav_a299838e,gid_217cf6d0,2026-09-21,1,1,1,2026-08-18T10:00:00+05:30
gav_e6f8b823,gid_217cf6d0,2026-09-22,1,1,1,2026-08-18T10:00:00+05:30
gav_b9243ff2,gid_217cf6d0,2026-09-23,1,1,1.1,2026-08-18T10:00:00+05:30
gav_89aa5a36,gid_217cf6d0,2026-09-24,0,0,1.1,2026-08-18T10:00:00+05:30
gav_afc2c873,gid_217cf6d0,2026-09-25,1,2,1,2026-08-18T10:00:00+05:30
gav_d69dc7e2,gid_217cf6d0,2026-09-26,1,1,1.35,2026-08-18T10:00:00+05:30
gav_9629ed3e,gid_217cf6d0,2026-09-27,1,1,1.25,2026-08-18T10:00:00+05:30
gav_50261b3e,gid_217cf6d0,2026-09-28,1,1,1.1,2026-08-18T10:00:00+05:30
gav_a364f99b,gid_217cf6d0,2026-09-29,1,2,1.1,2026-08-18T10:00:00+05:30
gav_ebbff7dc,gid_217cf6d0,2026-09-30,1,2,1,2026-08-18T10:00:00+05:30
gav_1dc8fd39,gid_c05f49e8,2026-09-01,1,1,1,2026-08-18T10:00:00+05:30
gav_b7dbed20,gid_c05f49e8,2026-09-02,1,1,1.1,2026-08-18T10:00:00+05:30
gav_46704a49,gid_c05f49e8,2026-09-03,1,1,1.1,2026-08-18T10:00:00+05:30
gav_d3d45662,gid_c05f49e8,2026-09-04,1,2,1,2026-08-18T10:00:00+05:30
gav_3efb4b4b,gid_c05f49e8,2026-09-05,1,1,1.25,2026-08-18T10:00:00+05:30
gav_246e787b,gid_c05f49e8,2026-09-06,1,2,1.35,2026-08-18T10:00:00+05:30
gav_e156787c,gid_c05f49e8,2026-09-07,1,1,1,2026-08-18T10:00:00+05:30
gav_2c69fc87,gid_c05f49e8,2026-09-08,1,2,1.1,2026-08-18T10:00:00+05:30
gav_eda3f3ea,gid_c05f49e8,2026-09-09,1,2,1,2026-08-18T10:00:00+05:30
gav_c26ee520,gid_c05f49e8,2026-09-10,1,1,1,2026-08-18T10:00:00+05:30
gav_3c21b75c,gid_c05f49e8,2026-09-11,0,0,1.1,2026-08-18T10:00:00+05:30
gav_a250acd0,gid_c05f49e8,2026-09-12,1,2,1.25,2026-08-18T10:00:00+05:30
gav_a7b8d707,gid_c05f49e8,2026-09-13,1,2,1.35,2026-08-18T10:00:00+05:30
gav_f53f76ee,gid_c05f49e8,2026-09-14,1,2,1,2026-08-18T10:00:00+05:30
gav_b3b06d4b,gid_c05f49e8,2026-09-15,0,0,1,2026-08-18T10:00:00+05:30
gav_e7e55cbb,gid_c05f49e8,2026-09-16,0,0,1,2026-08-18T10:00:00+05:30
gav_f7f7cb77,gid_c05f49e8,2026-09-17,1,2,1.1,2026-08-18T10:00:00+05:30
gav_4f1703cc,gid_c05f49e8,2026-09-18,1,1,1,2026-08-18T10:00:00+05:30
gav_21ea77b7,gid_c05f49e8,2026-09-19,0,0,1.35,2026-08-18T10:00:00+05:30
gav_1bb94206,gid_c05f49e8,2026-09-20,1,1,1.25,2026-08-18T10:00:00+05:30
gav_5fffba17,gid_c05f49e8,2026-09-21,1,1,1.1,2026-08-18T10:00:00+05:30
gav_6133002e,gid_c05f49e8,2026-09-22,1,1,1,2026-08-18T10:00:00+05:30
gav_2e91fd8c,gid_c05f49e8,2026-09-23,1,2,1,2026-08-18T10:00:00+05:30
gav_e0aaf2dc,gid_c05f49e8,2026-09-24,0,0,1.1,2026-08-18T10:00:00+05:30
gav_e8955ee0,gid_c05f49e8,2026-09-25,1,2,1,2026-08-18T10:00:00+05:30
gav_5b2d8189,gid_c05f49e8,2026-09-26,1,2,1.35,2026-08-18T10:00:00+05:30
gav_0d4a6952,gid_c05f49e8,2026-09-27,1,2,1.35,2026-08-18T10:00:00+05:30
gav_cd8ca03f,gid_c05f49e8,2026-09-28,1,2,1.1,2026-08-18T10:00:00+05:30
gav_99dda571,gid_c05f49e8,2026-09-29,1,1,1,2026-08-18T10:00:00+05:30
gav_36bf7243,gid_c05f49e8,2026-09-30,1,2,1,2026-08-18T10:00:00+05:30
gav_7767b7eb,gid_d5bcf642,2026-09-01,1,1,1,2026-08-18T10:00:00+05:30
gav_ba1c8fcf,gid_d5bcf642,2026-09-02,0,0,1,2026-08-18T10:00:00+05:30
gav_cd46a984,gid_d5bcf642,2026-09-03,0,0,1,2026-08-18T10:00:00+05:30
gav_b8cd1cc6,gid_d5bcf642,2026-09-04,1,2,1.1,2026-08-18T10:00:00+05:30
gav_ef5cab4d,gid_d5bcf642,2026-09-05,1,2,1.25,2026-08-18T10:00:00+05:30
gav_cf17b90e,gid_d5bcf642,2026-09-06,1,2,1.25,2026-08-18T10:00:00+05:30
gav_29df9abd,gid_d5bcf642,2026-09-07,1,1,1,2026-08-18T10:00:00+05:30
gav_54810810,gid_d5bcf642,2026-09-08,1,1,1.1,2026-08-18T10:00:00+05:30
gav_ec917991,gid_d5bcf642,2026-09-09,1,2,1.1,2026-08-18T10:00:00+05:30
gav_f49a902b,gid_d5bcf642,2026-09-10,1,2,1,2026-08-18T10:00:00+05:30
gav_d62c29d5,gid_d5bcf642,2026-09-11,1,2,1,2026-08-18T10:00:00+05:30
gav_2852e193,gid_d5bcf642,2026-09-12,1,2,1.35,2026-08-18T10:00:00+05:30
gav_e2c8f8d2,gid_d5bcf642,2026-09-13,1,2,1.25,2026-08-18T10:00:00+05:30
gav_4c8d9d94,gid_d5bcf642,2026-09-14,1,2,1,2026-08-18T10:00:00+05:30
gav_b33051ff,gid_d5bcf642,2026-09-15,1,2,1.1,2026-08-18T10:00:00+05:30
gav_1fc79417,gid_d5bcf642,2026-09-16,0,0,1,2026-08-18T10:00:00+05:30
gav_3bb5ba3d,gid_d5bcf642,2026-09-17,0,0,1,2026-08-18T10:00:00+05:30
gav_f7ba2fae,gid_d5bcf642,2026-09-18,1,1,1.1,2026-08-18T10:00:00+05:30
gav_148e8604,gid_d5bcf642,2026-09-19,1,2,1.25,2026-08-18T10:00:00+05:30
gav_2cbab6a4,gid_d5bcf642,2026-09-20,1,2,1.25,2026-08-18T10:00:00+05:30
gav_81cdbd13,gid_d5bcf642,2026-09-21,1,2,1,2026-08-18T10:00:00+05:30
gav_2dfa16de,gid_d5bcf642,2026-09-22,0,0,1,2026-08-18T10:00:00+05:30
gav_cf6d6bd8,gid_d5bcf642,2026-09-23,1,2,1,2026-08-18T10:00:00+05:30
gav_1e1c94c0,gid_d5bcf642,2026-09-24,1,1,1,2026-08-18T10:00:00+05:30
gav_9efc947d,gid_d5bcf642,2026-09-25,1,2,1.1,2026-08-18T10:00:00+05:30
gav_94a78ba4,gid_d5bcf642,2026-09-26,1,2,1.25,2026-08-18T10:00:00+05:30
gav_8c562435,gid_d5bcf642,2026-09-27,1,2,1.25,2026-08-18T10:00:00+05:30
gav_67dc4309,gid_d5bcf642,2026-09-28,1,1,1,2026-08-18T10:00:00+05:30
gav_39937ddd,gid_d5bcf642,2026-09-29,1,2,1,2026-08-18T10:00:00+05:30
gav_41680de2,gid_d5bcf642,2026-09-30,1,2,1,2026-08-18T10:00:00+05:30
gav_a01e4166,gid_2593d2c3,2026-09-01,1,1,1,2026-08-18T10:00:00+05:30
gav_09909174,gid_2593d2c3,2026-09-02,1,2,1,2026-08-18T10:00:00+05:30
gav_ffcb7492,gid_2593d2c3,2026-09-03,0,0,1,2026-08-18T10:00:00+05:30
gav_ac467fa6,gid_2593d2c3,2026-09-04,1,1,1,2026-08-18T10:00:00+05:30
gav_cbaab4d9,gid_2593d2c3,2026-09-05,0,0,1.25,2026-08-18T10:00:00+05:30
gav_cfc5188f,gid_2593d2c3,2026-09-06,1,1,1.25,2026-08-18T10:00:00+05:30
gav_4e77ccdc,gid_2593d2c3,2026-09-07,1,2,1,2026-08-18T10:00:00+05:30
gav_ab1cb396,gid_2593d2c3,2026-09-08,1,2,1,2026-08-18T10:00:00+05:30
gav_0799e2c6,gid_2593d2c3,2026-09-09,0,0,1,2026-08-18T10:00:00+05:30
gav_48982892,gid_2593d2c3,2026-09-10,1,1,1.1,2026-08-18T10:00:00+05:30
gav_137f14cc,gid_2593d2c3,2026-09-11,1,2,1.1,2026-08-18T10:00:00+05:30
gav_af298ca4,gid_2593d2c3,2026-09-12,1,2,1.25,2026-08-18T10:00:00+05:30
gav_b3995a18,gid_2593d2c3,2026-09-13,1,2,1.35,2026-08-18T10:00:00+05:30
gav_2dc4bb39,gid_2593d2c3,2026-09-14,1,2,1,2026-08-18T10:00:00+05:30
gav_2eda673d,gid_2593d2c3,2026-09-15,1,1,1,2026-08-18T10:00:00+05:30
gav_80f17384,gid_2593d2c3,2026-09-16,0,0,1,2026-08-18T10:00:00+05:30
gav_4a4b64d8,gid_2593d2c3,2026-09-17,1,1,1,2026-08-18T10:00:00+05:30
gav_299e1699,gid_2593d2c3,2026-09-18,1,2,1.1,2026-08-18T10:00:00+05:30
gav_be5995d1,gid_2593d2c3,2026-09-19,0,0,1.25,2026-08-18T10:00:00+05:30
gav_8e300e0a,gid_2593d2c3,2026-09-20,1,2,1.25,2026-08-18T10:00:00+05:30
gav_dc84dd71,gid_2593d2c3,2026-09-21,0,0,1,2026-08-18T10:00:00+05:30
gav_6e0cdb64,gid_2593d2c3,2026-09-22,1,2,1.1,2026-08-18T10:00:00+05:30
gav_b1b9ad96,gid_2593d2c3,2026-09-23,0,0,1,2026-08-18T10:00:00+05:30
gav_afc40d69,gid_2593d2c3,2026-09-24,1,2,1,2026-08-18T10:00:00+05:30
gav_40c51736,gid_2593d2c3,2026-09-25,1,1,1.1,2026-08-18T10:00:00+05:30
gav_0fbb2425,gid_2593d2c3,2026-09-26,1,2,1.35,2026-08-18T10:00:00+05:30
gav_a747f5f8,gid_2593d2c3,2026-09-27,1,2,1.25,2026-08-18T10:00:00+05:30
gav_f47dc1d5,gid_2593d2c3,2026-09-28,0,0,1,2026-08-18T10:00:00+05:30
gav_609349b9,gid_2593d2c3,2026-09-29,1,2,1,2026-08-18T10:00:00+05:30
gav_9e0c1f38,gid_2593d2c3,2026-09-30,1,2,1,2026-08-18T10:00:00+05:30
gav_826f506a,gid_1bdc5851,2026-09-01,1,1,1,2026-08-18T10:00:00+05:30
gav_4d753365,gid_1bdc5851,2026-09-02,0,0,1,2026-08-18T10:00:00+05:30
gav_17972780,gid_1bdc5851,2026-09-03,1,1,1.1,2026-08-18T10:00:00+05:30
gav_bf0ea306,gid_1bdc5851,2026-09-04,1,1,1,2026-08-18T10:00:00+05:30
gav_0901b7f4,gid_1bdc5851,2026-09-05,0,0,1.35,2026-08-18T10:00:00+05:30
gav_3ac4d307,gid_1bdc5851,2026-09-06,1,1,1.35,2026-08-18T10:00:00+05:30
gav_d3fbe2d5,gid_1bdc5851,2026-09-07,1,1,1,2026-08-18T10:00:00+05:30
gav_3540267f,gid_1bdc5851,2026-09-08,0,0,1.1,2026-08-18T10:00:00+05:30
gav_de9c9791,gid_1bdc5851,2026-09-09,1,1,1,2026-08-18T10:00:00+05:30
gav_bce9e88b,gid_1bdc5851,2026-09-10,1,1,1.1,2026-08-18T10:00:00+05:30
gav_7b608fb8,gid_1bdc5851,2026-09-11,1,2,1,2026-08-18T10:00:00+05:30
gav_b74595de,gid_1bdc5851,2026-09-12,1,2,1.25,2026-08-18T10:00:00+05:30
gav_57a2f10d,gid_1bdc5851,2026-09-13,1,2,1.25,2026-08-18T10:00:00+05:30
gav_69a5e289,gid_1bdc5851,2026-09-14,1,1,1.1,2026-08-18T10:00:00+05:30
gav_afa9d528,gid_1bdc5851,2026-09-15,0,0,1.1,2026-08-18T10:00:00+05:30
gav_ab0426c4,gid_1bdc5851,2026-09-16,1,2,1.1,2026-08-18T10:00:00+05:30
gav_792edc3e,gid_1bdc5851,2026-09-17,1,1,1,2026-08-18T10:00:00+05:30
gav_f71e52f0,gid_1bdc5851,2026-09-18,1,1,1,2026-08-18T10:00:00+05:30
gav_2f9efabf,gid_1bdc5851,2026-09-19,1,1,1.25,2026-08-18T10:00:00+05:30
gav_9e122eb2,gid_1bdc5851,2026-09-20,1,2,1.25,2026-08-18T10:00:00+05:30
gav_4d861fcc,gid_1bdc5851,2026-09-21,1,1,1,2026-08-18T10:00:00+05:30
gav_2b3ff361,gid_1bdc5851,2026-09-22,1,2,1.1,2026-08-18T10:00:00+05:30
gav_090f4ac4,gid_1bdc5851,2026-09-23,0,0,1,2026-08-18T10:00:00+05:30
gav_59b2f6d7,gid_1bdc5851,2026-09-24,1,1,1.1,2026-08-18T10:00:00+05:30
gav_63c0de2b,gid_1bdc5851,2026-09-25,1,1,1.1,2026-08-18T10:00:00+05:30
gav_9bf809c2,gid_1bdc5851,2026-09-26,1,1,1.35,2026-08-18T10:00:00+05:30
gav_9532f07f,gid_1bdc5851,2026-09-27,1,2,1.25,2026-08-18T10:00:00+05:30
gav_d438984d,gid_1bdc5851,2026-09-28,1,2,1.1,2026-08-18T10:00:00+05:30
gav_170e65a7,gid_1bdc5851,2026-09-29,1,1,1,2026-08-18T10:00:00+05:30
gav_68da0f49,gid_1bdc5851,2026-09-30,1,2,1,2026-08-18T10:00:00+05:30
gav_f1ea9743,gid_4c078d5e,2026-09-01,1,1,1,2026-08-18T10:00:00+05:30
gav_794b9ceb,gid_4c078d5e,2026-09-02,1,2,1,2026-08-18T10:00:00+05:30
gav_f8c5b5a2,gid_4c078d5e,2026-09-03,1,2,1.1,2026-08-18T10:00:00+05:30
gav_ac28d302,gid_4c078d5e,2026-09-04,1,1,1.1,2026-08-18T10:00:00+05:30
gav_57ce546d,gid_4c078d5e,2026-09-05,1,1,1.25,2026-08-18T10:00:00+05:30
gav_56a3573c,gid_4c078d5e,2026-09-06,0,0,1.35,2026-08-18T10:00:00+05:30
gav_a7c55576,gid_4c078d5e,2026-09-07,1,1,1.1,2026-08-18T10:00:00+05:30
gav_a5c70231,gid_4c078d5e,2026-09-08,0,0,1.1,2026-08-18T10:00:00+05:30
gav_6c84cf76,gid_4c078d5e,2026-09-09,1,2,1,2026-08-18T10:00:00+05:30
gav_0d2a945d,gid_4c078d5e,2026-09-10,0,0,1,2026-08-18T10:00:00+05:30
gav_ae763319,gid_4c078d5e,2026-09-11,1,2,1.1,2026-08-18T10:00:00+05:30
gav_289de217,gid_4c078d5e,2026-09-12,0,0,1.25,2026-08-18T10:00:00+05:30
gav_fd93bd4a,gid_4c078d5e,2026-09-13,0,0,1.35,2026-08-18T10:00:00+05:30
gav_6c978a10,gid_4c078d5e,2026-09-14,1,1,1,2026-08-18T10:00:00+05:30
gav_1f3baec4,gid_4c078d5e,2026-09-15,1,2,1,2026-08-18T10:00:00+05:30
gav_46bb084f,gid_4c078d5e,2026-09-16,1,1,1,2026-08-18T10:00:00+05:30
gav_cf9cc981,gid_4c078d5e,2026-09-17,0,0,1,2026-08-18T10:00:00+05:30
gav_08ce3d78,gid_4c078d5e,2026-09-18,1,1,1,2026-08-18T10:00:00+05:30
gav_ef9985ad,gid_4c078d5e,2026-09-19,1,2,1.25,2026-08-18T10:00:00+05:30
gav_610cd00c,gid_4c078d5e,2026-09-20,1,1,1.35,2026-08-18T10:00:00+05:30
gav_c28821ed,gid_4c078d5e,2026-09-21,0,0,1,2026-08-18T10:00:00+05:30
gav_b73d3b81,gid_4c078d5e,2026-09-22,1,1,1.1,2026-08-18T10:00:00+05:30
gav_1feb98e7,gid_4c078d5e,2026-09-23,1,1,1,2026-08-18T10:00:00+05:30
gav_4facf1a7,gid_4c078d5e,2026-09-24,1,1,1.1,2026-08-18T10:00:00+05:30
gav_3ce48f1f,gid_4c078d5e,2026-09-25,0,0,1.1,2026-08-18T10:00:00+05:30
gav_356df4d7,gid_4c078d5e,2026-09-26,1,1,1.35,2026-08-18T10:00:00+05:30
gav_84b79c92,gid_4c078d5e,2026-09-27,1,2,1.35,2026-08-18T10:00:00+05:30
gav_3940cd27,gid_4c078d5e,2026-09-28,0,0,1,2026-08-18T10:00:00+05:30
gav_3af71a42,gid_4c078d5e,2026-09-29,1,1,1,2026-08-18T10:00:00+05:30
gav_5d41c629,gid_4c078d5e,2026-09-30,1,2,1,2026-08-18T10:00:00+05:30
gav_0d265121,gid_6171e074,2026-09-01,1,2,1.1,2026-08-18T10:00:00+05:30
gav_9a8d1962,gid_6171e074,2026-09-02,1,1,1.1,2026-08-18T10:00:00+05:30
gav_dab427ac,gid_6171e074,2026-09-03,1,1,1,2026-08-18T10:00:00+05:30
gav_b7e2c872,gid_6171e074,2026-09-04,0,0,1.1,2026-08-18T10:00:00+05:30
gav_0a861b2f,gid_6171e074,2026-09-05,1,1,1.25,2026-08-18T10:00:00+05:30
gav_2112b94d,gid_6171e074,2026-09-06,1,2,1.25,2026-08-18T10:00:00+05:30
gav_52dc3012,gid_6171e074,2026-09-07,1,1,1,2026-08-18T10:00:00+05:30
gav_569539a1,gid_6171e074,2026-09-08,0,0,1.1,2026-08-18T10:00:00+05:30
gav_d083da33,gid_6171e074,2026-09-09,0,0,1.1,2026-08-18T10:00:00+05:30
gav_b6a8ce5f,gid_6171e074,2026-09-10,1,1,1,2026-08-18T10:00:00+05:30
gav_0a685c96,gid_6171e074,2026-09-11,0,0,1.1,2026-08-18T10:00:00+05:30
gav_f5aa1eea,gid_6171e074,2026-09-12,1,2,1.25,2026-08-18T10:00:00+05:30
gav_209d61b7,gid_6171e074,2026-09-13,1,2,1.35,2026-08-18T10:00:00+05:30
gav_466e856a,gid_6171e074,2026-09-14,0,0,1.1,2026-08-18T10:00:00+05:30
gav_4410dabf,gid_6171e074,2026-09-15,1,1,1.1,2026-08-18T10:00:00+05:30
gav_f494d62c,gid_6171e074,2026-09-16,0,0,1,2026-08-18T10:00:00+05:30
gav_04e31cb4,gid_6171e074,2026-09-17,1,2,1,2026-08-18T10:00:00+05:30
gav_cc9f287f,gid_6171e074,2026-09-18,0,0,1,2026-08-18T10:00:00+05:30
gav_6e1d6063,gid_6171e074,2026-09-19,1,2,1.25,2026-08-18T10:00:00+05:30
gav_1688f530,gid_6171e074,2026-09-20,1,2,1.25,2026-08-18T10:00:00+05:30
gav_62ca668c,gid_6171e074,2026-09-21,1,2,1.1,2026-08-18T10:00:00+05:30
gav_69d72c56,gid_6171e074,2026-09-22,1,1,1.1,2026-08-18T10:00:00+05:30
gav_13a27972,gid_6171e074,2026-09-23,0,0,1.1,2026-08-18T10:00:00+05:30
gav_53ca8ce5,gid_6171e074,2026-09-24,1,2,1.1,2026-08-18T10:00:00+05:30
gav_9190e9f8,gid_6171e074,2026-09-25,0,0,1.1,2026-08-18T10:00:00+05:30
gav_b29629a1,gid_6171e074,2026-09-26,1,1,1.25,2026-08-18T10:00:00+05:30
gav_2d4b954a,gid_6171e074,2026-09-27,1,1,1.25,2026-08-18T10:00:00+05:30
gav_2c79dfe0,gid_6171e074,2026-09-28,1,1,1,2026-08-18T10:00:00+05:30
gav_41bad3b0,gid_6171e074,2026-09-29,0,0,1.1,2026-08-18T10:00:00+05:30
gav_be34a2a4,gid_6171e074,2026-09-30,0,0,1.1,2026-08-18T10:00:00+05:30
gav_98542178,gid_38e7021d,2026-09-01,1,1,1,2026-08-18T10:00:00+05:30
gav_23937d40,gid_38e7021d,2026-09-02,1,2,1.1,2026-08-18T10:00:00+05:30
gav_8a8fc498,gid_38e7021d,2026-09-03,1,2,1.1,2026-08-18T10:00:00+05:30
gav_349f53d4,gid_38e7021d,2026-09-04,0,0,1.1,2026-08-18T10:00:00+05:30
gav_f63d351f,gid_38e7021d,2026-09-05,1,2,1.25,2026-08-18T10:00:00+05:30
gav_0a5a74a0,gid_38e7021d,2026-09-06,0,0,1.25,2026-08-18T10:00:00+05:30
gav_911da3b7,gid_38e7021d,2026-09-07,0,0,1,2026-08-18T10:00:00+05:30
gav_2c9685b1,gid_38e7021d,2026-09-08,0,0,1.1,2026-08-18T10:00:00+05:30
gav_61587ca2,gid_38e7021d,2026-09-09,1,2,1.1,2026-08-18T10:00:00+05:30
gav_fc52ef61,gid_38e7021d,2026-09-10,1,1,1,2026-08-18T10:00:00+05:30
gav_42d98cf7,gid_38e7021d,2026-09-11,1,2,1,2026-08-18T10:00:00+05:30
gav_f4b32c39,gid_38e7021d,2026-09-12,1,1,1.25,2026-08-18T10:00:00+05:30
gav_912cccbc,gid_38e7021d,2026-09-13,1,1,1.35,2026-08-18T10:00:00+05:30
gav_56ad511d,gid_38e7021d,2026-09-14,0,0,1.1,2026-08-18T10:00:00+05:30
gav_253af900,gid_38e7021d,2026-09-15,1,1,1,2026-08-18T10:00:00+05:30
gav_74e86092,gid_38e7021d,2026-09-16,0,0,1,2026-08-18T10:00:00+05:30
gav_d0111c18,gid_38e7021d,2026-09-17,0,0,1,2026-08-18T10:00:00+05:30
gav_ad73d68b,gid_38e7021d,2026-09-18,1,1,1,2026-08-18T10:00:00+05:30
gav_cf49bfee,gid_38e7021d,2026-09-19,1,1,1.25,2026-08-18T10:00:00+05:30
gav_850f5679,gid_38e7021d,2026-09-20,1,2,1.25,2026-08-18T10:00:00+05:30
gav_9dba6fc2,gid_38e7021d,2026-09-21,0,0,1,2026-08-18T10:00:00+05:30
gav_815679a9,gid_38e7021d,2026-09-22,0,0,1,2026-08-18T10:00:00+05:30
gav_7d1bab88,gid_38e7021d,2026-09-23,1,1,1,2026-08-18T10:00:00+05:30
gav_827df26a,gid_38e7021d,2026-09-24,1,1,1,2026-08-18T10:00:00+05:30
gav_472da2c3,gid_38e7021d,2026-09-25,1,1,1,2026-08-18T10:00:00+05:30
gav_65b6f6d5,gid_38e7021d,2026-09-26,1,2,1.25,2026-08-18T10:00:00+05:30
gav_64240073,gid_38e7021d,2026-09-27,1,2,1.35,2026-08-18T10:00:00+05:30
gav_1797042e,gid_38e7021d,2026-09-28,1,2,1,2026-08-18T10:00:00+05:30
gav_9b4712db,gid_38e7021d,2026-09-29,1,1,1.1,2026-08-18T10:00:00+05:30
gav_f4f9885c,gid_38e7021d,2026-09-30,1,2,1,2026-08-18T10:00:00+05:30
gav_20389902,gid_416ed120,2026-09-01,0,0,1.1,2026-08-18T10:00:00+05:30
gav_fbc53895,gid_416ed120,2026-09-02,1,1,1.1,2026-08-18T10:00:00+05:30
gav_25495d23,gid_416ed120,2026-09-03,1,2,1,2026-08-18T10:00:00+05:30
gav_3861365d,gid_416ed120,2026-09-04,1,2,1,2026-08-18T10:00:00+05:30
gav_303abf44,gid_416ed120,2026-09-05,1,1,1.25,2026-08-18T10:00:00+05:30
gav_947aedab,gid_416ed120,2026-09-06,0,0,1.25,2026-08-18T10:00:00+05:30
gav_f8fd8aa8,gid_416ed120,2026-09-07,1,2,1.1,2026-08-18T10:00:00+05:30
gav_b48b7cd3,gid_416ed120,2026-09-08,1,2,1,2026-08-18T10:00:00+05:30
gav_6fecdf6e,gid_416ed120,2026-09-09,0,0,1,2026-08-18T10:00:00+05:30
gav_509ce6a9,gid_416ed120,2026-09-10,0,0,1,2026-08-18T10:00:00+05:30
gav_eef059cf,gid_416ed120,2026-09-11,0,0,1,2026-08-18T10:00:00+05:30
gav_7edf441f,gid_416ed120,2026-09-12,0,0,1.25,2026-08-18T10:00:00+05:30
gav_7d088821,gid_416ed120,2026-09-13,1,1,1.25,2026-08-18T10:00:00+05:30
gav_4d2c6bb1,gid_416ed120,2026-09-14,1,1,1.1,2026-08-18T10:00:00+05:30
gav_188ce405,gid_416ed120,2026-09-15,1,2,1.1,2026-08-18T10:00:00+05:30
gav_205f448c,gid_416ed120,2026-09-16,1,1,1,2026-08-18T10:00:00+05:30
gav_2dc69c0c,gid_416ed120,2026-09-17,0,0,1,2026-08-18T10:00:00+05:30
gav_c887d893,gid_416ed120,2026-09-18,1,1,1,2026-08-18T10:00:00+05:30
gav_af9bd92b,gid_416ed120,2026-09-19,1,1,1.35,2026-08-18T10:00:00+05:30
gav_c219539b,gid_416ed120,2026-09-20,0,0,1.25,2026-08-18T10:00:00+05:30
gav_61f777bd,gid_416ed120,2026-09-21,0,0,1,2026-08-18T10:00:00+05:30
gav_7955c3dd,gid_416ed120,2026-09-22,1,1,1.1,2026-08-18T10:00:00+05:30
gav_a003c31f,gid_416ed120,2026-09-23,1,1,1,2026-08-18T10:00:00+05:30
gav_cd17e0af,gid_416ed120,2026-09-24,1,1,1,2026-08-18T10:00:00+05:30
gav_0773fa3c,gid_416ed120,2026-09-25,0,0,1.1,2026-08-18T10:00:00+05:30
gav_658bb7f7,gid_416ed120,2026-09-26,1,2,1.25,2026-08-18T10:00:00+05:30
gav_a31c6c37,gid_416ed120,2026-09-27,1,2,1.25,2026-08-18T10:00:00+05:30
gav_3289d689,gid_416ed120,2026-09-28,1,2,1,2026-08-18T10:00:00+05:30
gav_5a9e1919,gid_416ed120,2026-09-29,1,1,1,2026-08-18T10:00:00+05:30
gav_e7019ea5,gid_416ed120,2026-09-30,1,2,1,2026-08-18T10:00:00+05:30
gav_8b73fb61,gid_97f97230,2026-09-01,1,1,1,2026-08-18T10:00:00+05:30
gav_a44d2871,gid_97f97230,2026-09-02,1,2,1,2026-08-18T10:00:00+05:30
gav_7b236ed1,gid_97f97230,2026-09-03,1,1,1.1,2026-08-18T10:00:00+05:30
gav_6429598a,gid_97f97230,2026-09-04,1,1,1,2026-08-18T10:00:00+05:30
gav_d0297ae6,gid_97f97230,2026-09-05,1,2,1.35,2026-08-18T10:00:00+05:30
gav_57d3b2e6,gid_97f97230,2026-09-06,1,1,1.25,2026-08-18T10:00:00+05:30
gav_68e78412,gid_97f97230,2026-09-07,1,2,1.1,2026-08-18T10:00:00+05:30
gav_df90ba99,gid_97f97230,2026-09-08,1,2,1,2026-08-18T10:00:00+05:30
gav_f9fe41c5,gid_97f97230,2026-09-09,1,2,1,2026-08-18T10:00:00+05:30
gav_6b308927,gid_97f97230,2026-09-10,1,1,1,2026-08-18T10:00:00+05:30
gav_c84f8f2a,gid_97f97230,2026-09-11,1,1,1,2026-08-18T10:00:00+05:30
gav_cf08c6e1,gid_97f97230,2026-09-12,0,0,1.25,2026-08-18T10:00:00+05:30
gav_49ae34e7,gid_97f97230,2026-09-13,1,2,1.25,2026-08-18T10:00:00+05:30
gav_ea003e0e,gid_97f97230,2026-09-14,1,1,1.1,2026-08-18T10:00:00+05:30
gav_eb6e4136,gid_97f97230,2026-09-15,1,1,1,2026-08-18T10:00:00+05:30
gav_16441366,gid_97f97230,2026-09-16,1,1,1,2026-08-18T10:00:00+05:30
gav_b56c3ce1,gid_97f97230,2026-09-17,1,1,1,2026-08-18T10:00:00+05:30
gav_5cfc861d,gid_97f97230,2026-09-18,1,2,1,2026-08-18T10:00:00+05:30
gav_be4b29f5,gid_97f97230,2026-09-19,0,0,1.25,2026-08-18T10:00:00+05:30
gav_70acdf88,gid_97f97230,2026-09-20,1,2,1.35,2026-08-18T10:00:00+05:30
gav_78a54efe,gid_97f97230,2026-09-21,1,1,1,2026-08-18T10:00:00+05:30
gav_906ff540,gid_97f97230,2026-09-22,1,2,1,2026-08-18T10:00:00+05:30
gav_2cc84a09,gid_97f97230,2026-09-23,1,2,1,2026-08-18T10:00:00+05:30
gav_c65f2657,gid_97f97230,2026-09-24,1,1,1,2026-08-18T10:00:00+05:30
gav_acec7118,gid_97f97230,2026-09-25,1,2,1,2026-08-18T10:00:00+05:30
gav_68d92651,gid_97f97230,2026-09-26,0,0,1.25,2026-08-18T10:00:00+05:30
gav_b6893284,gid_97f97230,2026-09-27,1,2,1.25,2026-08-18T10:00:00+05:30
gav_666a48a4,gid_97f97230,2026-09-28,1,2,1,2026-08-18T10:00:00+05:30
gav_cf06f0be,gid_97f97230,2026-09-29,0,0,1.1,2026-08-18T10:00:00+05:30
gav_82b1c59b,gid_97f97230,2026-09-30,0,0,1,2026-08-18T10:00:00+05:30
gav_90416e1e,gid_fa2c170c,2026-09-01,1,1,1,2026-08-18T10:00:00+05:30
gav_b2d22516,gid_fa2c170c,2026-09-02,1,1,1,2026-08-18T10:00:00+05:30
gav_669f624b,gid_fa2c170c,2026-09-03,0,0,1,2026-08-18T10:00:00+05:30
gav_e5c92128,gid_fa2c170c,2026-09-04,0,0,1.1,2026-08-18T10:00:00+05:30
gav_698eaeb0,gid_fa2c170c,2026-09-05,1,2,1.25,2026-08-18T10:00:00+05:30
gav_07632d4c,gid_fa2c170c,2026-09-06,1,2,1.25,2026-08-18T10:00:00+05:30
gav_b0ffe8c2,gid_fa2c170c,2026-09-07,1,1,1,2026-08-18T10:00:00+05:30
gav_d37adc76,gid_fa2c170c,2026-09-08,1,2,1,2026-08-18T10:00:00+05:30
gav_703461ad,gid_fa2c170c,2026-09-09,0,0,1.1,2026-08-18T10:00:00+05:30
gav_76dad716,gid_fa2c170c,2026-09-10,1,2,1,2026-08-18T10:00:00+05:30
gav_dd8a95df,gid_fa2c170c,2026-09-11,1,1,1.1,2026-08-18T10:00:00+05:30
gav_0a4ecd6e,gid_fa2c170c,2026-09-12,0,0,1.25,2026-08-18T10:00:00+05:30
gav_a0ae0976,gid_fa2c170c,2026-09-13,1,2,1.25,2026-08-18T10:00:00+05:30
gav_bba0cf50,gid_fa2c170c,2026-09-14,1,2,1,2026-08-18T10:00:00+05:30
gav_6ebaadb8,gid_fa2c170c,2026-09-15,1,2,1.1,2026-08-18T10:00:00+05:30
gav_7e9398ec,gid_fa2c170c,2026-09-16,0,0,1,2026-08-18T10:00:00+05:30
gav_8cda3af7,gid_fa2c170c,2026-09-17,0,0,1.1,2026-08-18T10:00:00+05:30
gav_5a412df2,gid_fa2c170c,2026-09-18,0,0,1.1,2026-08-18T10:00:00+05:30
gav_d9ce97ab,gid_fa2c170c,2026-09-19,1,1,1.25,2026-08-18T10:00:00+05:30
gav_4afae966,gid_fa2c170c,2026-09-20,0,0,1.35,2026-08-18T10:00:00+05:30
gav_8179c674,gid_fa2c170c,2026-09-21,1,1,1.1,2026-08-18T10:00:00+05:30
gav_ce951589,gid_fa2c170c,2026-09-22,1,1,1.1,2026-08-18T10:00:00+05:30
gav_51673991,gid_fa2c170c,2026-09-23,1,2,1,2026-08-18T10:00:00+05:30
gav_cbe63636,gid_fa2c170c,2026-09-24,1,1,1,2026-08-18T10:00:00+05:30
gav_38bea6e5,gid_fa2c170c,2026-09-25,1,2,1,2026-08-18T10:00:00+05:30
gav_d3408c41,gid_fa2c170c,2026-09-26,1,2,1.25,2026-08-18T10:00:00+05:30
gav_4c80f66f,gid_fa2c170c,2026-09-27,1,2,1.25,2026-08-18T10:00:00+05:30
gav_e0d0b78c,gid_fa2c170c,2026-09-28,1,2,1,2026-08-18T10:00:00+05:30
gav_11b6a15f,gid_fa2c170c,2026-09-29,1,2,1,2026-08-18T10:00:00+05:30
gav_b49f39e3,gid_fa2c170c,2026-09-30,1,2,1,2026-08-18T10:00:00+05:30
gav_40392a40,gid_42df2b3f,2026-09-01,0,0,1.1,2026-08-18T10:00:00+05:30
gav_50485ff8,gid_42df2b3f,2026-09-02,1,2,1,2026-08-18T10:00:00+05:30
gav_9460aa16,gid_42df2b3f,2026-09-03,1,2,1.1,2026-08-18T10:00:00+05:30
gav_9b247a64,gid_42df2b3f,2026-09-04,1,1,1,2026-08-18T10:00:00+05:30
gav_56f67818,gid_42df2b3f,2026-09-05,1,1,1.35,2026-08-18T10:00:00+05:30
gav_01781327,gid_42df2b3f,2026-09-06,1,2,1.25,2026-08-18T10:00:00+05:30
gav_f199209a,gid_42df2b3f,2026-09-07,0,0,1,2026-08-18T10:00:00+05:30
gav_ecda8dfd,gid_42df2b3f,2026-09-08,1,2,1,2026-08-18T10:00:00+05:30
gav_08689369,gid_42df2b3f,2026-09-09,1,1,1.1,2026-08-18T10:00:00+05:30
gav_60041566,gid_42df2b3f,2026-09-10,1,2,1,2026-08-18T10:00:00+05:30
gav_f2621b19,gid_42df2b3f,2026-09-11,0,0,1.1,2026-08-18T10:00:00+05:30
gav_4a79d06b,gid_42df2b3f,2026-09-12,1,1,1.35,2026-08-18T10:00:00+05:30
gav_32a202ec,gid_42df2b3f,2026-09-13,1,2,1.25,2026-08-18T10:00:00+05:30
gav_d62262db,gid_42df2b3f,2026-09-14,1,1,1.1,2026-08-18T10:00:00+05:30
gav_a7e66a12,gid_42df2b3f,2026-09-15,1,1,1.1,2026-08-18T10:00:00+05:30
gav_d5e500c0,gid_42df2b3f,2026-09-16,0,0,1,2026-08-18T10:00:00+05:30
gav_510d6c8c,gid_42df2b3f,2026-09-17,1,1,1.1,2026-08-18T10:00:00+05:30
gav_3656f46c,gid_42df2b3f,2026-09-18,0,0,1,2026-08-18T10:00:00+05:30
gav_ba7e5a29,gid_42df2b3f,2026-09-19,1,1,1.25,2026-08-18T10:00:00+05:30
gav_54d573a5,gid_42df2b3f,2026-09-20,0,0,1.25,2026-08-18T10:00:00+05:30
gav_9573cb6d,gid_42df2b3f,2026-09-21,1,2,1,2026-08-18T10:00:00+05:30
gav_31a728cc,gid_42df2b3f,2026-09-22,0,0,1,2026-08-18T10:00:00+05:30
gav_05b154a4,gid_42df2b3f,2026-09-23,1,2,1,2026-08-18T10:00:00+05:30
gav_8724b0dd,gid_42df2b3f,2026-09-24,1,1,1,2026-08-18T10:00:00+05:30
gav_ab36725e,gid_42df2b3f,2026-09-25,0,0,1,2026-08-18T10:00:00+05:30
gav_9ac7b9cb,gid_42df2b3f,2026-09-26,1,2,1.25,2026-08-18T10:00:00+05:30
gav_e16a6f8b,gid_42df2b3f,2026-09-27,1,1,1.25,2026-08-18T10:00:00+05:30
gav_2fd77829,gid_42df2b3f,2026-09-28,1,2,1,2026-08-18T10:00:00+05:30
gav_7dcb6b83,gid_42df2b3f,2026-09-29,1,2,1.1,2026-08-18T10:00:00+05:30
gav_d3a98674,gid_42df2b3f,2026-09-30,0,0,1,2026-08-18T10:00:00+05:30
