preference_id,user_id,preferred_languages,guide_language,interests,dietary_flags,accessibility_needs,preferred_currency,max_daily_budget,max_daily_budget_currency,pace,updated_at
prf_76eacf70,usr_6afe5712,"en-IN,pa",en-IN,"religious_pilgrim,wellness_yoga,museum_art,nature_lake",none,,INR,35627.61,INR,relaxed,2026-08-18T10:00:00+05:30
prf_f74f2d16,usr_05c1346c,"bn,hi",bn,"heritage_fort,adventure_trek",vegan,,INR,4832.99,INR,balanced,2026-08-18T10:00:00+05:30
prf_fbc50530,usr_c75aefa2,id,id,"beach_quiet,wildlife_birding,nature_garden",jain,,IDR,4383.03,IDR,balanced,2026-08-18T10:00:00+05:30
prf_172c4234,usr_f855344d,hi,hi,"nightlife_live,wildlife_sanctuary,nature_garden,heritage_temple",vegan,,INR,19130.43,INR,relaxed,2026-08-18T10:00:00+05:30
prf_f38257b6,usr_8cb2d440,ar,ar,"wellness_ayur,nightlife_bar,religious_pilgrim",vegetarian,hearing,QAR,7816.55,QAR,relaxed,2026-08-18T10:00:00+05:30
prf_e2fdddad,usr_c961aa19,en-IN,en-IN,"food_street,shopping_craft",halal,step_free,INR,,,relaxed,2026-08-18T10:00:00+05:30
prf_3125e26f,usr_580a5fe8,"en-IN,bn",,"food_cooking,beach_active,beach_quiet,heritage_ruins,adventure_water",halal,vision,INR,,,balanced,2026-08-18T10:00:00+05:30
prf_72b0dbb0,usr_e960bbc7,"mr,bn",mr,"heritage_fort,beach_quiet,shopping_craft",,,INR,16336.73,INR,packed,2026-08-18T10:00:00+05:30
prf_a0deeab5,usr_aa216995,"en-IN,bn",en-IN,"wildlife_sanctuary,religious_pilgrim,wildlife_safari,food_cooking,shopping_craft",vegetarian,,INR,11638.17,INR,balanced,2026-08-18T10:00:00+05:30
prf_d40d99b1,usr_14ca6dc1,"en-IN,te",en-IN,"religious_ghats,shopping_mall,nature_desert,shopping_bazaar,beach_quiet",jain,,LKR,10490.46,LKR,packed,2026-08-18T10:00:00+05:30
prf_1dccd3e2,usr_b3f2baa1,ml,,"heritage_ruins,museum_art",none,,INR,10146.84,INR,relaxed,2026-08-18T10:00:00+05:30
prf_efa9f7b2,usr_b34877aa,"kn,en-IN",kn,"nature_waterfall,beach_active",halal,,INR,2886.88,INR,packed,2026-08-18T10:00:00+05:30
prf_be24221f,usr_e1cd7b02,en-IN,en-IN,"nature_lake,food_cooking",halal,,INR,9172.21,INR,relaxed,2026-08-18T10:00:00+05:30
prf_962221eb,usr_dace411a,en-IN,en-IN,"nature_hill,religious_pilgrim,adventure_trek,nightlife_bar",,,MYR,7417.91,MYR,balanced,2026-08-18T10:00:00+05:30
prf_138b6c0f,usr_27018453,zh,zh,"food_fine,shopping_craft,religious_ghats,shopping_bazaar,nature_lake",vegan,hearing,SGD,22153.83,SGD,balanced,2026-08-18T10:00:00+05:30
prf_09979f29,usr_3f73d954,ml,,"shopping_mall,shopping_bazaar",vegetarian,,INR,9178.39,INR,balanced,2026-08-18T10:00:00+05:30
prf_30ec8dd1,usr_8e89346c,"hi,ml",hi,"adventure_trek,religious_ghats,nature_waterfall,food_cooking",halal,,INR,8975.38,INR,packed,2026-08-18T10:00:00+05:30
prf_e7267a74,usr_759b4145,"en-IN,bn",bn,"heritage_fort,food_street",vegan,hearing,INR,7340.75,INR,relaxed,2026-08-18T10:00:00+05:30
prf_978e6008,usr_a7881014,en-IN,en-IN,"wellness_yoga,shopping_mall,beach_active,food_cooking",halal,,LKR,5892.37,LKR,packed,2026-08-18T10:00:00+05:30
prf_ffd83171,usr_1981c2a0,en-IN,en-IN,"museum_science,beach_quiet",,,INR,21781.48,INR,balanced,2026-08-18T10:00:00+05:30
prf_1df84709,usr_98a69060,"en-IN,mr",mr,"wellness_yoga,beach_active,heritage_fort",vegan,none,INR,18624.61,INR,balanced,2026-08-18T10:00:00+05:30
prf_60cae0aa,usr_4405382c,ar,ar,"nature_desert,wildlife_sanctuary,wellness_yoga,food_fine",vegetarian,step_free,AED,8318.52,AED,packed,2026-08-18T10:00:00+05:30
prf_6e906bfb,usr_acb4c4ba,"te,gu",gu,"heritage_stepwell,adventure_trek,wildlife_sanctuary",halal,,INR,23138.04,INR,balanced,2026-08-18T10:00:00+05:30
prf_67cef300,usr_8452201e,en-IN,en-IN,"religious_ghats,shopping_craft,wildlife_sanctuary",,,INR,2900.90,INR,packed,2026-08-18T10:00:00+05:30
prf_fc9f03db,usr_a0b28bd2,en-IN,en-IN,"beach_quiet,nature_garden,shopping_craft,adventure_air,wellness_ayur",none,,INR,5080.00,INR,packed,2026-08-18T10:00:00+05:30
prf_c67e6b1f,usr_e4980687,"bn,gu",bn,"religious_pilgrim,religious_ghats,adventure_air",vegetarian,,INR,5241.68,INR,packed,2026-08-18T10:00:00+05:30
prf_394ea25a,usr_a93726c0,ml,ml,"shopping_mall,food_street,food_fine,beach_active",none,,INR,5415.14,INR,relaxed,2026-08-18T10:00:00+05:30
prf_59dc049b,usr_5502e88b,en-IN,en-IN,"religious_ghats,nature_hill,museum_history,adventure_cycle,nature_lake",none,,LKR,2957.55,LKR,relaxed,2026-08-18T10:00:00+05:30
prf_5c03d2ca,usr_0551c67a,en-IN,,"religious_ghats,food_street,food_fine",jain,,INR,18999.37,INR,balanced,2026-08-18T10:00:00+05:30
prf_ee48df24,usr_f885e8af,en-IN,en-IN,"wildlife_sanctuary,wildlife_birding,religious_ghats",vegetarian,,INR,8576.24,INR,relaxed,2026-08-18T10:00:00+05:30
prf_a8c0fcdc,usr_7c7b9fd7,"en-IN,bn",,"shopping_mall,adventure_water,nature_waterfall",,hearing,INR,2479.66,INR,balanced,2026-08-18T10:00:00+05:30
prf_4a69f64a,usr_157e58e7,"en-IN,ml",,"nature_garden,religious_pilgrim",vegetarian,hearing,AED,8606.01,AED,packed,2026-08-18T10:00:00+05:30
prf_aef7e0c7,usr_da6b9625,"th,pa",pa,"wellness_ayur,adventure_water,museum_history",,,THB,2169.72,THB,packed,2026-08-18T10:00:00+05:30
prf_bb4a519d,usr_d245dd5d,ne,ne,"religious_ghats,nature_garden,adventure_water,religious_pilgrim",,,INR,11202.38,INR,packed,2026-08-18T10:00:00+05:30
prf_d1801917,usr_b8779399,"ar,mr",mr,"religious_pilgrim,wildlife_sanctuary,food_market,nature_hill",jain,,AED,40032.39,AED,packed,2026-08-18T10:00:00+05:30
prf_b206bb4e,usr_a7b22ee2,"hi,en-IN",en-IN,"food_street,beach_quiet,museum_art,museum_science,wildlife_birding",,,INR,2907.45,INR,packed,2026-08-18T10:00:00+05:30
prf_ef7ff221,usr_52bd2f81,ar,ar,"adventure_air,heritage_temple,food_market",vegan,,MVR,6466.34,MVR,packed,2026-08-18T10:00:00+05:30
prf_bf16241e,usr_65303113,hi,,"wildlife_sanctuary,religious_ghats,shopping_craft,shopping_bazaar,food_cooking",halal,,INR,2784.51,INR,relaxed,2026-08-18T10:00:00+05:30
prf_c4d4265a,usr_bff7bdb8,hi,,"beach_quiet,adventure_trek,nature_desert",,hearing,INR,21455.68,INR,packed,2026-08-18T10:00:00+05:30
prf_05bcc85a,usr_ff46b2fe,"en-IN,hi",en-IN,"wellness_ayur,wildlife_safari",vegetarian,,INR,8700.56,INR,relaxed,2026-08-18T10:00:00+05:30
prf_b8b593c4,usr_1805266d,en-IN,en-IN,"museum_history,food_market,shopping_bazaar,nightlife_bar,adventure_water",,,INR,2335.71,INR,balanced,2026-08-18T10:00:00+05:30
prf_17353375,usr_f427bdf9,"en-IN,ml",,"museum_science,wellness_yoga,food_street",halal,hearing,INR,22209.53,INR,packed,2026-08-18T10:00:00+05:30
prf_473b73a0,usr_50bced56,"en-IN,te",te,"heritage_fort,food_fine,shopping_craft",jain,hearing,JPY,36537.10,JPY,relaxed,2026-08-18T10:00:00+05:30
prf_6cdcfd45,usr_590caf04,"mr,kn",kn,"food_street,religious_pilgrim,beach_quiet,wellness_yoga",,,INR,10708.19,INR,relaxed,2026-08-18T10:00:00+05:30
prf_3616a350,usr_6e6d6fef,"ta,pa",pa,"religious_pilgrim,heritage_stepwell",,,INR,29220.21,INR,relaxed,2026-08-18T10:00:00+05:30
prf_be585e93,usr_6f068e43,en-IN,en-IN,"nightlife_bar,heritage_fort,shopping_bazaar",jain,,INR,2271.03,INR,balanced,2026-08-18T10:00:00+05:30
prf_b88d849d,usr_2e23a5e1,ja,,"heritage_temple,adventure_trek,beach_quiet,nature_lake",,,JPY,44694.97,JPY,packed,2026-08-18T10:00:00+05:30
prf_822d72cc,usr_57a830d8,en-IN,en-IN,"museum_art,heritage_temple",,,INR,,,balanced,2026-08-18T10:00:00+05:30
prf_4573d962,usr_9e6dc4d3,"kn,ml",ml,"museum_history,adventure_trek,nightlife_live,nature_garden,nature_desert",vegan,,INR,6260.45,INR,relaxed,2026-08-18T10:00:00+05:30
prf_087a57f0,usr_87dbc172,"en-IN,te",en-IN,"religious_ghats,nature_desert,religious_pilgrim,wellness_ayur",vegetarian,,INR,8965.48,INR,relaxed,2026-08-18T10:00:00+05:30
prf_fedc90b2,usr_85c09ee4,en-IN,en-IN,"food_market,heritage_temple",,,INR,5009.75,INR,balanced,2026-08-18T10:00:00+05:30
prf_a6b9b359,usr_8add6423,mr,mr,"museum_art,wellness_yoga,shopping_bazaar",,,INR,21446.30,INR,balanced,2026-08-18T10:00:00+05:30
prf_490b95b3,usr_ce11983a,en-IN,en-IN,"adventure_trek,adventure_air",vegetarian,,INR,,,balanced,2026-08-18T10:00:00+05:30
prf_c8ce8399,usr_7e684451,"en-IN,te",te,"museum_art,heritage_stepwell,wildlife_sanctuary",vegan,vision,CHF,30694.73,CHF,relaxed,2026-08-18T10:00:00+05:30
prf_478a8ae7,usr_17b0d3bf,ta,,"shopping_craft,nature_waterfall,food_street,wildlife_sanctuary,nightlife_bar",jain,,INR,15629.75,INR,packed,2026-08-18T10:00:00+05:30
prf_3f7a09a5,usr_a5077371,"or,ml",or,"museum_science,shopping_craft,nature_lake,heritage_fort",,,INR,6228.56,INR,packed,2026-08-18T10:00:00+05:30
prf_b885d058,usr_17083a9e,"en-IN,pa",pa,"nature_waterfall,nature_hill,adventure_water",,,INR,19073.25,INR,balanced,2026-08-18T10:00:00+05:30
prf_2dd46249,usr_50e64c2d,en-IN,,"heritage_fort,museum_history",none,,INR,9262.91,INR,relaxed,2026-08-18T10:00:00+05:30
prf_eb22aa06,usr_2da5bb04,"ja,en-IN",en-IN,"heritage_ruins,nightlife_live,adventure_air",vegetarian,,JPY,2177.69,JPY,packed,2026-08-18T10:00:00+05:30
prf_c817bbee,usr_2162d6ff,en-IN,en-IN,"adventure_water,nature_garden,nightlife_live,beach_quiet",jain,step_free,INR,9118.46,INR,relaxed,2026-08-18T10:00:00+05:30
prf_fa328483,usr_9059c966,"en-IN,kn",en-IN,"nature_hill,religious_pilgrim",halal,vision,BTN,2936.68,BTN,relaxed,2026-08-18T10:00:00+05:30
prf_d75079e2,usr_efe9a3aa,en-IN,,"heritage_ruins,food_fine,nightlife_live",,none,INR,4664.87,INR,balanced,2026-08-18T10:00:00+05:30
prf_a8fb0341,usr_5b361073,ar,ar,"nature_desert,wellness_ayur,wildlife_safari,nature_hill,wildlife_sanctuary",vegan,vision,QAR,4021.95,QAR,relaxed,2026-08-18T10:00:00+05:30
prf_9d8778c3,usr_106130ad,"en-IN,gu",gu,"nature_hill,shopping_mall",halal,,INR,31822.41,INR,relaxed,2026-08-18T10:00:00+05:30
prf_6869be0c,usr_0ecee4ac,"ml,ta",ta,"heritage_ruins,religious_pilgrim",,,INR,22358.54,INR,relaxed,2026-08-18T10:00:00+05:30
prf_e27eb68e,usr_3ccdc15e,"ml,kn",,"nightlife_bar,wildlife_birding",none,step_free,INR,,,relaxed,2026-08-18T10:00:00+05:30
prf_a4a73ffd,usr_0813b333,"en-IN,ta",ta,"food_fine,adventure_air,shopping_craft,adventure_water,wildlife_birding",,,INR,5373.27,INR,packed,2026-08-18T10:00:00+05:30
prf_011f83ac,usr_6623af50,ar,ar,"shopping_bazaar,museum_science,adventure_trek,adventure_water,wildlife_birding",vegan,,AED,34136.76,AED,balanced,2026-08-18T10:00:00+05:30
prf_05b37c8f,usr_eba38ad5,gu,gu,"nightlife_bar,nature_hill,adventure_water,museum_history,museum_science",,,INR,23182.37,INR,balanced,2026-08-18T10:00:00+05:30
prf_b5be00ad,usr_db37359e,en-IN,en-IN,"nightlife_bar,shopping_bazaar",vegetarian,,INR,23106.82,INR,balanced,2026-08-18T10:00:00+05:30
prf_fb9c9869,usr_4f7fc3a8,ne,,"beach_active,religious_pilgrim,heritage_temple,museum_science",vegan,,INR,2933.65,INR,relaxed,2026-08-18T10:00:00+05:30
prf_48cbc3fe,usr_0a31df91,en-IN,en-IN,"wildlife_sanctuary,food_market,museum_history,nature_hill",halal,,INR,15669.71,INR,balanced,2026-08-18T10:00:00+05:30
prf_a4eae757,usr_1ef037a0,kn,kn,"wildlife_birding,nature_garden,nightlife_bar,adventure_cycle",none,,INR,44806.44,INR,packed,2026-08-18T10:00:00+05:30
prf_c1513f54,usr_2fca7c46,"en-IN,bn",en-IN,"museum_science,nature_hill,heritage_stepwell,wildlife_sanctuary,nature_garden",vegan,,INR,,,balanced,2026-08-18T10:00:00+05:30
prf_d26547f7,usr_a2dd8823,"en-IN,gu",,"shopping_craft,wellness_yoga,nature_lake,wildlife_safari,religious_ghats",vegan,,INR,16228.28,INR,packed,2026-08-18T10:00:00+05:30
prf_5e7225ae,usr_b9d5e7c6,en-IN,en-IN,"nature_garden,nightlife_bar,museum_history,food_cooking,heritage_stepwell",,,AED,6310.97,AED,balanced,2026-08-18T10:00:00+05:30
prf_cd6b2730,usr_36284ca0,en-IN,en-IN,"nature_garden,museum_art",halal,hearing,INR,22675.86,INR,packed,2026-08-18T10:00:00+05:30
prf_29481224,usr_a9df5974,"ta,en-IN",ta,"adventure_trek,adventure_cycle,museum_science",vegan,,INR,16844.30,INR,packed,2026-08-18T10:00:00+05:30
prf_e0dbd710,usr_4b9412c5,"en-IN,mr",,"heritage_stepwell,nature_garden,wellness_yoga,adventure_air",halal,,INR,17960.59,INR,balanced,2026-08-18T10:00:00+05:30
prf_40c96504,usr_2d4d90ee,"en-IN,ml",ml,"beach_quiet,heritage_stepwell,nightlife_live",halal,,INR,29243.54,INR,relaxed,2026-08-18T10:00:00+05:30
prf_913479b5,usr_1f8bfcb7,"en-IN,te",te,"beach_quiet,wellness_ayur,wellness_yoga,food_cooking",vegetarian,,INR,2253.17,INR,balanced,2026-08-18T10:00:00+05:30
prf_c14abc2e,usr_454b4262,en-IN,,"heritage_temple,heritage_stepwell",jain,step_free,INR,2986.00,INR,balanced,2026-08-18T10:00:00+05:30
prf_15de2a6a,usr_5c38267a,en-IN,en-IN,"shopping_mall,heritage_fort,food_street",vegan,,INR,6393.38,INR,packed,2026-08-18T10:00:00+05:30
prf_950182fe,usr_02b3a36d,hi,hi,"heritage_fort,nature_hill,wellness_ayur,adventure_cycle",jain,,INR,2990.99,INR,balanced,2026-08-18T10:00:00+05:30
prf_e2b0cc54,usr_2a2841d1,"bn,hi",,"nightlife_live,food_cooking,beach_quiet,shopping_bazaar,nature_desert",jain,,INR,4422.39,INR,balanced,2026-08-18T10:00:00+05:30
prf_4b074d74,usr_5bbebfef,"en-IN,kn",,"nature_lake,museum_art,beach_quiet",,,INR,,,balanced,2026-08-18T10:00:00+05:30
prf_bae7f4da,usr_c535ee88,"en-IN,gu",,"nightlife_bar,food_fine",,,THB,16720.03,THB,relaxed,2026-08-18T10:00:00+05:30
prf_ef0dcd61,usr_d56927f7,"en-IN,mr",mr,"food_market,nightlife_live,museum_art,heritage_fort",vegan,vision,INR,8386.86,INR,packed,2026-08-18T10:00:00+05:30
prf_5091bdf5,usr_3dd2a515,ne,ne,"nightlife_bar,heritage_fort",jain,,INR,2616.38,INR,relaxed,2026-08-18T10:00:00+05:30
prf_807623e9,usr_f5ceb136,mr,mr,"nightlife_bar,beach_quiet,adventure_cycle",vegan,hearing,INR,22085.63,INR,packed,2026-08-18T10:00:00+05:30
prf_ec5191fb,usr_1e3c81bb,"en-IN,pa",en-IN,"food_market,food_street,nature_garden,nature_desert,shopping_bazaar",,vision,INR,21454.25,INR,balanced,2026-08-18T10:00:00+05:30
prf_80062329,usr_8479a3e5,en-IN,en-IN,"nature_desert,beach_active",none,,INR,2700.08,INR,packed,2026-08-18T10:00:00+05:30
prf_8b1cf7e8,usr_fa7951d2,"en-IN,te",te,"nature_garden,nightlife_bar",jain,,INR,5060.67,INR,packed,2026-08-18T10:00:00+05:30
prf_d15b9d37,usr_77cc5104,"te,bn",te,"wildlife_birding,nightlife_bar,adventure_trek,wellness_ayur",,,INR,37379.89,INR,relaxed,2026-08-18T10:00:00+05:30
prf_c026d80a,usr_3d2f73ea,"en-IN,ml",en-IN,"food_fine,shopping_bazaar,nightlife_bar",jain,,INR,19724.45,INR,balanced,2026-08-18T10:00:00+05:30
prf_fb63079b,usr_5de9da21,en-IN,,"shopping_craft,nature_desert,heritage_ruins,nature_hill,nature_waterfall",jain,,LKR,14901.07,LKR,packed,2026-08-18T10:00:00+05:30
prf_ca8168a5,usr_7b318031,"as,en-IN",en-IN,"shopping_craft,nightlife_live",,,INR,16649.63,INR,relaxed,2026-08-18T10:00:00+05:30
prf_7995c3b9,usr_66a4a013,hi,hi,"museum_science,adventure_water,nightlife_live,heritage_temple",halal,,INR,,,packed,2026-08-18T10:00:00+05:30
prf_b8b230c6,usr_ec11ff6d,hi,hi,"heritage_fort,wildlife_safari",,,INR,,,packed,2026-08-18T10:00:00+05:30
prf_520f5e6d,usr_19ff47f6,en-IN,,"nature_garden,heritage_temple,food_street,nightlife_live,food_cooking",,vision,INR,9658.67,INR,packed,2026-08-18T10:00:00+05:30
prf_724fbcec,usr_bcc2d077,"en-IN,hi",hi,"wildlife_sanctuary,adventure_trek,food_market,heritage_temple",halal,,INR,3097.47,INR,packed,2026-08-18T10:00:00+05:30
prf_42973a35,usr_2bd5e70b,si,,"wildlife_sanctuary,beach_active,nature_garden,nature_lake,wellness_yoga",vegan,,LKR,23077.24,LKR,packed,2026-08-18T10:00:00+05:30
prf_8fbd834c,usr_cea18c83,si,si,"religious_ghats,heritage_temple,nature_lake",vegetarian,,LKR,10064.95,LKR,packed,2026-08-18T10:00:00+05:30
prf_d269cf4f,usr_3771666b,"en-IN,ta",en-IN,"heritage_fort,museum_science,museum_art,museum_history",vegan,,INR,10004.64,INR,packed,2026-08-18T10:00:00+05:30
prf_2c0cc6a0,usr_2366517c,"zh,mr",,"nature_hill,wildlife_safari",jain,vision,SGD,7477.95,SGD,relaxed,2026-08-18T10:00:00+05:30
prf_dc85d286,usr_3f50fbcb,"en-IN,te",,"museum_history,beach_active,shopping_mall,beach_quiet,heritage_ruins",,hearing,INR,2800.42,INR,balanced,2026-08-18T10:00:00+05:30
prf_d48e4900,usr_4bf78f59,hi,hi,"food_street,museum_history,heritage_fort,adventure_trek",halal,none,INR,,,balanced,2026-08-18T10:00:00+05:30
prf_180190a9,usr_38ed48e6,en-IN,en-IN,"beach_active,adventure_trek",,,INR,9345.99,INR,balanced,2026-08-18T10:00:00+05:30
prf_81486cd6,usr_f48b4353,ar,ar,"food_market,nature_desert,adventure_cycle,adventure_trek,nightlife_bar",vegetarian,hearing,AED,4259.95,AED,packed,2026-08-18T10:00:00+05:30
prf_c6268615,usr_f3138597,"ml,pa",,"beach_quiet,adventure_trek",vegetarian,,INR,15101.17,INR,balanced,2026-08-18T10:00:00+05:30
prf_d8dd1708,usr_dabbaf95,"hi,pa",hi,"heritage_stepwell,nature_lake,heritage_temple",vegan,step_free,INR,5731.18,INR,packed,2026-08-18T10:00:00+05:30
prf_aab96d3a,usr_4d8f3b3a,pa,pa,"nature_garden,wildlife_birding,wellness_yoga",jain,hearing,INR,2640.54,INR,relaxed,2026-08-18T10:00:00+05:30
prf_e27bf1d5,usr_b357f73c,"te,kn",kn,"shopping_craft,food_fine,food_market,nightlife_live",vegan,none,INR,19541.54,INR,packed,2026-08-18T10:00:00+05:30
prf_a77aff7f,usr_9afd8eab,hi,,"adventure_air,food_cooking",,,INR,4874.96,INR,relaxed,2026-08-18T10:00:00+05:30
prf_ae375696,usr_8d55da4d,te,te,"shopping_bazaar,adventure_air,museum_art",halal,,INR,2205.59,INR,packed,2026-08-18T10:00:00+05:30
prf_ed0a1a0f,usr_3b2b4279,mr,mr,"nightlife_bar,religious_pilgrim,wildlife_safari,wildlife_birding,nature_lake",none,,INR,,,relaxed,2026-08-18T10:00:00+05:30
prf_15591783,usr_afaebefa,en-IN,,"museum_history,heritage_temple,adventure_cycle",jain,,INR,18501.72,INR,relaxed,2026-08-18T10:00:00+05:30
prf_43b4520f,usr_3495d8ed,ms,ms,"nature_garden,adventure_cycle,museum_art,religious_pilgrim",,,MYR,21379.15,MYR,packed,2026-08-18T10:00:00+05:30
prf_052078d1,usr_520d9624,en-IN,,"adventure_water,museum_art,wildlife_sanctuary,heritage_fort,food_street",,none,INR,15133.58,INR,balanced,2026-08-18T10:00:00+05:30
prf_3663f8b7,usr_dcc95fd2,"mr,hi",,"food_market,wellness_ayur",,step_free,INR,9791.74,INR,balanced,2026-08-18T10:00:00+05:30
prf_fe61da16,usr_c659e4bf,"id,ml",,"wildlife_birding,adventure_water,nightlife_bar,nightlife_live,heritage_fort",,,IDR,18093.89,IDR,balanced,2026-08-18T10:00:00+05:30
prf_afbf8fe5,usr_1f590ce8,"en-IN,ta",ta,"shopping_mall,museum_science",vegetarian,vision,INR,,,balanced,2026-08-18T10:00:00+05:30
prf_bf5ce336,usr_f353d290,en-IN,en-IN,"wellness_ayur,beach_quiet,heritage_stepwell,shopping_bazaar,food_fine",,hearing,INR,2072.02,INR,packed,2026-08-18T10:00:00+05:30
prf_b6b4e3be,usr_fe54affe,en-IN,en-IN,"nature_desert,nature_hill,shopping_bazaar",halal,,JPY,18573.72,JPY,relaxed,2026-08-18T10:00:00+05:30
prf_ad2dbac7,usr_065fbc7f,"en-IN,ml",,"heritage_temple,wellness_ayur",,none,INR,31951.24,INR,packed,2026-08-18T10:00:00+05:30
prf_08c723ab,usr_18a2e06d,"hi,ta",ta,"adventure_air,wildlife_birding",jain,,INR,38929.46,INR,balanced,2026-08-18T10:00:00+05:30
prf_0c16bd54,usr_282f5188,ne,,"museum_art,adventure_water,food_market,shopping_craft",,,NPR,10830.77,NPR,balanced,2026-08-18T10:00:00+05:30
prf_04cb17d5,usr_04abf061,"en-IN,te",te,"nature_desert,beach_quiet",jain,,IDR,18083.45,IDR,packed,2026-08-18T10:00:00+05:30
prf_2b605c44,usr_1886c078,"en-IN,kn",kn,"adventure_water,shopping_mall,food_market,nature_desert",,,MVR,6081.98,MVR,balanced,2026-08-18T10:00:00+05:30
prf_41dae1eb,usr_40c95b13,en-IN,en-IN,"nightlife_live,nature_lake,adventure_air",halal,,INR,,,relaxed,2026-08-18T10:00:00+05:30
prf_94c8864b,usr_5f81e7d1,ta,,"food_cooking,beach_active,heritage_stepwell",,,INR,36697.53,INR,relaxed,2026-08-18T10:00:00+05:30
prf_49882aa7,usr_3438d3c4,en-IN,en-IN,"beach_active,heritage_temple",vegan,,AED,33083.13,AED,balanced,2026-08-18T10:00:00+05:30
prf_c895abcd,usr_7cb81b2c,en-IN,,"nature_desert,shopping_mall,adventure_air,food_market,heritage_fort",halal,,IDR,5911.65,IDR,packed,2026-08-18T10:00:00+05:30
prf_9f67a4fd,usr_80bfee13,en-IN,,"beach_quiet,heritage_temple,nightlife_live,beach_active",,,INR,7396.74,INR,balanced,2026-08-18T10:00:00+05:30
prf_532387cb,usr_b8c5bfe0,"mr,ta",mr,"heritage_stepwell,wildlife_birding,shopping_craft",halal,hearing,INR,21592.02,INR,balanced,2026-08-18T10:00:00+05:30
prf_dbd3f86e,usr_cb0928ac,en-IN,en-IN,"beach_quiet,religious_pilgrim,wellness_ayur,nightlife_bar",halal,none,INR,8630.41,INR,balanced,2026-08-18T10:00:00+05:30
prf_da3b5a01,usr_322fb6cb,mr,mr,"wildlife_sanctuary,food_cooking,wildlife_birding,shopping_craft",,hearing,INR,2791.80,INR,balanced,2026-08-18T10:00:00+05:30
prf_bc7c9393,usr_805d11a5,ml,ml,"beach_quiet,shopping_mall,wildlife_safari,museum_science",vegan,,INR,22852.39,INR,packed,2026-08-18T10:00:00+05:30
prf_753c7389,usr_b96ef58c,"bn,gu",gu,"food_market,beach_active,heritage_ruins",none,step_free,INR,4893.96,INR,relaxed,2026-08-18T10:00:00+05:30
prf_b530489d,usr_3c70603f,"ta,pa",ta,"heritage_stepwell,beach_quiet,heritage_temple",,,INR,43734.11,INR,relaxed,2026-08-18T10:00:00+05:30
prf_fb332fae,usr_f9060fbb,"hi,bn",,"wildlife_safari,shopping_bazaar,food_cooking",none,,INR,7600.08,INR,relaxed,2026-08-18T10:00:00+05:30
prf_c62cb5f0,usr_05a65b61,en-IN,en-IN,"nature_waterfall,adventure_air,wildlife_sanctuary,nightlife_live,shopping_craft",jain,,INR,,,packed,2026-08-18T10:00:00+05:30
prf_04aaea18,usr_e9f75997,en-IN,en-IN,"nature_desert,religious_ghats,adventure_air,wildlife_birding,wildlife_safari",vegan,,MVR,20865.45,MVR,packed,2026-08-18T10:00:00+05:30
prf_2507e7f6,usr_6361ffdd,en-IN,,"food_fine,food_street,museum_history,religious_pilgrim",,,AED,2857.34,AED,balanced,2026-08-18T10:00:00+05:30
prf_3a8a5ee1,usr_6653b49e,"ml,mr",mr,"nature_desert,adventure_cycle,wellness_yoga",,,INR,18824.74,INR,relaxed,2026-08-18T10:00:00+05:30
prf_a70542d5,usr_7edfea3c,"hi,ta",ta,"shopping_mall,religious_pilgrim,shopping_bazaar,wildlife_safari,food_market",none,,INR,5913.30,INR,packed,2026-08-18T10:00:00+05:30
prf_a62139b9,usr_7101a5b5,en-IN,en-IN,"beach_active,adventure_air",,,INR,11346.61,INR,packed,2026-08-18T10:00:00+05:30
prf_e3e24b9f,usr_fd729274,ml,,"museum_art,wellness_yoga,shopping_mall,religious_pilgrim,wildlife_sanctuary",,,INR,3124.63,INR,relaxed,2026-08-18T10:00:00+05:30
prf_505a887f,usr_48f9bd76,"en-IN,kn",kn,"food_cooking,food_street,museum_science,wildlife_sanctuary",,,INR,,,packed,2026-08-18T10:00:00+05:30
prf_1443959a,usr_546ab7b6,mr,,"nature_lake,beach_active,wildlife_birding,nightlife_live",none,step_free,INR,2923.05,INR,packed,2026-08-18T10:00:00+05:30
prf_f3707237,usr_57995796,ml,ml,"shopping_craft,museum_science,nightlife_live,heritage_stepwell,museum_history",none,vision,INR,7367.24,INR,balanced,2026-08-18T10:00:00+05:30
prf_a25db78e,usr_f95d5d19,hi,hi,"heritage_fort,nature_waterfall,wildlife_birding,wellness_ayur",halal,,INR,6039.84,INR,relaxed,2026-08-18T10:00:00+05:30
prf_eefe4e4a,usr_4dc8096b,en-IN,en-IN,"nightlife_bar,nature_lake,food_street,nature_waterfall",vegan,,INR,9781.39,INR,packed,2026-08-18T10:00:00+05:30
prf_44f1468d,usr_f5fd9c87,"en-IN,gu",en-IN,"food_market,food_cooking,shopping_mall",vegan,,INR,,,relaxed,2026-08-18T10:00:00+05:30
prf_fba7a298,usr_beb7e910,or,or,"heritage_ruins,nature_waterfall,museum_art,beach_quiet,wildlife_sanctuary",,none,INR,3046.53,INR,balanced,2026-08-18T10:00:00+05:30
prf_85a60f1b,usr_5b790166,en-IN,en-IN,"nature_garden,beach_active,wildlife_sanctuary",vegetarian,,INR,18228.29,INR,relaxed,2026-08-18T10:00:00+05:30
prf_c778c34a,usr_c25e06d9,"ja,kn",ja,"food_market,food_street,nature_desert,nightlife_bar",,,JPY,2010.97,JPY,packed,2026-08-18T10:00:00+05:30
prf_c8a6e89a,usr_5ffc5ee5,kn,,"adventure_water,beach_active",vegan,,INR,45453.75,INR,balanced,2026-08-18T10:00:00+05:30
prf_3293cdbd,usr_d32b1be5,en-IN,en-IN,"nature_waterfall,heritage_ruins,museum_art,beach_active,nature_desert",,step_free,IDR,4136.90,IDR,relaxed,2026-08-18T10:00:00+05:30
prf_72e883b7,usr_fe056e56,gu,gu,"food_market,food_cooking,adventure_trek,religious_ghats",,hearing,INR,,,balanced,2026-08-18T10:00:00+05:30
prf_5f1a0bda,usr_9d0bf50e,"ar,mr",mr,"nature_garden,adventure_cycle,adventure_trek,food_street",,,AED,32308.04,AED,relaxed,2026-08-18T10:00:00+05:30
prf_00f1b3d6,usr_525b1d3c,en-IN,,"adventure_trek,shopping_craft",vegan,,INR,29571.12,INR,balanced,2026-08-18T10:00:00+05:30
prf_d7557d3c,usr_04b21637,"en-IN,ml",en-IN,"nature_desert,wildlife_birding",,,INR,22302.99,INR,packed,2026-08-18T10:00:00+05:30
prf_7a7133ed,usr_ede8042e,hi,,"wellness_ayur,adventure_air,food_street",vegetarian,,INR,33510.83,INR,relaxed,2026-08-18T10:00:00+05:30
prf_917c9f39,usr_0ff233bd,en-IN,en-IN,"wildlife_safari,food_fine,shopping_mall,heritage_stepwell",halal,,INR,36864.64,INR,packed,2026-08-18T10:00:00+05:30
prf_0248cb37,usr_ee6409a7,"hi,ml",,"heritage_stepwell,religious_ghats,adventure_cycle",vegan,hearing,INR,44850.89,INR,packed,2026-08-18T10:00:00+05:30
prf_4c689064,usr_7f6e49de,mr,mr,"museum_art,nature_hill",jain,,INR,2095.85,INR,packed,2026-08-18T10:00:00+05:30
prf_4432a5bb,usr_aef2650b,"en-IN,bn",en-IN,"wildlife_safari,nature_waterfall",halal,,INR,,,packed,2026-08-18T10:00:00+05:30
prf_10558853,usr_f6db29eb,zh,,"nature_desert,nightlife_bar",vegan,,SGD,,,balanced,2026-08-18T10:00:00+05:30
prf_1a5a2781,usr_5cdbb1d3,"en-IN,bn",en-IN,"museum_history,wildlife_sanctuary,nature_hill,heritage_ruins,adventure_water",jain,,INR,4587.82,INR,packed,2026-08-18T10:00:00+05:30
prf_72858214,usr_671138ff,bn,bn,"wellness_yoga,nature_desert,beach_active,wellness_ayur,nightlife_bar",vegetarian,none,INR,32336.14,INR,packed,2026-08-18T10:00:00+05:30
prf_62a4c49e,usr_e96d03fd,kn,kn,"heritage_fort,nature_garden,adventure_cycle",halal,vision,INR,44958.73,INR,relaxed,2026-08-18T10:00:00+05:30
prf_0e8cdbb7,usr_29dfdea3,en-IN,en-IN,"museum_history,religious_pilgrim",vegetarian,,INR,8947.03,INR,packed,2026-08-18T10:00:00+05:30
prf_e38c2be9,usr_de458aa5,"en-IN,kn",,"wellness_yoga,adventure_cycle,shopping_craft,wellness_ayur",vegetarian,,MYR,5951.14,MYR,balanced,2026-08-18T10:00:00+05:30
prf_4c8a53e6,usr_6866c6a4,"ar,ml",,"wildlife_safari,wellness_yoga,adventure_trek,food_street",jain,vision,AED,9508.46,AED,packed,2026-08-18T10:00:00+05:30
prf_3492ef19,usr_9937a749,"ne,mr",,"heritage_fort,shopping_craft,wildlife_safari,adventure_trek",halal,,NPR,,,relaxed,2026-08-18T10:00:00+05:30
prf_06f9b4a5,usr_424fbf1a,en-IN,,"nightlife_bar,food_street,nightlife_live,adventure_trek",halal,,INR,,,balanced,2026-08-18T10:00:00+05:30
prf_978268b0,usr_e7722766,gu,gu,"adventure_cycle,museum_art,nature_waterfall,food_street",,step_free,INR,23184.46,INR,relaxed,2026-08-18T10:00:00+05:30
prf_3341eebc,usr_c582abb2,"en-IN,ml",ml,"nature_hill,wellness_ayur,food_fine",jain,,INR,19346.93,INR,relaxed,2026-08-18T10:00:00+05:30
prf_414ba7a2,usr_f96768fc,"ta,hi",,"adventure_trek,food_fine",vegan,vision,INR,5583.44,INR,balanced,2026-08-18T10:00:00+05:30
prf_fcb4f892,usr_58d2b52f,"en-IN,mr",mr,"wildlife_birding,museum_art,heritage_stepwell",vegetarian,,INR,8741.01,INR,balanced,2026-08-18T10:00:00+05:30
prf_a81ed138,usr_7e0ddebe,en-IN,en-IN,"nature_waterfall,shopping_bazaar,beach_quiet,shopping_mall,nightlife_bar",vegan,,INR,37776.99,INR,packed,2026-08-18T10:00:00+05:30
prf_67bf5572,usr_7f6d27fe,en-IN,en-IN,"nature_lake,religious_ghats,wildlife_safari,adventure_water",none,,SGD,40220.19,SGD,packed,2026-08-18T10:00:00+05:30
prf_838b759d,usr_40edb5af,ne,ne,"nightlife_live,food_fine,wellness_ayur,museum_science,shopping_mall",,,INR,2716.40,INR,relaxed,2026-08-18T10:00:00+05:30
prf_1cbc6f1f,usr_37079a82,de,de,"beach_active,wildlife_birding,religious_ghats,nature_hill,nature_lake",vegan,,CHF,2491.48,CHF,balanced,2026-08-18T10:00:00+05:30
prf_b59ea843,usr_d9890333,"en-IN,hi",,"religious_pilgrim,museum_art,nature_garden,food_street,shopping_craft",vegan,,INR,22477.35,INR,balanced,2026-08-18T10:00:00+05:30
prf_ecc2484d,usr_045378e4,hi,hi,"museum_science,heritage_ruins,nightlife_live,beach_quiet,museum_art",,hearing,INR,4707.29,INR,packed,2026-08-18T10:00:00+05:30
prf_8967965f,usr_8180c222,en-IN,en-IN,"heritage_temple,adventure_water,religious_ghats",halal,,INR,2825.56,INR,balanced,2026-08-18T10:00:00+05:30
prf_cb1f0a4b,usr_7f26d855,"en-IN,hi",hi,"food_market,shopping_mall,wildlife_birding,wildlife_safari",vegan,step_free,INR,31042.24,INR,packed,2026-08-18T10:00:00+05:30
prf_fe581ae6,usr_b452b228,ar,,"religious_ghats,museum_art,adventure_trek,nature_lake,shopping_mall",vegetarian,,MVR,17215.20,MVR,balanced,2026-08-18T10:00:00+05:30
prf_8b9db701,usr_e21b6644,"en-IN,ml",ml,"adventure_air,museum_history",,,INR,5283.09,INR,relaxed,2026-08-18T10:00:00+05:30
prf_8bdc2699,usr_1f670e21,"en-IN,pa",,"religious_ghats,heritage_fort,nature_garden,religious_pilgrim,museum_science",,,NPR,11407.87,NPR,packed,2026-08-18T10:00:00+05:30
prf_3d6c3f0c,usr_acbd09a0,ja,ja,"adventure_air,adventure_trek,museum_art,religious_pilgrim",,,JPY,35469.33,JPY,packed,2026-08-18T10:00:00+05:30
prf_f49da27f,usr_cdfb4f44,"te,hi",te,"nature_hill,nature_waterfall",,,INR,31557.36,INR,packed,2026-08-18T10:00:00+05:30
prf_04aa665a,usr_8f81432c,id,id,"heritage_temple,wildlife_safari",halal,step_free,IDR,,,relaxed,2026-08-18T10:00:00+05:30
prf_0898eec8,usr_a0621ff2,"en-IN,mr",en-IN,"nature_waterfall,wellness_ayur,museum_art,nature_hill,heritage_temple",,none,INR,6308.75,INR,balanced,2026-08-18T10:00:00+05:30
prf_0d4b43ac,usr_72d88a70,"kn,ta",kn,"museum_science,nature_lake",jain,step_free,INR,2241.21,INR,packed,2026-08-18T10:00:00+05:30
prf_6192b751,usr_c0b1d0d3,en-IN,,"food_cooking,beach_quiet,heritage_fort,religious_ghats",jain,vision,INR,4849.06,INR,balanced,2026-08-18T10:00:00+05:30
prf_3f6123a3,usr_3127972d,"en-IN,kn",,"nature_hill,beach_active",vegan,,INR,2145.92,INR,relaxed,2026-08-18T10:00:00+05:30
prf_7092f6ff,usr_9292ebbb,"or,ml",or,"nature_garden,food_cooking,nightlife_bar,shopping_bazaar",,,INR,,,relaxed,2026-08-18T10:00:00+05:30
prf_e7502968,usr_8f32fd7a,en-IN,en-IN,"museum_art,adventure_water,adventure_air",jain,,LKR,31822.85,LKR,balanced,2026-08-18T10:00:00+05:30
prf_97c192b9,usr_044d1ce1,"si,en-IN",en-IN,"wildlife_birding,nature_garden",jain,,LKR,,,packed,2026-08-18T10:00:00+05:30
prf_2addbb7d,usr_cd45f751,"bn,te",te,"adventure_water,heritage_temple,wildlife_sanctuary",vegetarian,,INR,5733.24,INR,relaxed,2026-08-18T10:00:00+05:30
prf_20f852ad,usr_865c98a2,en-IN,en-IN,"nightlife_bar,religious_pilgrim,nature_garden",,step_free,INR,7722.36,INR,balanced,2026-08-18T10:00:00+05:30
prf_04ec6fc2,usr_dbcf6091,"en-IN,mr",,"religious_ghats,wildlife_birding,nightlife_live,food_market,beach_active",none,,LKR,5363.61,LKR,relaxed,2026-08-18T10:00:00+05:30
prf_78fc424f,usr_91afdeed,"mr,pa",,"wellness_ayur,food_street,food_market,wildlife_sanctuary,beach_quiet",jain,,INR,2144.25,INR,packed,2026-08-18T10:00:00+05:30
prf_d8109b66,usr_63c4ad9e,"si,ml",ml,"nightlife_bar,museum_science,wildlife_birding",vegetarian,,LKR,22360.77,LKR,balanced,2026-08-18T10:00:00+05:30
prf_700ebd4a,usr_f6728ccc,"si,bn",si,"beach_active,wildlife_birding",,,LKR,2044.99,LKR,packed,2026-08-18T10:00:00+05:30
prf_07faaf47,usr_c94b68cc,en-IN,,"wildlife_birding,heritage_stepwell,beach_quiet,wellness_yoga",jain,,INR,9144.18,INR,packed,2026-08-18T10:00:00+05:30
prf_3fbe08ac,usr_8b3ba681,ta,ta,"nature_desert,food_market,food_street,religious_pilgrim",,,INR,14814.41,INR,packed,2026-08-18T10:00:00+05:30
prf_471158f4,usr_e2966606,"ml,mr",mr,"religious_pilgrim,adventure_air,nightlife_live,shopping_craft,heritage_ruins",jain,,INR,38965.53,INR,relaxed,2026-08-18T10:00:00+05:30
prf_9c455aaf,usr_18b5561e,"en-IN,ml",,"food_fine,wildlife_safari",none,hearing,INR,33109.26,INR,packed,2026-08-18T10:00:00+05:30
prf_7e8b3818,usr_91bd179b,en-IN,en-IN,"food_market,shopping_bazaar",,,INR,,,relaxed,2026-08-18T10:00:00+05:30
prf_67c9b6d3,usr_47f43984,si,si,"heritage_ruins,adventure_trek",,step_free,LKR,6380.95,LKR,packed,2026-08-18T10:00:00+05:30
prf_94ab2e76,usr_3c3ae758,en-IN,en-IN,"wellness_ayur,wildlife_safari",vegetarian,none,INR,5443.16,INR,relaxed,2026-08-18T10:00:00+05:30
prf_0a6b2eb7,usr_14c738e0,ml,ml,"heritage_stepwell,nightlife_bar",vegan,,INR,6428.55,INR,balanced,2026-08-18T10:00:00+05:30
prf_de71adc8,usr_94de7192,"en-IN,mr",mr,"adventure_air,nature_desert,heritage_ruins",vegan,,INR,,,balanced,2026-08-18T10:00:00+05:30
prf_38b123cf,usr_737d4dab,"de,ml",ml,"heritage_fort,food_street,adventure_air",,,CHF,14792.11,CHF,relaxed,2026-08-18T10:00:00+05:30
prf_82662f5a,usr_b021d103,"hi,te",,"nature_hill,food_street,heritage_temple",vegetarian,,INR,4660.04,INR,relaxed,2026-08-18T10:00:00+05:30
prf_34da4e74,usr_c8d7856d,"kn,hi",,"nightlife_live,food_street,adventure_cycle",,vision,INR,7639.19,INR,balanced,2026-08-18T10:00:00+05:30
prf_bc391ec5,usr_0cc10db2,"en-IN,ta",en-IN,"shopping_bazaar,wildlife_sanctuary,nature_hill",halal,,INR,31337.25,INR,balanced,2026-08-18T10:00:00+05:30
prf_7ed9c7e3,usr_c4b23b72,en-IN,en-IN,"religious_ghats,food_market,beach_active,nature_garden",jain,step_free,INR,21802.19,INR,packed,2026-08-18T10:00:00+05:30
prf_7293609f,usr_e0440f90,te,te,"adventure_trek,food_cooking,adventure_cycle,heritage_temple",jain,none,INR,4416.12,INR,packed,2026-08-18T10:00:00+05:30
prf_ae338d6a,usr_5d0dfeb3,en-IN,en-IN,"food_market,adventure_cycle,wellness_yoga",none,,INR,5432.40,INR,relaxed,2026-08-18T10:00:00+05:30
prf_7700f263,usr_aaf1c470,ar,ar,"food_cooking,nature_desert,adventure_water",jain,step_free,MVR,2078.76,MVR,balanced,2026-08-18T10:00:00+05:30
prf_e0a8db03,usr_d92eb166,en-IN,en-IN,"nightlife_bar,shopping_craft,religious_pilgrim,food_fine,wildlife_birding",vegan,none,CHF,33309.78,CHF,packed,2026-08-18T10:00:00+05:30
prf_fe4d8f82,usr_82545d82,ta,ta,"food_street,nature_waterfall",none,,INR,3249.72,INR,relaxed,2026-08-18T10:00:00+05:30
prf_50610811,usr_d73f4c7f,en-IN,,"museum_history,shopping_mall,adventure_water",,,INR,6043.69,INR,relaxed,2026-08-18T10:00:00+05:30
prf_eb40911c,usr_3666a349,"hi,te",te,"wellness_ayur,adventure_air,museum_history",,,INR,10497.34,INR,packed,2026-08-18T10:00:00+05:30
prf_8fe3a171,usr_da5d7284,kn,kn,"museum_art,nature_hill,nature_garden",,,INR,3173.81,INR,packed,2026-08-18T10:00:00+05:30
prf_793ac6f9,usr_357e579a,en-IN,en-IN,"shopping_craft,beach_active",vegetarian,,INR,17468.02,INR,balanced,2026-08-18T10:00:00+05:30
prf_f4518eb1,usr_d1a44892,"en-IN,kn",en-IN,"nature_desert,religious_ghats,food_market,religious_pilgrim",,,INR,18505.96,INR,packed,2026-08-18T10:00:00+05:30
prf_6844502e,usr_9738df4b,"en-IN,kn",en-IN,"wildlife_sanctuary,beach_quiet,nightlife_bar,nightlife_live,museum_science",jain,,INR,36754.60,INR,balanced,2026-08-18T10:00:00+05:30
prf_6da275c3,usr_5527167d,pa,pa,"wildlife_birding,heritage_fort,adventure_air",vegan,,INR,21936.94,INR,packed,2026-08-18T10:00:00+05:30
prf_c7293d56,usr_933e3fb7,"en-IN,gu",gu,"heritage_temple,heritage_fort",,step_free,INR,31777.41,INR,relaxed,2026-08-18T10:00:00+05:30
prf_af2a5586,usr_a0d77be3,"en-IN,ta",ta,"adventure_water,adventure_air",halal,,INR,2090.17,INR,relaxed,2026-08-18T10:00:00+05:30
prf_42c791ef,usr_1dd8f348,ne,ne,"wildlife_birding,wildlife_safari,adventure_cycle,heritage_fort,religious_pilgrim",jain,step_free,INR,44485.02,INR,packed,2026-08-18T10:00:00+05:30
prf_cb1a05c6,usr_2e849b83,"hi,gu",gu,"adventure_water,adventure_cycle,shopping_craft",,,INR,29322.55,INR,balanced,2026-08-18T10:00:00+05:30
prf_4032002e,usr_22d1a7e5,en-IN,en-IN,"adventure_water,religious_ghats,nature_desert,beach_active,nightlife_live",,,INR,2811.82,INR,relaxed,2026-08-18T10:00:00+05:30
prf_d24ec116,usr_42dc4da4,"en-IN,bn",bn,"heritage_fort,nature_hill,adventure_water",halal,,QAR,2849.52,QAR,relaxed,2026-08-18T10:00:00+05:30
prf_0b228899,usr_b0226153,en-IN,en-IN,"nightlife_bar,nature_lake,wildlife_safari",vegan,,INR,6201.39,INR,relaxed,2026-08-18T10:00:00+05:30
prf_4f54db42,usr_3d1b88d6,en-IN,en-IN,"nightlife_live,wildlife_safari,food_fine,nature_desert,food_market",none,,BTN,8840.35,BTN,balanced,2026-08-18T10:00:00+05:30
prf_d1a85b6c,usr_8846d546,"en-IN,ml",ml,"wildlife_sanctuary,beach_active,nature_garden,museum_art,wellness_yoga",,,INR,44455.11,INR,balanced,2026-08-18T10:00:00+05:30
prf_8768bcba,usr_76046cf3,en-IN,,"food_street,nature_lake,food_cooking",halal,vision,INR,2430.71,INR,packed,2026-08-18T10:00:00+05:30
prf_a2ab8a8f,usr_8acc0ab4,ta,ta,"nightlife_bar,adventure_water",jain,,INR,42594.25,INR,balanced,2026-08-18T10:00:00+05:30
prf_5429af40,usr_4bdbd677,"si,en-IN",si,"shopping_craft,shopping_mall,religious_pilgrim,shopping_bazaar",,vision,LKR,5245.19,LKR,relaxed,2026-08-18T10:00:00+05:30
prf_226ae122,usr_3cb7beb3,hi,hi,"adventure_cycle,adventure_air,nature_garden",,,INR,4300.75,INR,balanced,2026-08-18T10:00:00+05:30
prf_9d2f9d18,usr_e9e3f281,ta,,"shopping_mall,beach_active",vegetarian,,INR,21870.84,INR,packed,2026-08-18T10:00:00+05:30
prf_d47907c2,usr_c61e810b,"gu,ml",,"religious_pilgrim,heritage_fort",none,step_free,INR,3079.49,INR,relaxed,2026-08-18T10:00:00+05:30
prf_1e553064,usr_5a747250,"or,ta",ta,"adventure_cycle,nature_desert",none,,INR,4979.28,INR,packed,2026-08-18T10:00:00+05:30
prf_bd9a3542,usr_322bb31e,"en-IN,ml",en-IN,"food_street,adventure_water,heritage_fort",,,INR,5954.67,INR,balanced,2026-08-18T10:00:00+05:30
prf_0ce59119,usr_afacd025,en-IN,,"nature_hill,museum_art,food_market,heritage_temple",halal,vision,LKR,8200.68,LKR,relaxed,2026-08-18T10:00:00+05:30
prf_9bde724c,usr_f49d96dd,"ta,bn",,"adventure_air,adventure_trek,heritage_ruins,wellness_ayur",vegan,,INR,5276.06,INR,relaxed,2026-08-18T10:00:00+05:30
prf_80722b50,usr_8a133f67,"ml,te",te,"adventure_cycle,adventure_trek,shopping_mall,heritage_fort",,,INR,11659.97,INR,relaxed,2026-08-18T10:00:00+05:30
prf_99998402,usr_ce269698,"en-IN,pa",pa,"nature_desert,adventure_trek,museum_history,adventure_cycle",jain,none,INR,19728.20,INR,relaxed,2026-08-18T10:00:00+05:30
prf_ed348d21,usr_40ab838e,en-IN,en-IN,"nature_garden,museum_science,wildlife_safari,shopping_bazaar,wellness_yoga",vegan,,INR,2544.44,INR,packed,2026-08-18T10:00:00+05:30
prf_154bfadb,usr_05306731,hi,,"shopping_mall,nature_waterfall",,step_free,INR,8334.07,INR,balanced,2026-08-18T10:00:00+05:30
prf_1d19d42d,usr_55abb9bc,"zh,en-IN",,"religious_pilgrim,heritage_ruins,museum_science",vegan,step_free,SGD,32098.66,SGD,balanced,2026-08-18T10:00:00+05:30
prf_37803b53,usr_bbd1ced8,"bn,hi",,"nature_lake,museum_art,beach_quiet,wildlife_birding,adventure_air",jain,,INR,2587.55,INR,packed,2026-08-18T10:00:00+05:30
prf_a7efa2ec,usr_516ff8dd,"en-IN,bn",en-IN,"heritage_fort,wildlife_sanctuary,wildlife_birding,heritage_stepwell",halal,,INR,23171.83,INR,balanced,2026-08-18T10:00:00+05:30
prf_3370e4e0,usr_c538bbe8,"en-IN,ml",ml,"heritage_temple,museum_art,wellness_ayur,heritage_fort",vegetarian,,INR,2172.37,INR,relaxed,2026-08-18T10:00:00+05:30
prf_a8470908,usr_35982416,id,id,"food_market,nature_desert",,vision,IDR,,,balanced,2026-08-18T10:00:00+05:30
prf_76cd8f93,usr_f5a38687,"en-IN,ml",en-IN,"wellness_yoga,religious_pilgrim,shopping_craft",,,INR,15528.69,INR,relaxed,2026-08-18T10:00:00+05:30
prf_79898df6,usr_d0d42055,"en-IN,ml",,"beach_active,religious_ghats,food_cooking",halal,step_free,INR,5866.18,INR,balanced,2026-08-18T10:00:00+05:30
prf_3b54a542,usr_d0571b95,"en-IN,hi",,"nature_desert,adventure_trek,food_street",jain,,INR,,,packed,2026-08-18T10:00:00+05:30
prf_ff603f33,usr_8e226071,"id,hi",id,"museum_art,food_cooking,food_street,heritage_temple",none,,IDR,36517.16,IDR,balanced,2026-08-18T10:00:00+05:30
prf_70f32cc2,usr_44ef2e9c,"en-IN,ml",en-IN,"nightlife_bar,wildlife_birding,wildlife_safari,wellness_ayur",vegetarian,,INR,,,balanced,2026-08-18T10:00:00+05:30
prf_4cb79ea0,usr_c222c53a,"en-IN,ml",ml,"adventure_cycle,museum_history",vegetarian,,INR,5554.12,INR,relaxed,2026-08-18T10:00:00+05:30
prf_29f86e4a,usr_5df12eea,"gu,en-IN",,"nature_hill,adventure_air,heritage_fort,food_market,wildlife_sanctuary",none,,INR,37228.52,INR,balanced,2026-08-18T10:00:00+05:30
prf_c163ace8,usr_d67fa54b,"en-IN,ta",ta,"heritage_fort,nature_hill,shopping_bazaar,food_fine",vegetarian,,INR,22931.00,INR,packed,2026-08-18T10:00:00+05:30
prf_7fab77cb,usr_1668e2b5,"hi,pa",pa,"nature_garden,adventure_air,beach_quiet",vegan,,INR,40438.10,INR,balanced,2026-08-18T10:00:00+05:30
prf_7e801f8b,usr_a5bb000c,bn,,"museum_art,food_fine",jain,hearing,INR,4651.17,INR,balanced,2026-08-18T10:00:00+05:30
prf_a3eb5a25,usr_6ad5a789,"en-IN,kn",en-IN,"religious_ghats,nature_garden,museum_art,wildlife_safari,wildlife_sanctuary",none,vision,INR,,,packed,2026-08-18T10:00:00+05:30
prf_b55fd3f0,usr_f8162b43,"en-IN,bn",,"nightlife_bar,food_street",,step_free,INR,28004.13,INR,packed,2026-08-18T10:00:00+05:30
prf_1c83951b,usr_9e33a102,"en-IN,te",en-IN,"shopping_mall,nightlife_bar,nightlife_live,adventure_cycle",none,none,INR,3223.36,INR,relaxed,2026-08-18T10:00:00+05:30
prf_aec69cbc,usr_b574b955,hi,hi,"museum_science,religious_ghats,nature_desert",,,INR,2222.31,INR,packed,2026-08-18T10:00:00+05:30
prf_47350603,usr_0447abf0,hi,hi,"beach_quiet,shopping_bazaar",vegan,,INR,5610.74,INR,relaxed,2026-08-18T10:00:00+05:30
prf_b3fb124a,usr_424aaa79,ur,ur,"food_street,wellness_yoga,adventure_trek",halal,vision,INR,11646.95,INR,relaxed,2026-08-18T10:00:00+05:30
prf_e6e6695f,usr_c7dcdd3d,"en-IN,bn",,"nature_hill,food_cooking,nightlife_live",vegan,,INR,39956.57,INR,packed,2026-08-18T10:00:00+05:30
prf_5a2b4218,usr_5d270409,en-IN,en-IN,"food_market,museum_art,wellness_ayur",vegetarian,,INR,7214.94,INR,balanced,2026-08-18T10:00:00+05:30
prf_b0f39c8c,usr_26c1397d,en-IN,en-IN,"heritage_stepwell,religious_ghats,wildlife_birding,heritage_fort,adventure_water",,,CHF,2043.01,CHF,balanced,2026-08-18T10:00:00+05:30
prf_e286fa88,usr_0a7c6097,en-IN,,"adventure_cycle,adventure_trek",vegan,,INR,11557.70,INR,packed,2026-08-18T10:00:00+05:30
prf_1d7d701c,usr_bb4265e1,"en-IN,ml",en-IN,"nature_waterfall,adventure_water,food_street",,none,INR,9233.56,INR,packed,2026-08-18T10:00:00+05:30
prf_2c220885,usr_2740f754,"en-IN,bn",,"religious_pilgrim,wellness_yoga",jain,step_free,LKR,,,packed,2026-08-18T10:00:00+05:30
prf_50dbef12,usr_c950590b,en-IN,en-IN,"wildlife_safari,nature_garden,shopping_craft,beach_active",,,INR,37130.42,INR,relaxed,2026-08-18T10:00:00+05:30
prf_8640358e,usr_c81e60fe,ta,ta,"adventure_water,religious_ghats,nightlife_bar",,none,INR,7316.62,INR,balanced,2026-08-18T10:00:00+05:30
prf_e4f58264,usr_7576a6e0,"ml,en-IN",en-IN,"nature_hill,food_market,museum_art,religious_pilgrim",none,vision,INR,,,balanced,2026-08-18T10:00:00+05:30
prf_7ce8e004,usr_596ee95d,"en-IN,ml",,"shopping_craft,shopping_bazaar",,,BTN,2620.11,BTN,balanced,2026-08-18T10:00:00+05:30
prf_bf32fc45,usr_e5b92b52,"en-IN,mr",mr,"adventure_air,adventure_cycle,museum_history,nature_desert",jain,,INR,19326.90,INR,packed,2026-08-18T10:00:00+05:30
prf_5b209f1b,usr_92918180,mr,,"nature_lake,adventure_trek,nature_waterfall,wildlife_safari,shopping_bazaar",,,INR,14569.65,INR,relaxed,2026-08-18T10:00:00+05:30
prf_a90cf4ec,usr_3711a65c,en-IN,en-IN,"nature_lake,museum_history,religious_pilgrim,food_street,food_fine",halal,none,IDR,43608.75,IDR,packed,2026-08-18T10:00:00+05:30
prf_2db37a35,usr_72818c78,"en-IN,gu",,"beach_active,shopping_mall,adventure_water,wellness_ayur",,none,INR,9153.81,INR,balanced,2026-08-18T10:00:00+05:30
prf_ad9f6039,usr_1cfaf7a0,en-IN,,"beach_quiet,wildlife_birding,nature_waterfall",halal,,INR,8632.47,INR,packed,2026-08-18T10:00:00+05:30
prf_c23ebb0c,usr_b829ab46,en-IN,,"adventure_trek,museum_history,wellness_yoga,museum_science",,,INR,19403.53,INR,balanced,2026-08-18T10:00:00+05:30
prf_faa0efe7,usr_21b63d3b,en-IN,,"wildlife_safari,wellness_ayur,food_market",,vision,INR,9173.01,INR,balanced,2026-08-18T10:00:00+05:30
prf_606d59b2,usr_f4293e56,en-IN,en-IN,"nightlife_bar,food_market",vegetarian,,INR,28625.65,INR,relaxed,2026-08-18T10:00:00+05:30
prf_4e31b238,usr_33bed572,"en-IN,mr",en-IN,"adventure_cycle,nature_desert,shopping_craft,food_cooking,food_market",halal,,INR,2576.58,INR,balanced,2026-08-18T10:00:00+05:30
prf_444a5900,usr_8a0aaa50,en-IN,en-IN,"nature_lake,nature_desert",none,,INR,5777.92,INR,relaxed,2026-08-18T10:00:00+05:30
prf_cd09844a,usr_4caa1cc0,th,th,"food_fine,beach_active,adventure_trek,shopping_mall,shopping_bazaar",vegetarian,step_free,THB,,,balanced,2026-08-18T10:00:00+05:30
prf_9f3ec77d,usr_08cb2015,"gu,pa",gu,"shopping_craft,wellness_ayur,adventure_trek,adventure_cycle,beach_quiet",,,INR,36295.27,INR,packed,2026-08-18T10:00:00+05:30
prf_dc874449,usr_8e56e75b,en-IN,en-IN,"beach_quiet,wellness_yoga,nature_desert,heritage_ruins",jain,step_free,AED,5546.82,AED,packed,2026-08-18T10:00:00+05:30
prf_a8ae00f5,usr_3d56531d,"en-IN,mr",mr,"museum_art,heritage_ruins,heritage_stepwell,shopping_mall,wellness_ayur",none,,INR,5961.08,INR,relaxed,2026-08-18T10:00:00+05:30
prf_8d101a6f,usr_95492664,ne,ne,"wellness_yoga,nature_hill,heritage_temple,wildlife_safari,nightlife_bar",,,NPR,2054.80,NPR,relaxed,2026-08-18T10:00:00+05:30
prf_2bc1823a,usr_9473419d,"te,pa",,"nature_desert,museum_science,wildlife_sanctuary,adventure_cycle,heritage_stepwell",vegetarian,,INR,16378.66,INR,balanced,2026-08-18T10:00:00+05:30
prf_02da241a,usr_98fc1df6,en-IN,en-IN,"wildlife_sanctuary,wildlife_safari,wellness_yoga,food_street,heritage_ruins",vegetarian,step_free,BTN,11287.41,BTN,packed,2026-08-18T10:00:00+05:30
prf_761b47db,usr_9793e551,as,as,"wildlife_sanctuary,food_fine",,,INR,6077.69,INR,balanced,2026-08-18T10:00:00+05:30
prf_c01aff4a,usr_b2323a23,hi,hi,"heritage_ruins,museum_science",,,INR,4574.45,INR,balanced,2026-08-18T10:00:00+05:30
prf_654b091e,usr_52de2228,"en-IN,pa",,"shopping_mall,wildlife_birding",,step_free,INR,2309.68,INR,relaxed,2026-08-18T10:00:00+05:30
prf_d7294aab,usr_3d92578a,"kn,ml",kn,"religious_pilgrim,nature_hill,nature_waterfall,nightlife_live",,,INR,,,relaxed,2026-08-18T10:00:00+05:30
prf_5c30eb3b,usr_8e84ba7a,en-IN,,"nature_hill,nightlife_bar,heritage_fort",,,MYR,44515.92,MYR,packed,2026-08-18T10:00:00+05:30
prf_6ae6ffc1,usr_0f63f4f1,ar,ar,"adventure_air,nightlife_live,nature_waterfall",vegetarian,,MVR,7953.04,MVR,packed,2026-08-18T10:00:00+05:30
prf_b7d0fa74,usr_d7d11d69,"en-IN,kn",kn,"wildlife_birding,museum_science",vegetarian,none,INR,32348.99,INR,balanced,2026-08-18T10:00:00+05:30
prf_32f3bd3e,usr_44ec53b5,"or,gu",or,"beach_quiet,religious_pilgrim",jain,,INR,,,relaxed,2026-08-18T10:00:00+05:30
prf_6f636c2a,usr_66c02924,"hi,ta",ta,"wildlife_sanctuary,adventure_trek,heritage_temple,wellness_ayur",vegetarian,,INR,42166.52,INR,balanced,2026-08-18T10:00:00+05:30
prf_cd4c96cd,usr_f3d35bfe,en-IN,en-IN,"food_cooking,wellness_ayur,wildlife_birding,beach_quiet",vegan,none,MVR,18334.46,MVR,balanced,2026-08-18T10:00:00+05:30
prf_5151d1d9,usr_1dc8f83e,en-IN,en-IN,"beach_quiet,religious_pilgrim",vegan,,INR,,,packed,2026-08-18T10:00:00+05:30
prf_2b6f5e9c,usr_969a0636,gu,,"heritage_fort,adventure_cycle",halal,,INR,33595.60,INR,balanced,2026-08-18T10:00:00+05:30
prf_16116ba3,usr_2fda18fd,en-IN,en-IN,"shopping_craft,food_market,adventure_air,adventure_trek,beach_active",,,INR,2776.00,INR,packed,2026-08-18T10:00:00+05:30
prf_16a8eb1c,usr_f60ade8b,kn,kn,"nature_waterfall,wildlife_birding,heritage_temple",,,INR,3114.60,INR,relaxed,2026-08-18T10:00:00+05:30
prf_913a8cea,usr_97d7df2b,"hi,en-IN",,"shopping_mall,museum_history",,,INR,44967.47,INR,balanced,2026-08-18T10:00:00+05:30
prf_fe94a5d3,usr_4787696f,en-IN,en-IN,"beach_active,wellness_ayur",jain,,THB,19889.90,THB,packed,2026-08-18T10:00:00+05:30
prf_871a5c0c,usr_1dce81d4,en-IN,en-IN,"wildlife_safari,beach_quiet",,,INR,16230.30,INR,balanced,2026-08-18T10:00:00+05:30
prf_c1594f89,usr_35d340e3,"en-IN,ml",ml,"shopping_craft,heritage_ruins,wellness_yoga,food_street",halal,,IDR,29467.78,IDR,packed,2026-08-18T10:00:00+05:30
prf_ccc94476,usr_ce2e54f4,"en-IN,bn",,"wildlife_birding,wildlife_safari,food_market",,,INR,9325.34,INR,relaxed,2026-08-18T10:00:00+05:30
prf_8f1e3b58,usr_65e1a5db,hi,hi,"wildlife_birding,nature_hill",,,INR,,,packed,2026-08-18T10:00:00+05:30
prf_94ea5cbc,usr_473f44c3,"en-IN,mr",mr,"nature_lake,adventure_air,nightlife_live",vegetarian,none,INR,4086.99,INR,relaxed,2026-08-18T10:00:00+05:30
prf_779ee2cd,usr_506012f1,"ta,bn",ta,"beach_quiet,museum_history,food_street,shopping_mall",,,INR,42584.10,INR,packed,2026-08-18T10:00:00+05:30
prf_aefac759,usr_34e42e87,hi,hi,"food_cooking,adventure_water,wildlife_birding,nature_desert",vegan,,INR,,,balanced,2026-08-18T10:00:00+05:30
prf_c51b7fb0,usr_78afc45f,"en-IN,hi",hi,"beach_quiet,museum_history,wildlife_birding,adventure_air,nature_desert",halal,vision,INR,35861.67,INR,balanced,2026-08-18T10:00:00+05:30
prf_2a6ff83b,usr_77e91c3a,gu,gu,"adventure_cycle,heritage_fort,shopping_mall",,,INR,2598.84,INR,packed,2026-08-18T10:00:00+05:30
prf_d5237c10,usr_508f15f0,"en-IN,pa",en-IN,"museum_art,religious_pilgrim",,hearing,INR,22371.28,INR,packed,2026-08-18T10:00:00+05:30
prf_b5055047,usr_a9008871,"en-IN,gu",gu,"food_market,shopping_mall,wildlife_birding,religious_ghats",,,INR,19892.72,INR,relaxed,2026-08-18T10:00:00+05:30
prf_8ff22858,usr_540d307a,"en-IN,ml",en-IN,"museum_science,nightlife_bar,heritage_stepwell",none,,NPR,5113.69,NPR,packed,2026-08-18T10:00:00+05:30
prf_fd41ceef,usr_8ba42edb,en-IN,en-IN,"adventure_cycle,food_market,adventure_trek,nightlife_live",halal,,INR,10945.40,INR,relaxed,2026-08-18T10:00:00+05:30
prf_b2080253,usr_d1c73fb8,kn,kn,"heritage_stepwell,adventure_trek,food_market,adventure_cycle,heritage_fort",,vision,INR,37065.39,INR,packed,2026-08-18T10:00:00+05:30
prf_be8ab436,usr_e9d7fa81,ta,ta,"shopping_craft,heritage_stepwell,adventure_water,adventure_air",none,,INR,15724.26,INR,relaxed,2026-08-18T10:00:00+05:30
prf_21abdc0e,usr_e99f58c3,en-IN,en-IN,"adventure_trek,shopping_bazaar,museum_history,adventure_cycle",jain,,INR,20251.11,INR,packed,2026-08-18T10:00:00+05:30
prf_8850e6b9,usr_bc8d5d3b,hi,hi,"wildlife_safari,heritage_fort",jain,vision,INR,37960.09,INR,balanced,2026-08-18T10:00:00+05:30
prf_3c9b037d,usr_f1a3e91c,en-IN,en-IN,"wildlife_sanctuary,religious_ghats,nightlife_bar",,,INR,2028.04,INR,balanced,2026-08-18T10:00:00+05:30
prf_42abb896,usr_a92716e6,ta,ta,"nature_lake,museum_history,food_street",vegan,,INR,18982.79,INR,balanced,2026-08-18T10:00:00+05:30
prf_5127a870,usr_e6dcafe4,en-IN,,"food_market,beach_active,nature_lake,nature_hill,nature_garden",jain,,INR,10930.63,INR,balanced,2026-08-18T10:00:00+05:30
prf_e87df278,usr_cb3be250,en-IN,,"wildlife_birding,shopping_bazaar,food_market,nature_garden",,,BTN,11140.36,BTN,packed,2026-08-18T10:00:00+05:30
prf_1870425f,usr_7d136b40,hi,hi,"religious_pilgrim,adventure_cycle",,hearing,INR,4312.50,INR,relaxed,2026-08-18T10:00:00+05:30
prf_ea69f705,usr_e528f9b0,"en-IN,kn",en-IN,"nature_garden,adventure_air,adventure_cycle,adventure_trek",,vision,INR,18588.42,INR,relaxed,2026-08-18T10:00:00+05:30
prf_5750a100,usr_c36e8fdb,en-IN,,"adventure_trek,beach_active,museum_science,heritage_ruins,religious_pilgrim",none,hearing,INR,40477.81,INR,relaxed,2026-08-18T10:00:00+05:30
prf_c69b9ec5,usr_df88839b,"ar,gu",gu,"food_cooking,shopping_craft,heritage_temple,nature_waterfall,adventure_cycle",halal,,QAR,2150.82,QAR,packed,2026-08-18T10:00:00+05:30
prf_03753ba9,usr_ab44eb3e,"en-IN,ta",en-IN,"museum_history,beach_active,wildlife_safari,food_street",none,,INR,10031.54,INR,relaxed,2026-08-18T10:00:00+05:30
prf_ab831f71,usr_0af476d1,en-IN,en-IN,"nature_hill,wildlife_birding,museum_science,religious_pilgrim",none,,INR,7916.51,INR,balanced,2026-08-18T10:00:00+05:30
prf_3afc5110,usr_13f77754,"ml,kn",,"religious_ghats,wildlife_birding,shopping_bazaar,adventure_cycle,museum_history",jain,vision,INR,2691.51,INR,packed,2026-08-18T10:00:00+05:30
prf_054397d9,usr_df77fb8e,or,,"food_fine,beach_active,shopping_bazaar,food_market",,none,INR,2024.48,INR,balanced,2026-08-18T10:00:00+05:30
prf_ab1d5589,usr_372a30af,mr,mr,"wildlife_safari,nightlife_live,nature_lake,adventure_air",none,,INR,2619.84,INR,balanced,2026-08-18T10:00:00+05:30
prf_f1256ffa,usr_6e3b5c10,"hi,ml",ml,"museum_science,food_market",jain,,INR,22123.52,INR,packed,2026-08-18T10:00:00+05:30
prf_ec032661,usr_626af22b,gu,gu,"adventure_water,museum_history,adventure_cycle,wellness_ayur,adventure_trek",vegetarian,hearing,INR,9747.57,INR,relaxed,2026-08-18T10:00:00+05:30
prf_6c9f24e5,usr_1bd9093b,en-IN,en-IN,"wellness_yoga,beach_active,religious_pilgrim,nature_garden,shopping_mall",,,AED,43202.48,AED,relaxed,2026-08-18T10:00:00+05:30
prf_3367de3c,usr_0142dc28,"en-IN,te",,"food_market,heritage_temple,nature_garden",,step_free,THB,40637.05,THB,relaxed,2026-08-18T10:00:00+05:30
prf_f1e6b12a,usr_4e1b489a,"en-IN,kn",en-IN,"adventure_water,wildlife_birding,wellness_ayur,wildlife_safari",vegetarian,,INR,2221.49,INR,packed,2026-08-18T10:00:00+05:30
prf_d7e6b3a4,usr_8fd32aa8,en-IN,en-IN,"heritage_stepwell,wellness_ayur,museum_science",,,SGD,2116.66,SGD,balanced,2026-08-18T10:00:00+05:30
prf_1459cf5e,usr_10839e04,"ne,en-IN",ne,"museum_science,heritage_stepwell,nature_lake,food_street,religious_ghats",,,NPR,34040.19,NPR,packed,2026-08-18T10:00:00+05:30
prf_8f09bc97,usr_ce941853,hi,hi,"adventure_air,museum_history,nightlife_bar,wildlife_birding,heritage_ruins",vegan,hearing,INR,4100.43,INR,packed,2026-08-18T10:00:00+05:30
prf_4253a8e6,usr_51983e08,"en-IN,gu",gu,"religious_ghats,heritage_stepwell",jain,,INR,14862.83,INR,packed,2026-08-18T10:00:00+05:30
prf_700f87ea,usr_1217680f,ml,,"shopping_mall,adventure_trek,food_market,heritage_stepwell,wellness_yoga",halal,,INR,2539.34,INR,balanced,2026-08-18T10:00:00+05:30
prf_0a58e76d,usr_fd8f7b49,en-IN,,"food_market,food_fine,nature_desert,beach_active",vegan,,INR,29112.70,INR,balanced,2026-08-18T10:00:00+05:30
prf_d77b4734,usr_c6012016,en-IN,en-IN,"nature_hill,wildlife_birding",,,INR,14447.68,INR,relaxed,2026-08-18T10:00:00+05:30
prf_21b02110,usr_62b3f8b8,"en-IN,te",te,"museum_science,shopping_bazaar,nature_desert,shopping_craft,wildlife_sanctuary",vegan,,INR,4269.53,INR,relaxed,2026-08-18T10:00:00+05:30
prf_3e8bba48,usr_1b834d08,"si,te",si,"nightlife_bar,religious_pilgrim,museum_history,heritage_temple,food_market",vegan,,LKR,5609.15,LKR,relaxed,2026-08-18T10:00:00+05:30
prf_acd74d7c,usr_b78359f6,de,de,"museum_art,heritage_stepwell",vegetarian,,CHF,4469.02,CHF,relaxed,2026-08-18T10:00:00+05:30
prf_1102c306,usr_01037e5c,"en-IN,gu",gu,"wildlife_birding,nature_garden",vegetarian,none,INR,6210.73,INR,packed,2026-08-18T10:00:00+05:30
prf_c1805906,usr_353c55a8,"ml,gu",gu,"religious_ghats,nature_garden,nature_waterfall",vegan,,INR,,,packed,2026-08-18T10:00:00+05:30
prf_52f5027e,usr_46091d13,"hi,te",hi,"museum_history,heritage_ruins",vegan,,INR,18371.09,INR,packed,2026-08-18T10:00:00+05:30
prf_771a159b,usr_3ee2992a,en-IN,en-IN,"adventure_water,heritage_ruins,nightlife_live",,,INR,,,relaxed,2026-08-18T10:00:00+05:30
prf_5c9a8905,usr_0567fe37,en-IN,,"nature_garden,adventure_cycle,beach_quiet,heritage_fort",vegetarian,hearing,AED,4533.45,AED,relaxed,2026-08-18T10:00:00+05:30
prf_e9c5d10a,usr_79248234,"gu,bn",bn,"religious_pilgrim,shopping_bazaar,wildlife_safari",jain,,INR,2515.33,INR,relaxed,2026-08-18T10:00:00+05:30
prf_b98496dd,usr_68f5f82d,"hi,bn",,"adventure_cycle,shopping_bazaar",,,INR,,,balanced,2026-08-18T10:00:00+05:30
prf_72d9b3e5,usr_ea41e115,en-IN,en-IN,"beach_quiet,nightlife_bar,wildlife_safari,shopping_craft",jain,,INR,10637.28,INR,relaxed,2026-08-18T10:00:00+05:30
prf_eac7c82c,usr_bbf1e497,mr,mr,"wellness_ayur,nature_garden",halal,step_free,INR,,,relaxed,2026-08-18T10:00:00+05:30
prf_d8b09442,usr_451855a4,"ta,gu",ta,"adventure_trek,religious_ghats",vegetarian,,INR,10378.34,INR,relaxed,2026-08-18T10:00:00+05:30
prf_ef27c6f9,usr_50dd9495,en-IN,en-IN,"nature_waterfall,heritage_stepwell",jain,none,INR,,,balanced,2026-08-18T10:00:00+05:30
prf_9d1a5cc1,usr_265423cc,"en-IN,te",en-IN,"beach_active,nature_desert,nightlife_live,food_market",none,,LKR,8224.31,LKR,relaxed,2026-08-18T10:00:00+05:30
prf_244fb49d,usr_1f2ffeef,ta,ta,"food_market,heritage_fort,beach_active,nightlife_live",vegan,,INR,,,relaxed,2026-08-18T10:00:00+05:30
prf_e4e78fa5,usr_31a7937d,en-IN,en-IN,"nature_lake,museum_science,nature_waterfall,wellness_ayur,museum_art",vegetarian,,INR,,,balanced,2026-08-18T10:00:00+05:30
prf_f5cbfc69,usr_b1b8dc45,ur,ur,"museum_science,beach_active,heritage_stepwell,adventure_water,shopping_craft",,,INR,10397.12,INR,relaxed,2026-08-18T10:00:00+05:30
prf_229909ec,usr_55a04c8d,en-IN,,"heritage_ruins,shopping_bazaar,food_street,wildlife_safari",vegan,,INR,,,packed,2026-08-18T10:00:00+05:30
prf_bd7e1633,usr_49c29e32,gu,,"nature_desert,wildlife_birding",vegetarian,,INR,,,relaxed,2026-08-18T10:00:00+05:30
prf_0c96842e,usr_5e7ab07d,bn,bn,"museum_art,nature_garden,religious_ghats,nature_desert,shopping_mall",vegan,vision,INR,4964.78,INR,relaxed,2026-08-18T10:00:00+05:30
prf_7b1ec6b1,usr_38ae75c0,"ar,kn",kn,"wildlife_birding,nightlife_bar,food_fine",vegan,,AED,19614.01,AED,relaxed,2026-08-18T10:00:00+05:30
prf_4c118d47,usr_598fd23f,"en-IN,te",te,"heritage_stepwell,nightlife_bar,food_street",,,BTN,17984.93,BTN,relaxed,2026-08-18T10:00:00+05:30
prf_c4667212,usr_a6999f45,"ml,hi",hi,"shopping_mall,shopping_bazaar",,,INR,23215.07,INR,packed,2026-08-18T10:00:00+05:30
prf_715fc823,usr_86c0581f,"hi,ml",,"adventure_water,heritage_temple,adventure_air,adventure_cycle,shopping_bazaar",,,INR,28685.95,INR,packed,2026-08-18T10:00:00+05:30
prf_509d7f16,usr_595656b6,"en-IN,ta",en-IN,"heritage_temple,nature_hill",,,NPR,,,balanced,2026-08-18T10:00:00+05:30
prf_28e5501a,usr_8317ab30,hi,hi,"beach_quiet,nature_waterfall,museum_science,heritage_stepwell",halal,,INR,,,relaxed,2026-08-18T10:00:00+05:30
prf_895d87b1,usr_5303ee80,en-IN,,"wildlife_sanctuary,shopping_craft,nightlife_live,nature_hill",vegan,,INR,2899.04,INR,packed,2026-08-18T10:00:00+05:30
prf_7c202c12,usr_f13873e9,bn,bn,"adventure_trek,religious_pilgrim,adventure_water,food_market",,,INR,,,relaxed,2026-08-18T10:00:00+05:30
prf_3f9fbf3c,usr_5e4aa2d9,"en-IN,ta",en-IN,"wellness_ayur,food_cooking,nature_hill,heritage_stepwell",halal,,JPY,10466.03,JPY,balanced,2026-08-18T10:00:00+05:30
prf_d58ba055,usr_fe68ac3c,en-IN,en-IN,"nature_desert,shopping_mall,food_fine,heritage_ruins,religious_pilgrim",halal,,INR,41765.84,INR,packed,2026-08-18T10:00:00+05:30
prf_baa884da,usr_46f5d250,"ne,pa",pa,"nightlife_bar,museum_art,nature_hill,wellness_yoga",jain,,NPR,4306.64,NPR,relaxed,2026-08-18T10:00:00+05:30
prf_704eed0a,usr_0db0f175,"pa,hi",hi,"nightlife_live,nature_waterfall,food_street",,none,INR,28524.87,INR,packed,2026-08-18T10:00:00+05:30
prf_cf354a8b,usr_5549036e,"en-IN,bn",en-IN,"nightlife_live,heritage_stepwell,nature_waterfall",,,INR,8363.96,INR,packed,2026-08-18T10:00:00+05:30
prf_39e66df4,usr_0dc68a1c,en-IN,en-IN,"shopping_mall,nature_hill,nature_garden,heritage_ruins,wildlife_safari",vegan,,INR,8672.38,INR,balanced,2026-08-18T10:00:00+05:30
prf_4c1e3df7,usr_ae648c19,ne,ne,"beach_active,nature_desert,adventure_trek",vegan,,INR,,,packed,2026-08-18T10:00:00+05:30
prf_25d8787f,usr_9b002a1a,"bn,mr",mr,"adventure_cycle,heritage_fort,nature_hill,wellness_yoga",none,none,INR,2513.31,INR,packed,2026-08-18T10:00:00+05:30
prf_8e97b84d,usr_a6c69ded,en-IN,en-IN,"nightlife_bar,museum_art,shopping_mall",halal,,INR,2972.65,INR,relaxed,2026-08-18T10:00:00+05:30
prf_83a0a56f,usr_3190040f,"en-IN,gu",gu,"shopping_craft,nature_waterfall",halal,,INR,19164.67,INR,relaxed,2026-08-18T10:00:00+05:30
prf_fc7edafe,usr_656b5a35,"ne,en-IN",en-IN,"nature_desert,nature_waterfall,wildlife_safari,heritage_stepwell",vegan,,NPR,4714.85,NPR,balanced,2026-08-18T10:00:00+05:30
prf_2ed63a7d,usr_1d51b0cb,mr,mr,"nature_lake,nature_hill,food_fine",none,,INR,37437.60,INR,packed,2026-08-18T10:00:00+05:30
prf_6c338596,usr_a6b776c8,"en-IN,bn",,"wildlife_birding,food_fine",vegetarian,none,INR,3112.23,INR,packed,2026-08-18T10:00:00+05:30
prf_a05be431,usr_b2ea84e0,"en-IN,mr",mr,"nightlife_bar,wellness_yoga",,,THB,2740.58,THB,packed,2026-08-18T10:00:00+05:30
prf_0cf80a0c,usr_2b11a6c9,"mr,te",mr,"wellness_yoga,wildlife_safari,heritage_stepwell,religious_pilgrim,nature_waterfall",none,step_free,INR,,,balanced,2026-08-18T10:00:00+05:30
prf_7866532c,usr_2e562f89,"en-IN,ml",ml,"nature_hill,nightlife_live,nature_lake,wildlife_birding",vegetarian,,INR,33875.13,INR,relaxed,2026-08-18T10:00:00+05:30
prf_cb0d7658,usr_8fe264b1,"en-IN,mr",en-IN,"adventure_water,wildlife_sanctuary",none,,NPR,10838.69,NPR,packed,2026-08-18T10:00:00+05:30
prf_099c6d64,usr_cdc31bd3,"ja,en-IN",ja,"nature_lake,museum_history,wellness_ayur",vegan,,JPY,18540.59,JPY,relaxed,2026-08-18T10:00:00+05:30
prf_76687d50,usr_dcfab723,ms,ms,"food_market,wildlife_sanctuary,food_fine,beach_quiet",halal,vision,MYR,7336.29,MYR,relaxed,2026-08-18T10:00:00+05:30
prf_e6225227,usr_948a58de,"en-IN,pa",en-IN,"shopping_bazaar,shopping_craft,wellness_ayur",vegetarian,,CHF,4658.83,CHF,relaxed,2026-08-18T10:00:00+05:30
prf_fa528e33,usr_f5f1340f,hi,hi,"wildlife_safari,wildlife_birding",none,,INR,4606.36,INR,balanced,2026-08-18T10:00:00+05:30
prf_bfb2793b,usr_343719c9,"en-IN,ta",,"wildlife_safari,nature_lake,heritage_temple,shopping_bazaar,food_street",,step_free,INR,33756.44,INR,packed,2026-08-18T10:00:00+05:30
prf_1d161702,usr_4b9aa988,"en-IN,hi",en-IN,"religious_ghats,museum_science,nature_hill,museum_art,nature_waterfall",vegan,,INR,36539.61,INR,packed,2026-08-18T10:00:00+05:30
prf_6e09a140,usr_f7077299,en-IN,,"beach_active,religious_pilgrim,nature_garden,adventure_trek,nature_lake",,none,INR,10490.47,INR,relaxed,2026-08-18T10:00:00+05:30
prf_8664e8e5,usr_e60873aa,"ta,pa",pa,"beach_quiet,food_cooking,wildlife_safari,wildlife_sanctuary",vegetarian,hearing,INR,2815.62,INR,balanced,2026-08-18T10:00:00+05:30
prf_ba0e37e3,usr_04f598c2,mr,mr,"beach_active,heritage_stepwell,wellness_ayur,adventure_water,heritage_fort",none,vision,INR,11560.59,INR,packed,2026-08-18T10:00:00+05:30
prf_7ce58b11,usr_f12ab863,ar,ar,"shopping_mall,heritage_fort,heritage_ruins,beach_active",vegan,step_free,AED,34484.08,AED,packed,2026-08-18T10:00:00+05:30
prf_46dcac95,usr_0000ca76,"en-IN,bn",en-IN,"beach_active,wellness_ayur,heritage_temple",vegetarian,step_free,INR,5793.48,INR,balanced,2026-08-18T10:00:00+05:30
prf_3359963f,usr_701b0010,"en-IN,te",en-IN,"adventure_air,nightlife_bar,heritage_stepwell,shopping_craft",,,INR,8444.30,INR,balanced,2026-08-18T10:00:00+05:30
prf_004e0a95,usr_7a9bb1ad,"en-IN,hi",,"beach_quiet,religious_ghats,religious_pilgrim,wildlife_safari",,,CHF,36150.68,CHF,packed,2026-08-18T10:00:00+05:30
prf_17505eb2,usr_15dd3b38,"en-IN,gu",,"religious_ghats,nature_lake,shopping_bazaar,heritage_ruins,nature_garden",,,LKR,19071.91,LKR,relaxed,2026-08-18T10:00:00+05:30
prf_be19e872,usr_3134253d,en-IN,en-IN,"nightlife_live,museum_art,wildlife_safari,wellness_yoga,shopping_bazaar",none,,MYR,3059.31,MYR,packed,2026-08-18T10:00:00+05:30
prf_71a184b3,usr_4f4d8587,"en-IN,bn",bn,"nature_lake,beach_quiet,museum_art",jain,,INR,4724.37,INR,balanced,2026-08-18T10:00:00+05:30
prf_140b9927,usr_8f0039c0,"en-IN,bn",bn,"wildlife_birding,nature_hill,food_market,wildlife_sanctuary",none,,INR,2085.77,INR,balanced,2026-08-18T10:00:00+05:30
prf_4f58eb72,usr_0e8e470a,"hi,ta",,"museum_science,nature_hill,religious_pilgrim,food_cooking",none,,INR,,,packed,2026-08-18T10:00:00+05:30
prf_b9a1e0be,usr_ee03ca6c,en-IN,en-IN,"heritage_stepwell,adventure_trek",vegetarian,,INR,4402.10,INR,relaxed,2026-08-18T10:00:00+05:30
prf_fe5bcc0a,usr_5307f01f,ta,ta,"adventure_cycle,nightlife_bar",vegetarian,,INR,2755.99,INR,balanced,2026-08-18T10:00:00+05:30
prf_2bc04a5b,usr_e085ee6b,or,or,"wellness_yoga,heritage_ruins",halal,none,INR,16827.88,INR,packed,2026-08-18T10:00:00+05:30
prf_fae9ee17,usr_378b6f36,"en-IN,hi",,"beach_quiet,beach_active,adventure_water,museum_science",,,INR,3136.05,INR,balanced,2026-08-18T10:00:00+05:30
prf_8ee361a4,usr_7e13fee1,"ta,mr",mr,"nightlife_live,beach_active,adventure_trek,nature_desert,heritage_fort",vegetarian,step_free,INR,23204.03,INR,balanced,2026-08-18T10:00:00+05:30
prf_2602cdf9,usr_567fc188,"en-IN,gu",en-IN,"food_fine,heritage_temple,adventure_cycle",,step_free,INR,5745.56,INR,balanced,2026-08-18T10:00:00+05:30
prf_d1ac7dd2,usr_2aa556d6,"hi,en-IN",,"wildlife_birding,wildlife_sanctuary,heritage_temple,wellness_yoga,heritage_ruins",jain,,INR,2665.19,INR,packed,2026-08-18T10:00:00+05:30
prf_c818c328,usr_22e61dad,"en-IN,kn",,"food_cooking,wellness_yoga,beach_active",halal,none,INR,2690.99,INR,relaxed,2026-08-18T10:00:00+05:30
prf_c7e07695,usr_81ed406f,"th,te",te,"nature_waterfall,wellness_ayur,beach_quiet,wildlife_birding,shopping_bazaar",,,THB,2392.23,THB,balanced,2026-08-18T10:00:00+05:30
prf_8770606d,usr_7df097f0,"en-IN,ml",en-IN,"religious_ghats,nightlife_live,heritage_ruins,nature_hill,museum_art",,,INR,16455.87,INR,packed,2026-08-18T10:00:00+05:30
prf_0f4a937e,usr_29b0484e,"hi,en-IN",hi,"shopping_mall,heritage_temple,adventure_water",halal,,INR,15390.69,INR,balanced,2026-08-18T10:00:00+05:30
prf_c527a9d2,usr_a3f4f2d9,"en-IN,hi",,"food_market,adventure_water,wildlife_birding",vegan,none,AED,5960.00,AED,balanced,2026-08-18T10:00:00+05:30
prf_56c7eeab,usr_f94cda41,"kn,gu",gu,"beach_quiet,food_fine,museum_science",vegan,,INR,16570.24,INR,packed,2026-08-18T10:00:00+05:30
prf_e6f07962,usr_34d0c50b,"hi,en-IN",hi,"wildlife_sanctuary,adventure_air,religious_ghats,beach_active",jain,,INR,16737.33,INR,relaxed,2026-08-18T10:00:00+05:30
prf_29e70e51,usr_a86957a3,ne,ne,"shopping_craft,wildlife_sanctuary,nature_garden",jain,,NPR,8754.49,NPR,balanced,2026-08-18T10:00:00+05:30
prf_36c07dac,usr_9cc617ce,"hi,bn",hi,"shopping_bazaar,religious_ghats,food_cooking,food_market,beach_active",,,INR,4194.58,INR,balanced,2026-08-18T10:00:00+05:30
prf_523ed53e,usr_ba3a629c,kn,kn,"wellness_ayur,wellness_yoga,shopping_bazaar",,,INR,29463.41,INR,balanced,2026-08-18T10:00:00+05:30
prf_1e9b6e66,usr_cfc145a0,en-IN,,"shopping_bazaar,food_cooking,museum_history",,,INR,6357.31,INR,balanced,2026-08-18T10:00:00+05:30
prf_97148052,usr_b0cd91cf,"hi,te",te,"religious_ghats,museum_art,nature_garden",vegan,step_free,INR,21718.33,INR,relaxed,2026-08-18T10:00:00+05:30
prf_0a65e2f7,usr_b10b6018,en-IN,,"nature_waterfall,wildlife_sanctuary,nature_lake,adventure_cycle,nature_garden",none,,QAR,,,relaxed,2026-08-18T10:00:00+05:30
prf_cbc12ffd,usr_0ecc288c,"en-IN,mr",,"nightlife_live,wellness_ayur,heritage_stepwell,wildlife_sanctuary",vegan,none,INR,4943.70,INR,balanced,2026-08-18T10:00:00+05:30
prf_e8e26e71,usr_ecfbc9b2,"en-IN,te",,"adventure_trek,museum_art,heritage_fort,heritage_stepwell",,,INR,4122.08,INR,packed,2026-08-18T10:00:00+05:30
prf_ef47e439,usr_20caee9e,"en-IN,ml",ml,"adventure_trek,food_cooking,food_street,museum_art,wellness_ayur",,step_free,INR,40352.18,INR,relaxed,2026-08-18T10:00:00+05:30
prf_c4562094,usr_8bddf67c,"hi,mr",hi,"wellness_yoga,nightlife_bar,wildlife_sanctuary,nightlife_live,nature_hill",none,,INR,28453.83,INR,relaxed,2026-08-18T10:00:00+05:30
prf_a708fd48,usr_e2490a9e,kn,,"adventure_air,wildlife_safari,heritage_stepwell",vegetarian,,INR,3100.80,INR,packed,2026-08-18T10:00:00+05:30
prf_a12dea57,usr_49b03439,"en-IN,ta",en-IN,"food_cooking,nightlife_live",none,,CHF,9163.07,CHF,balanced,2026-08-18T10:00:00+05:30
prf_1179d2b0,usr_50db435c,"en-IN,hi",en-IN,"wildlife_safari,wellness_yoga,adventure_water,adventure_air,religious_pilgrim",,step_free,INR,4035.76,INR,relaxed,2026-08-18T10:00:00+05:30
prf_dc2098ef,usr_ab49979e,en-IN,en-IN,"wildlife_sanctuary,nature_waterfall,adventure_air",vegan,hearing,INR,34114.62,INR,balanced,2026-08-18T10:00:00+05:30
prf_4d3e9098,usr_7bb9f669,ur,ur,"religious_ghats,adventure_water,wildlife_birding,wildlife_safari,wellness_ayur",,,INR,16921.98,INR,relaxed,2026-08-18T10:00:00+05:30
prf_8819393d,usr_e2f59178,"pa,bn",pa,"food_street,heritage_fort,beach_quiet",jain,none,INR,11015.55,INR,packed,2026-08-18T10:00:00+05:30
prf_edb7f11c,usr_4fec6bfa,"en-IN,ml",ml,"museum_art,wildlife_sanctuary,heritage_ruins,shopping_craft",halal,,INR,7406.80,INR,balanced,2026-08-18T10:00:00+05:30
prf_191658b5,usr_b1d59712,en-IN,en-IN,"adventure_cycle,heritage_fort,heritage_ruins,heritage_stepwell,nature_desert",,step_free,INR,10347.69,INR,packed,2026-08-18T10:00:00+05:30
prf_3aa79447,usr_2136e1fa,en-IN,en-IN,"food_market,adventure_water",,,INR,2512.35,INR,balanced,2026-08-18T10:00:00+05:30
prf_bebcbc72,usr_2dd33665,en-IN,en-IN,"food_street,shopping_craft",vegetarian,,INR,43149.61,INR,balanced,2026-08-18T10:00:00+05:30
prf_4f6a3b41,usr_dcf3a4ae,en-IN,en-IN,"adventure_cycle,shopping_mall,shopping_bazaar",vegetarian,,INR,18526.91,INR,relaxed,2026-08-18T10:00:00+05:30
prf_a24c71f4,usr_651a4d17,"en-IN,kn",,"food_market,shopping_mall,museum_art,museum_science,adventure_trek",vegan,,INR,2785.21,INR,packed,2026-08-18T10:00:00+05:30
prf_8ff4505c,usr_2dfc4f4b,en-IN,en-IN,"beach_active,wildlife_sanctuary",,,INR,39806.06,INR,packed,2026-08-18T10:00:00+05:30
prf_bae9ea39,usr_2de68d4f,en-IN,,"religious_ghats,museum_art,nature_waterfall,museum_history,adventure_air",none,vision,INR,42437.20,INR,balanced,2026-08-18T10:00:00+05:30
prf_970ded16,usr_ee57ec9a,kn,kn,"wellness_ayur,beach_active,heritage_stepwell,wildlife_sanctuary",none,,INR,6095.22,INR,relaxed,2026-08-18T10:00:00+05:30
prf_0277cf96,usr_1c8154b9,en-IN,en-IN,"wellness_ayur,food_market,wildlife_birding,heritage_ruins",halal,,INR,2132.00,INR,packed,2026-08-18T10:00:00+05:30
prf_4ad6adfa,usr_861e9ecb,si,si,"museum_art,wellness_yoga,nature_desert,food_fine",,hearing,LKR,45371.45,LKR,packed,2026-08-18T10:00:00+05:30
prf_812f0454,usr_7b329574,gu,gu,"nature_garden,nature_desert,adventure_cycle,religious_pilgrim",,vision,INR,10001.70,INR,balanced,2026-08-18T10:00:00+05:30
prf_5f16aab0,usr_20594684,"en-IN,gu",en-IN,"heritage_stepwell,nature_hill,religious_ghats,heritage_ruins,shopping_bazaar",,step_free,INR,23319.87,INR,packed,2026-08-18T10:00:00+05:30
prf_953d15fd,usr_e0a2b51a,en-IN,en-IN,"wellness_yoga,food_fine,nightlife_bar",none,vision,LKR,5656.69,LKR,relaxed,2026-08-18T10:00:00+05:30
prf_960fe486,usr_45ec7f60,"ta,ml",ta,"wellness_yoga,wildlife_birding,food_cooking,food_street",vegan,,INR,41787.25,INR,relaxed,2026-08-18T10:00:00+05:30
prf_c3d47063,usr_b83115d3,gu,,"shopping_bazaar,heritage_ruins,heritage_temple",,,INR,2633.39,INR,relaxed,2026-08-18T10:00:00+05:30
prf_c3390cc6,usr_488b3ced,en-IN,,"nature_waterfall,nature_desert",vegetarian,,INR,36958.97,INR,balanced,2026-08-18T10:00:00+05:30
prf_3b5a557d,usr_e5fed81d,te,te,"nightlife_bar,heritage_fort,food_street",halal,none,INR,2379.63,INR,packed,2026-08-18T10:00:00+05:30
prf_2f7adb9e,usr_6451b2ed,en-IN,en-IN,"food_market,museum_history,shopping_mall,beach_quiet",none,vision,INR,41253.29,INR,relaxed,2026-08-18T10:00:00+05:30
prf_61ccf66e,usr_aa495d1d,"en-IN,gu",en-IN,"shopping_craft,adventure_cycle,museum_history,heritage_ruins,wellness_ayur",jain,step_free,BTN,,,packed,2026-08-18T10:00:00+05:30
prf_afb4f418,usr_c8025f92,"ne,bn",ne,"wellness_yoga,nature_garden,food_street",vegetarian,,NPR,5874.95,NPR,relaxed,2026-08-18T10:00:00+05:30
prf_8a81ad1d,usr_a284e305,en-IN,en-IN,"heritage_ruins,shopping_mall,museum_history,food_cooking,museum_art",jain,hearing,INR,8646.69,INR,relaxed,2026-08-18T10:00:00+05:30
prf_56ffcd9d,usr_6e14ff06,hi,,"shopping_bazaar,adventure_trek",vegetarian,,INR,,,relaxed,2026-08-18T10:00:00+05:30
prf_19a8e56b,usr_c24f45f3,en-IN,,"wellness_ayur,shopping_mall",none,,INR,4744.92,INR,relaxed,2026-08-18T10:00:00+05:30
prf_c2051a0a,usr_42202df5,"te,ta",te,"religious_ghats,shopping_craft,food_cooking,shopping_mall",none,hearing,INR,3108.11,INR,balanced,2026-08-18T10:00:00+05:30
prf_78c36ed2,usr_af8b77c2,"en-IN,kn",en-IN,"nature_garden,wildlife_safari,food_fine",,hearing,INR,10049.75,INR,balanced,2026-08-18T10:00:00+05:30
prf_5ca46fb3,usr_06f6c954,bn,bn,"shopping_mall,heritage_fort,food_street,nature_garden",none,,INR,11513.69,INR,balanced,2026-08-18T10:00:00+05:30
prf_01f28f2f,usr_62216ab5,en-IN,en-IN,"heritage_temple,wildlife_safari,museum_history,heritage_ruins,nightlife_live",jain,,INR,44528.82,INR,balanced,2026-08-18T10:00:00+05:30
prf_aace0d18,usr_749f5098,en-IN,en-IN,"nature_hill,nightlife_live,shopping_mall,nature_desert",jain,,INR,,,balanced,2026-08-18T10:00:00+05:30
prf_4fe0a22f,usr_e7080930,"en-IN,ml",en-IN,"food_street,beach_active,adventure_air",,,INR,2599.29,INR,balanced,2026-08-18T10:00:00+05:30
prf_bbaee979,usr_3952555a,"mr,en-IN",en-IN,"nightlife_bar,beach_quiet,wellness_yoga,religious_pilgrim,food_fine",none,,INR,14910.55,INR,relaxed,2026-08-18T10:00:00+05:30
prf_105fb01b,usr_86b7d9ab,"en-IN,te",te,"food_street,religious_pilgrim",vegetarian,step_free,INR,5991.43,INR,packed,2026-08-18T10:00:00+05:30
prf_6f3162ef,usr_8e272905,"en-IN,ml",en-IN,"museum_history,beach_quiet,nature_waterfall,adventure_water,beach_active",halal,,INR,8300.22,INR,balanced,2026-08-18T10:00:00+05:30
prf_accb63df,usr_bc67142c,en-IN,en-IN,"adventure_water,wildlife_sanctuary,food_street,heritage_fort",vegan,,INR,22491.98,INR,relaxed,2026-08-18T10:00:00+05:30
prf_1161e98f,usr_4f3c7fb0,en-IN,en-IN,"heritage_ruins,museum_history,food_fine,nature_desert",vegetarian,vision,INR,,,relaxed,2026-08-18T10:00:00+05:30
prf_e0561aeb,usr_c8ada8bd,en-IN,en-IN,"wellness_yoga,adventure_cycle,nature_desert,museum_science",jain,step_free,INR,5064.58,INR,packed,2026-08-18T10:00:00+05:30
prf_1a6941ea,usr_01d12bc2,"kn,ml",ml,"heritage_fort,nature_desert,wellness_yoga,heritage_stepwell,food_fine",halal,,INR,40736.87,INR,balanced,2026-08-18T10:00:00+05:30
prf_7d8da3f1,usr_7fc93a76,"en-IN,kn",kn,"nature_garden,nightlife_live",none,step_free,INR,8858.84,INR,balanced,2026-08-18T10:00:00+05:30
prf_4a683a95,usr_78a5fbfe,en-IN,,"wellness_ayur,heritage_ruins",vegetarian,step_free,INR,5241.55,INR,balanced,2026-08-18T10:00:00+05:30
prf_47713c7e,usr_ce38459a,"en-IN,te",,"nature_lake,nightlife_live,shopping_craft,wildlife_birding,adventure_water",,,QAR,10697.27,QAR,balanced,2026-08-18T10:00:00+05:30
prf_2454a650,usr_580034a3,en-IN,en-IN,"wellness_yoga,nature_hill,nightlife_bar,nature_lake",none,hearing,INR,2554.71,INR,packed,2026-08-18T10:00:00+05:30
prf_9e4ff4b6,usr_51294c66,ne,ne,"beach_active,adventure_air",,,NPR,,,relaxed,2026-08-18T10:00:00+05:30
prf_2dcae1da,usr_4cb26745,ne,ne,"adventure_trek,wildlife_birding,museum_history",halal,,INR,2294.26,INR,relaxed,2026-08-18T10:00:00+05:30
prf_86ecd46b,usr_6bf6f0c2,"en-IN,ml",ml,"religious_pilgrim,wildlife_sanctuary,wildlife_birding,beach_quiet",none,,INR,4670.20,INR,packed,2026-08-18T10:00:00+05:30
prf_fedbe709,usr_32f091df,"ta,gu",ta,"shopping_bazaar,museum_art,religious_pilgrim",,,INR,22274.90,INR,relaxed,2026-08-18T10:00:00+05:30
prf_9791eea9,usr_eb6b7ee0,"en-IN,gu",,"nature_lake,wellness_yoga",,,INR,5510.89,INR,balanced,2026-08-18T10:00:00+05:30
prf_8cad1d16,usr_5dec704e,"en-IN,gu",en-IN,"nature_lake,wildlife_birding,food_street",vegan,none,INR,2104.19,INR,balanced,2026-08-18T10:00:00+05:30
prf_1389a9b2,usr_3e25dcc6,ur,ur,"museum_art,adventure_water",halal,step_free,INR,7916.28,INR,balanced,2026-08-18T10:00:00+05:30
prf_d866c023,usr_2353848b,"zh,pa",pa,"heritage_temple,food_cooking",,hearing,SGD,2947.39,SGD,balanced,2026-08-18T10:00:00+05:30
prf_e480e0ae,usr_d3acd59c,en-IN,en-IN,"museum_art,wellness_ayur,nature_waterfall,nature_hill,adventure_air",halal,,INR,8332.76,INR,balanced,2026-08-18T10:00:00+05:30
prf_54911f77,usr_bf1a0bc8,en-IN,en-IN,"heritage_fort,wellness_yoga",vegan,,INR,4230.03,INR,packed,2026-08-18T10:00:00+05:30
prf_b81bf325,usr_a685483e,"en-IN,ta",en-IN,"nature_hill,nature_lake,heritage_temple",,,QAR,8151.06,QAR,balanced,2026-08-18T10:00:00+05:30
prf_a9454fd0,usr_fae4d064,en-IN,,"museum_art,nightlife_live,wildlife_sanctuary,nightlife_bar,adventure_cycle",none,,INR,4564.93,INR,balanced,2026-08-18T10:00:00+05:30
prf_fbfbe0b3,usr_5c4f42ed,en-IN,en-IN,"shopping_mall,adventure_trek,beach_quiet,museum_science",none,,NPR,6386.48,NPR,relaxed,2026-08-18T10:00:00+05:30
prf_909b8dae,usr_61710d50,"en-IN,te",en-IN,"beach_quiet,food_market,shopping_bazaar,wildlife_safari",jain,,SGD,,,balanced,2026-08-18T10:00:00+05:30
prf_61de511b,usr_495905e0,"en-IN,mr",mr,"nature_waterfall,wellness_yoga",,,INR,22731.98,INR,balanced,2026-08-18T10:00:00+05:30
prf_f73deabb,usr_6feac3d4,en-IN,en-IN,"beach_active,nature_hill,wellness_yoga",,,INR,18874.60,INR,relaxed,2026-08-18T10:00:00+05:30
prf_64b5f88b,usr_f50e2299,en-IN,en-IN,"food_cooking,food_street",jain,,INR,18478.38,INR,packed,2026-08-18T10:00:00+05:30
prf_1aaae744,usr_6303c026,"en-IN,hi",,"nightlife_live,museum_history",halal,,QAR,2303.94,QAR,balanced,2026-08-18T10:00:00+05:30
prf_628712f9,usr_8ed02105,en-IN,,"shopping_bazaar,nightlife_bar,museum_science,food_fine",,,INR,,,relaxed,2026-08-18T10:00:00+05:30
prf_b6cbf452,usr_ca6dc019,"hi,te",te,"adventure_water,museum_history,museum_science,beach_quiet",,,INR,5926.78,INR,packed,2026-08-18T10:00:00+05:30
prf_4bb22846,usr_60c3a39a,"en-IN,gu",en-IN,"food_fine,nightlife_live",vegan,,INR,38848.31,INR,packed,2026-08-18T10:00:00+05:30
prf_2dd0612b,usr_db304908,"en-IN,hi",en-IN,"shopping_craft,food_cooking",vegan,,AED,5575.42,AED,packed,2026-08-18T10:00:00+05:30
prf_da19683e,usr_4022bd9b,"en-IN,mr",en-IN,"adventure_air,beach_active,nightlife_bar,museum_art",vegetarian,none,NPR,3231.30,NPR,balanced,2026-08-18T10:00:00+05:30
prf_cae65a5d,usr_ca24d130,en-IN,en-IN,"nightlife_live,nature_garden,heritage_ruins",vegetarian,,INR,6382.01,INR,packed,2026-08-18T10:00:00+05:30
prf_f93a3021,usr_2c8b7af8,ne,,"food_market,heritage_temple,beach_active,religious_ghats",vegan,none,BTN,21856.32,BTN,packed,2026-08-18T10:00:00+05:30
prf_672dc84e,usr_225fd2f9,hi,hi,"adventure_trek,food_market,museum_science,wildlife_safari",vegetarian,vision,INR,33323.25,INR,balanced,2026-08-18T10:00:00+05:30
prf_1be00785,usr_544eff67,"en-IN,bn",en-IN,"nightlife_live,nightlife_bar,nature_garden",,,INR,16766.60,INR,packed,2026-08-18T10:00:00+05:30
prf_cceb88b2,usr_50d203b2,"en-IN,mr",,"nightlife_live,nature_desert",jain,,AED,9575.32,AED,relaxed,2026-08-18T10:00:00+05:30
prf_91e1c665,usr_1436bbd8,en-IN,,"food_street,adventure_air,adventure_cycle",vegetarian,,INR,28233.88,INR,balanced,2026-08-18T10:00:00+05:30
prf_7cdfbd28,usr_58cbe8f3,en-IN,en-IN,"food_market,heritage_stepwell,heritage_temple,heritage_fort,shopping_craft",,,INR,5884.69,INR,packed,2026-08-18T10:00:00+05:30
prf_1acac831,usr_f43be858,"en-IN,gu",en-IN,"adventure_trek,shopping_bazaar,adventure_water,food_fine",jain,,INR,4625.73,INR,relaxed,2026-08-18T10:00:00+05:30
prf_7da62e8e,usr_5c4421b6,en-IN,en-IN,"heritage_stepwell,adventure_trek,shopping_mall,nature_waterfall,wildlife_birding",,,LKR,7977.63,LKR,balanced,2026-08-18T10:00:00+05:30
prf_cff8fe70,usr_c235639f,en-IN,,"wildlife_birding,nature_garden,heritage_temple,beach_active,food_market",none,,INR,10274.54,INR,balanced,2026-08-18T10:00:00+05:30
prf_f018c48d,usr_bcea2153,"hi,gu",hi,"adventure_water,adventure_trek,museum_history,shopping_mall,adventure_cycle",vegetarian,,INR,,,relaxed,2026-08-18T10:00:00+05:30
prf_ac7ff97b,usr_df582802,hi,hi,"food_market,food_fine,wildlife_birding",vegan,,INR,4658.60,INR,relaxed,2026-08-18T10:00:00+05:30
prf_a3c68e87,usr_e5415ac7,en-IN,en-IN,"food_market,nature_hill,religious_pilgrim",,none,INR,2774.37,INR,balanced,2026-08-18T10:00:00+05:30
prf_fa549a8a,usr_0deee6d9,ne,,"heritage_fort,nightlife_bar",,,INR,2793.76,INR,balanced,2026-08-18T10:00:00+05:30
prf_f06f28e2,usr_78b510fb,"en-IN,ml",,"food_fine,museum_science",halal,vision,INR,2072.62,INR,balanced,2026-08-18T10:00:00+05:30
prf_65814c30,usr_7d0ce609,ms,ms,"heritage_stepwell,shopping_mall,nature_hill,wildlife_safari",jain,,MYR,,,balanced,2026-08-18T10:00:00+05:30
prf_f274ad9b,usr_6dabe38f,"en-IN,bn",en-IN,"nature_hill,food_fine,museum_history,heritage_ruins,shopping_mall",none,vision,INR,10303.05,INR,balanced,2026-08-18T10:00:00+05:30
prf_ad646405,usr_c46032f3,or,,"adventure_cycle,food_market,wildlife_safari,nature_lake,heritage_ruins",,,INR,,,balanced,2026-08-18T10:00:00+05:30
prf_5803fde7,usr_464e9998,en-IN,en-IN,"heritage_temple,wildlife_safari,wellness_yoga,nature_waterfall",halal,,INR,,,packed,2026-08-18T10:00:00+05:30
prf_c2306b9c,usr_fd197725,"en-IN,ta",ta,"religious_ghats,wellness_yoga,museum_history,heritage_fort",jain,,INR,5923.12,INR,relaxed,2026-08-18T10:00:00+05:30
prf_2f9d03b7,usr_96b84c82,te,te,"heritage_temple,food_cooking,adventure_water,heritage_ruins",none,,INR,37306.94,INR,relaxed,2026-08-18T10:00:00+05:30
prf_1f24bfb5,usr_a0588479,en-IN,,"museum_science,heritage_temple",,vision,INR,34355.45,INR,relaxed,2026-08-18T10:00:00+05:30
prf_bcb95db8,usr_40a598d3,te,te,"beach_quiet,adventure_cycle",vegetarian,,INR,6169.80,INR,relaxed,2026-08-18T10:00:00+05:30
prf_5c09bd38,usr_216d365e,hi,,"food_cooking,museum_history,adventure_cycle",vegan,,INR,33757.07,INR,relaxed,2026-08-18T10:00:00+05:30
prf_c2453ca8,usr_e133ef76,"en-IN,ta",en-IN,"religious_pilgrim,adventure_cycle,shopping_bazaar,nature_desert,heritage_fort",,,INR,22370.80,INR,packed,2026-08-18T10:00:00+05:30
prf_283b83e1,usr_dc888b66,"as,mr",,"shopping_mall,museum_science,beach_active,nature_lake",jain,step_free,INR,2309.35,INR,balanced,2026-08-18T10:00:00+05:30
prf_98e99b99,usr_1f0f9af9,"as,hi",hi,"adventure_water,wildlife_birding,museum_art,food_street,wellness_yoga",,,INR,5175.00,INR,relaxed,2026-08-18T10:00:00+05:30
prf_b5a055fa,usr_03840a57,"en-IN,mr",mr,"food_cooking,wellness_ayur,heritage_fort",none,,THB,4664.17,THB,balanced,2026-08-18T10:00:00+05:30
prf_009fc1a1,usr_ee605ce4,mr,mr,"nature_garden,food_fine,wildlife_safari,nightlife_live",jain,,INR,41051.49,INR,relaxed,2026-08-18T10:00:00+05:30
prf_1ed6b4a0,usr_6b39cd15,"ne,mr",ne,"wildlife_sanctuary,nature_waterfall,adventure_cycle,wildlife_birding",jain,,NPR,19566.01,NPR,relaxed,2026-08-18T10:00:00+05:30
prf_eacab9d4,usr_9c3deed5,en-IN,en-IN,"nightlife_live,nature_waterfall,adventure_cycle,food_market",,,INR,4357.36,INR,balanced,2026-08-18T10:00:00+05:30
prf_d5bcf655,usr_1df4c157,hi,hi,"museum_history,nightlife_bar",,,INR,2276.19,INR,packed,2026-08-18T10:00:00+05:30
prf_3d32ea7c,usr_7da99ef5,ta,,"wellness_ayur,nature_waterfall,wildlife_sanctuary",jain,none,INR,4900.54,INR,relaxed,2026-08-18T10:00:00+05:30
prf_516834aa,usr_329d228c,ta,,"shopping_mall,wellness_yoga,food_street,heritage_ruins,heritage_fort",vegetarian,,INR,17471.28,INR,packed,2026-08-18T10:00:00+05:30
prf_abd8b34f,usr_fdb9ac21,"en-IN,te",en-IN,"food_cooking,museum_science,adventure_trek,nightlife_bar",halal,,INR,2535.74,INR,balanced,2026-08-18T10:00:00+05:30
prf_b4ff538b,usr_84b71ba7,"en-IN,ml",ml,"nightlife_bar,heritage_ruins",vegan,,INR,4775.69,INR,relaxed,2026-08-18T10:00:00+05:30
prf_1be57b7a,usr_e0853a17,"en-IN,bn",bn,"wildlife_birding,heritage_stepwell,religious_ghats,wellness_yoga,adventure_cycle",,hearing,INR,11409.42,INR,balanced,2026-08-18T10:00:00+05:30
prf_e72922ad,usr_8ddbc4ab,en-IN,en-IN,"shopping_craft,nature_waterfall,heritage_stepwell,food_market,wildlife_birding",vegetarian,vision,NPR,28170.16,NPR,relaxed,2026-08-18T10:00:00+05:30
prf_dca85ea3,usr_f94b1e02,en-IN,en-IN,"wildlife_sanctuary,food_market,nightlife_bar,nature_waterfall",vegetarian,vision,JPY,22388.34,JPY,packed,2026-08-18T10:00:00+05:30
prf_c4e778e2,usr_fcb4d1ef,en-IN,,"adventure_air,nature_garden,museum_art,beach_quiet",none,step_free,INR,40922.14,INR,relaxed,2026-08-18T10:00:00+05:30
prf_76912cd1,usr_e6dca418,"ar,te",,"heritage_stepwell,museum_science,adventure_water",,,MVR,41983.64,MVR,packed,2026-08-18T10:00:00+05:30
prf_dfd5544e,usr_67d03584,"kn,bn",kn,"heritage_ruins,shopping_bazaar,adventure_water",,,INR,23242.42,INR,packed,2026-08-18T10:00:00+05:30
prf_0ec88542,usr_4e8a6e40,si,,"religious_pilgrim,wildlife_safari,shopping_craft,religious_ghats",halal,,LKR,4568.74,LKR,balanced,2026-08-18T10:00:00+05:30
prf_4970b735,usr_00591571,"kn,gu",gu,"nightlife_live,food_market,shopping_craft,beach_active,heritage_ruins",vegan,,INR,21866.65,INR,packed,2026-08-18T10:00:00+05:30
prf_42b01c64,usr_2fc3b9a7,"en-IN,te",en-IN,"nature_hill,museum_science",jain,,INR,3046.66,INR,relaxed,2026-08-18T10:00:00+05:30
prf_8c7aca26,usr_8700ba48,"ne,mr",ne,"adventure_air,religious_pilgrim,nature_lake",vegan,,BTN,8523.40,BTN,balanced,2026-08-18T10:00:00+05:30
prf_1ad54425,usr_34808c87,en-IN,en-IN,"adventure_cycle,food_street,museum_science,nature_lake,wellness_ayur",,,INR,45313.37,INR,balanced,2026-08-18T10:00:00+05:30
prf_25b43167,usr_c0926c78,ml,ml,"food_street,food_cooking,wildlife_birding,museum_history",vegan,vision,INR,2277.43,INR,balanced,2026-08-18T10:00:00+05:30
prf_578291f6,usr_c426b4e1,ml,,"religious_ghats,food_cooking",none,,INR,19929.75,INR,relaxed,2026-08-18T10:00:00+05:30
prf_ce25daf5,usr_6edece59,"en-IN,gu",en-IN,"museum_history,museum_science,heritage_stepwell,adventure_air,heritage_ruins",jain,vision,INR,11095.70,INR,balanced,2026-08-18T10:00:00+05:30
prf_91eb35a1,usr_7796e5e8,en-IN,en-IN,"heritage_ruins,nightlife_bar,wildlife_birding,wildlife_sanctuary,wellness_yoga",vegan,vision,INR,34183.11,INR,balanced,2026-08-18T10:00:00+05:30
prf_242b0e4e,usr_88af6903,"ur,ml",ur,"heritage_stepwell,nature_lake",vegetarian,,INR,4516.38,INR,balanced,2026-08-18T10:00:00+05:30
prf_472d13fd,usr_209fdcf3,"en-IN,te",en-IN,"beach_quiet,wellness_yoga,wellness_ayur,wildlife_birding,wildlife_safari",none,,INR,17789.60,INR,relaxed,2026-08-18T10:00:00+05:30
prf_337d2490,usr_5b0e5805,en-IN,en-IN,"wildlife_sanctuary,shopping_bazaar,heritage_fort,beach_quiet,adventure_cycle",jain,,LKR,5026.58,LKR,packed,2026-08-18T10:00:00+05:30
prf_39f9a874,usr_f44e35a9,"en-IN,te",,"beach_active,adventure_cycle,heritage_fort,food_street,nature_desert",jain,,JPY,6156.52,JPY,balanced,2026-08-18T10:00:00+05:30
prf_10db805d,usr_2c93ab7f,ml,ml,"nature_hill,museum_art",halal,vision,INR,42795.18,INR,relaxed,2026-08-18T10:00:00+05:30
prf_ae9d6d31,usr_60e00854,"en-IN,pa",,"nature_hill,religious_pilgrim",vegetarian,,INR,8295.98,INR,balanced,2026-08-18T10:00:00+05:30
prf_2a12b7e4,usr_71b26f80,kn,kn,"food_street,food_cooking,food_market",none,,INR,5276.56,INR,balanced,2026-08-18T10:00:00+05:30
prf_f7deec12,usr_0b05ac58,"en-IN,ta",en-IN,"food_market,wildlife_birding,food_street,heritage_temple",none,vision,INR,11162.19,INR,balanced,2026-08-18T10:00:00+05:30
prf_879d13f8,usr_0b8f3bdc,en-IN,en-IN,"shopping_craft,heritage_temple",,,INR,32259.97,INR,packed,2026-08-18T10:00:00+05:30
prf_660a8d5f,usr_aefdae86,en-IN,,"nature_waterfall,religious_ghats,food_market,wellness_ayur",,,INR,4097.11,INR,packed,2026-08-18T10:00:00+05:30
prf_cd4fd1ce,usr_810e7b81,"en-IN,ta",ta,"shopping_craft,nightlife_live,food_fine,museum_science,food_cooking",,,INR,36277.06,INR,relaxed,2026-08-18T10:00:00+05:30
prf_38a27c48,usr_ddcb196c,"ta,te",,"museum_art,adventure_cycle,adventure_trek,wildlife_birding",vegetarian,,INR,9352.31,INR,balanced,2026-08-18T10:00:00+05:30
prf_5fc5f203,usr_78bee927,hi,hi,"shopping_craft,nature_desert",halal,,INR,2233.97,INR,packed,2026-08-18T10:00:00+05:30
prf_8a8761d4,usr_25e8a118,"de,pa",pa,"adventure_air,religious_ghats,nightlife_live",halal,,CHF,,,relaxed,2026-08-18T10:00:00+05:30
prf_d10cc3c7,usr_cdd4697e,en-IN,,"nightlife_bar,nature_lake,museum_history,nature_waterfall,museum_science",vegetarian,,BTN,41069.83,BTN,balanced,2026-08-18T10:00:00+05:30
prf_b510bafe,usr_dc032205,te,te,"nature_waterfall,nature_hill,wildlife_safari,nature_desert,shopping_bazaar",vegan,,INR,18640.36,INR,packed,2026-08-18T10:00:00+05:30
prf_67eaa878,usr_712600f0,en-IN,en-IN,"heritage_ruins,adventure_trek,food_fine,beach_active",halal,none,INR,2632.91,INR,relaxed,2026-08-18T10:00:00+05:30
prf_ca5760ec,usr_d8ec0000,"en-IN,gu",en-IN,"museum_art,museum_history,food_cooking",vegan,,INR,10805.00,INR,relaxed,2026-08-18T10:00:00+05:30
prf_7ec0cf1f,usr_05e40dfc,en-IN,en-IN,"wildlife_birding,shopping_bazaar",,,INR,,,packed,2026-08-18T10:00:00+05:30
prf_f3004ee1,usr_d8cab59f,"en-IN,gu",en-IN,"nature_waterfall,shopping_mall,food_market,wellness_yoga",none,step_free,IDR,17761.17,IDR,balanced,2026-08-18T10:00:00+05:30
prf_1a618cde,usr_3dbd078a,ne,ne,"religious_ghats,shopping_bazaar",vegan,vision,INR,23020.48,INR,packed,2026-08-18T10:00:00+05:30
prf_1c226890,usr_d9ad53d1,en-IN,,"shopping_craft,adventure_trek,wellness_yoga,beach_quiet",,,INR,4173.42,INR,balanced,2026-08-18T10:00:00+05:30
prf_a4924049,usr_ba1a6fde,en-IN,en-IN,"wellness_ayur,nature_desert,food_market,religious_pilgrim",jain,,INR,16105.62,INR,balanced,2026-08-18T10:00:00+05:30
prf_4d45912d,usr_e93a9eef,si,si,"beach_quiet,heritage_stepwell,wildlife_safari,nature_waterfall",none,,LKR,18232.27,LKR,balanced,2026-08-18T10:00:00+05:30
prf_b49861d5,usr_de5d9e34,"ar,pa",,"religious_ghats,heritage_fort",jain,,AED,22800.65,AED,balanced,2026-08-18T10:00:00+05:30
prf_1dc31fb2,usr_d4aeb337,ml,,"heritage_temple,food_fine",halal,,INR,41171.92,INR,packed,2026-08-18T10:00:00+05:30
prf_433e9924,usr_410809ba,"id,bn",id,"wildlife_birding,nature_desert,museum_science,nature_garden,heritage_stepwell",jain,,IDR,2305.41,IDR,relaxed,2026-08-18T10:00:00+05:30
prf_d139af81,usr_abb36fee,hi,hi,"shopping_mall,wellness_yoga,museum_history,shopping_bazaar,religious_ghats",none,,INR,5833.85,INR,packed,2026-08-18T10:00:00+05:30
prf_650086f9,usr_6be041f5,en-IN,en-IN,"beach_quiet,food_fine,shopping_mall,wildlife_birding",,,LKR,35954.05,LKR,packed,2026-08-18T10:00:00+05:30
prf_aedb8f8e,usr_2c24e6e3,en-IN,en-IN,"nightlife_bar,religious_ghats,religious_pilgrim,wildlife_safari,nature_waterfall",vegetarian,,INR,,,relaxed,2026-08-18T10:00:00+05:30
prf_7040e2cb,usr_61dab539,hi,hi,"heritage_temple,adventure_trek",,,INR,8586.60,INR,packed,2026-08-18T10:00:00+05:30
prf_f3633f72,usr_240785d4,"en-IN,ta",en-IN,"religious_pilgrim,nightlife_live,beach_active,nature_lake,shopping_mall",none,,INR,21386.13,INR,balanced,2026-08-18T10:00:00+05:30
prf_5a3a59cd,usr_2fcc58dc,"en-IN,hi",,"nature_hill,shopping_mall,nightlife_bar,museum_art",halal,step_free,INR,16952.64,INR,relaxed,2026-08-18T10:00:00+05:30
prf_fa62f482,usr_c7a5929f,hi,hi,"nature_hill,nature_garden,nature_waterfall,adventure_cycle",vegan,,INR,40742.86,INR,relaxed,2026-08-18T10:00:00+05:30
prf_d63d08cb,usr_fa3a9dd6,en-IN,en-IN,"beach_active,wellness_yoga,nature_waterfall,wildlife_sanctuary,nightlife_bar",halal,,INR,2962.07,INR,balanced,2026-08-18T10:00:00+05:30
prf_56336f86,usr_c00138d6,"en-IN,te",te,"nightlife_live,nature_desert",halal,,INR,21481.63,INR,relaxed,2026-08-18T10:00:00+05:30
prf_ce03283d,usr_2a05253b,en-IN,en-IN,"museum_art,wellness_ayur",halal,,QAR,8154.83,QAR,balanced,2026-08-18T10:00:00+05:30
prf_e2767812,usr_94e62241,en-IN,en-IN,"wildlife_birding,heritage_stepwell,religious_pilgrim,food_cooking,shopping_craft",jain,,INR,10782.33,INR,packed,2026-08-18T10:00:00+05:30
prf_e90e7b0e,usr_25146419,"en-IN,ml",en-IN,"shopping_mall,nature_garden",none,,INR,6430.72,INR,balanced,2026-08-18T10:00:00+05:30
prf_27bdbe88,usr_d9b13621,en-IN,en-IN,"nature_garden,food_fine,wellness_yoga,adventure_water,museum_history",halal,,IDR,23079.29,IDR,balanced,2026-08-18T10:00:00+05:30
prf_23d61d6e,usr_edf2bbfa,en-IN,en-IN,"nature_hill,beach_active",none,,INR,2704.55,INR,relaxed,2026-08-18T10:00:00+05:30
prf_da5ae53f,usr_4e65d08a,"gu,pa",,"food_street,heritage_fort,heritage_ruins",vegetarian,none,INR,3170.16,INR,packed,2026-08-18T10:00:00+05:30
prf_e9d5cfdd,usr_196ca537,"en-IN,ml",en-IN,"wildlife_birding,nightlife_bar,shopping_bazaar,wildlife_sanctuary",none,,INR,28751.26,INR,balanced,2026-08-18T10:00:00+05:30
prf_cc676dd1,usr_dce3bc90,"bn,gu",bn,"shopping_mall,beach_quiet,adventure_cycle,museum_art,nature_lake",,,INR,2421.62,INR,packed,2026-08-18T10:00:00+05:30
prf_299d0a2f,usr_08b8f8e9,id,id,"beach_active,museum_history,wellness_yoga,nature_hill,food_market",vegan,,IDR,35372.06,IDR,balanced,2026-08-18T10:00:00+05:30
prf_400103a5,usr_865b890c,"en-IN,ml",en-IN,"wildlife_birding,religious_pilgrim,heritage_temple,nature_desert,nightlife_live",vegetarian,,IDR,44417.01,IDR,packed,2026-08-18T10:00:00+05:30
prf_a32b291f,usr_b6d5d98c,"as,kn",kn,"nature_lake,nature_garden,nightlife_bar",vegetarian,,INR,5356.08,INR,packed,2026-08-18T10:00:00+05:30
prf_4748c018,usr_5385053d,"or,mr",mr,"shopping_mall,nature_waterfall",halal,hearing,INR,2163.78,INR,relaxed,2026-08-18T10:00:00+05:30
prf_5de320c5,usr_98212b28,en-IN,en-IN,"nightlife_live,wildlife_safari,heritage_temple",halal,,INR,,,packed,2026-08-18T10:00:00+05:30
prf_668052bc,usr_9115fc7c,"si,pa",si,"food_cooking,heritage_fort,wildlife_birding,museum_history",,vision,LKR,2699.18,LKR,packed,2026-08-18T10:00:00+05:30
prf_9e0e5acd,usr_51247360,"hi,gu",gu,"museum_art,food_fine",vegetarian,,INR,2474.53,INR,balanced,2026-08-18T10:00:00+05:30
prf_913fde1a,usr_90a46b92,"en-IN,pa",en-IN,"wildlife_safari,adventure_air",,,INR,20727.15,INR,relaxed,2026-08-18T10:00:00+05:30
prf_c542c499,usr_ac8d7a49,en-IN,,"religious_ghats,heritage_fort,adventure_water,food_fine,wildlife_birding",vegan,,INR,29692.67,INR,balanced,2026-08-18T10:00:00+05:30
prf_727d60f2,usr_80a41666,"en-IN,te",en-IN,"nature_lake,shopping_craft,adventure_water,food_fine,shopping_mall",none,,INR,2935.19,INR,packed,2026-08-18T10:00:00+05:30
prf_ceaa587f,usr_24e54a31,en-IN,en-IN,"wildlife_sanctuary,adventure_water,heritage_stepwell,heritage_ruins",halal,,INR,2457.15,INR,relaxed,2026-08-18T10:00:00+05:30
prf_0238cd31,usr_9db3efff,"en-IN,hi",,"heritage_fort,nature_garden",vegetarian,,INR,7653.80,INR,relaxed,2026-08-18T10:00:00+05:30
prf_d1131885,usr_4dee7364,ta,,"adventure_water,nature_desert,heritage_stepwell",,,INR,16478.32,INR,balanced,2026-08-18T10:00:00+05:30
prf_acd502c1,usr_ada33731,"kn,mr",,"shopping_craft,food_fine",vegan,,INR,,,relaxed,2026-08-18T10:00:00+05:30
prf_85cdcc88,usr_6a108f4e,ta,ta,"wildlife_birding,food_street",halal,,INR,10252.06,INR,relaxed,2026-08-18T10:00:00+05:30
prf_e0ee17d7,usr_a2b35cea,"si,hi",,"food_fine,nature_waterfall,wellness_ayur,nature_hill",vegetarian,,LKR,9397.15,LKR,balanced,2026-08-18T10:00:00+05:30
prf_97e86c13,usr_e459a18c,en-IN,en-IN,"nature_desert,nightlife_bar,museum_history,heritage_fort,wellness_yoga",none,,INR,37103.99,INR,balanced,2026-08-18T10:00:00+05:30
prf_fc518536,usr_942658c9,hi,,"food_market,religious_ghats,museum_history,heritage_fort",halal,none,INR,2954.49,INR,packed,2026-08-18T10:00:00+05:30
prf_965a1f4b,usr_f7512c22,"en-IN,hi",hi,"wildlife_birding,adventure_air,nature_desert,food_fine,heritage_ruins",none,,INR,23204.78,INR,relaxed,2026-08-18T10:00:00+05:30
prf_3b68b8ee,usr_0382185a,"mr,en-IN",en-IN,"nature_desert,wellness_ayur",,hearing,INR,6248.98,INR,balanced,2026-08-18T10:00:00+05:30
prf_9f86132f,usr_b86dd891,"hi,ml",ml,"wellness_yoga,beach_active,wildlife_safari,religious_ghats",halal,,INR,16441.83,INR,packed,2026-08-18T10:00:00+05:30
prf_1f025f40,usr_4b3af420,en-IN,,"heritage_temple,religious_ghats,wildlife_birding,food_fine,wildlife_sanctuary",,,QAR,,,balanced,2026-08-18T10:00:00+05:30
prf_338aab4b,usr_ddfd9a4a,en-IN,en-IN,"food_street,nature_hill,nature_garden,nature_desert,museum_history",jain,,INR,20151.34,INR,relaxed,2026-08-18T10:00:00+05:30
prf_8eab68c3,usr_32ad88b8,pa,,"food_cooking,museum_history",vegetarian,vision,INR,15869.77,INR,packed,2026-08-18T10:00:00+05:30
prf_396ebac4,usr_538f6e20,"as,pa",as,"food_fine,food_market",vegan,vision,INR,15285.17,INR,balanced,2026-08-18T10:00:00+05:30
prf_9f7b32b1,usr_a7185e16,"hi,pa",,"religious_ghats,heritage_fort,nature_hill,wildlife_safari,shopping_bazaar",halal,vision,INR,4151.24,INR,balanced,2026-08-18T10:00:00+05:30
prf_1b45e907,usr_8cace6bd,ta,ta,"wellness_ayur,heritage_stepwell,religious_pilgrim,museum_art,adventure_cycle",vegetarian,,INR,29396.03,INR,relaxed,2026-08-18T10:00:00+05:30
prf_d7f68e2b,usr_693c20b9,"ta,hi",ta,"nature_lake,adventure_water,wellness_ayur,nature_desert,wildlife_sanctuary",vegetarian,,INR,38201.83,INR,balanced,2026-08-18T10:00:00+05:30
prf_a04c074d,usr_d3b4799e,en-IN,,"nightlife_live,wildlife_sanctuary,shopping_mall,heritage_ruins",vegetarian,,INR,2046.47,INR,balanced,2026-08-18T10:00:00+05:30
prf_1f4ce6c5,usr_4a6f1818,"ne,te",te,"nightlife_live,museum_science,beach_active",vegan,none,INR,41049.05,INR,packed,2026-08-18T10:00:00+05:30
prf_563321e2,usr_abfc225a,"en-IN,mr",,"museum_science,religious_pilgrim",,,INR,23051.63,INR,balanced,2026-08-18T10:00:00+05:30
prf_1b2ff9b4,usr_1f3d6d92,en-IN,,"food_fine,nature_garden,museum_art",jain,,INR,5150.21,INR,balanced,2026-08-18T10:00:00+05:30
prf_29697f87,usr_3d55eeba,"ar,ml",ml,"adventure_air,food_market,beach_quiet,food_cooking,nature_waterfall",halal,,MVR,4986.56,MVR,packed,2026-08-18T10:00:00+05:30
prf_3cf4ff0d,usr_5cf79b04,"ta,ml",ml,"shopping_bazaar,nature_waterfall,wellness_yoga,adventure_cycle",none,none,INR,2060.59,INR,packed,2026-08-18T10:00:00+05:30
prf_4d48e227,usr_437596b5,en-IN,,"nature_lake,wildlife_sanctuary",none,,INR,7712.93,INR,balanced,2026-08-18T10:00:00+05:30
prf_a37ac2d1,usr_b204c453,ta,,"wildlife_safari,wildlife_sanctuary,nightlife_live,nightlife_bar",,hearing,INR,,,packed,2026-08-18T10:00:00+05:30
prf_3ab78e45,usr_a4ca5f2e,en-IN,en-IN,"nature_waterfall,heritage_fort,wellness_ayur,religious_pilgrim,heritage_stepwell",halal,,INR,9526.38,INR,balanced,2026-08-18T10:00:00+05:30
prf_693c56b9,usr_22a9ab26,en-IN,en-IN,"shopping_mall,nature_desert,wildlife_birding,heritage_fort,wellness_ayur",none,vision,NPR,2374.35,NPR,packed,2026-08-18T10:00:00+05:30
prf_30231104,usr_7cfa76f9,te,,"museum_science,adventure_air,heritage_temple,museum_history,heritage_fort",jain,,INR,7390.10,INR,balanced,2026-08-18T10:00:00+05:30
prf_f2bb064f,usr_ddfa0cd0,"en-IN,kn",en-IN,"religious_pilgrim,adventure_trek,wildlife_safari,wildlife_birding,heritage_stepwell",halal,,LKR,19258.50,LKR,relaxed,2026-08-18T10:00:00+05:30
prf_6b81b0e8,usr_5c93d2d8,en-IN,en-IN,"nature_waterfall,nightlife_bar,wildlife_birding,wellness_ayur",halal,,INR,2386.48,INR,balanced,2026-08-18T10:00:00+05:30
prf_d52989bb,usr_174a4346,mr,mr,"wellness_yoga,nature_lake,shopping_craft,food_market",,,INR,,,relaxed,2026-08-18T10:00:00+05:30
prf_7b33e8f5,usr_fc909bdc,id,id,"shopping_mall,nature_hill,nightlife_bar,adventure_cycle",jain,,IDR,5816.40,IDR,balanced,2026-08-18T10:00:00+05:30
prf_3111075f,usr_1501196b,"en-IN,pa",pa,"nature_waterfall,nature_garden,adventure_trek",vegan,,BTN,43500.97,BTN,packed,2026-08-18T10:00:00+05:30
prf_1095628f,usr_c41a26c3,"en-IN,kn",kn,"nightlife_live,beach_quiet,nature_desert",halal,step_free,INR,,,balanced,2026-08-18T10:00:00+05:30
prf_d606a7fc,usr_1cec1f14,en-IN,en-IN,"wildlife_birding,wellness_yoga,museum_science,heritage_fort",vegetarian,none,INR,,,packed,2026-08-18T10:00:00+05:30
prf_54d3ed77,usr_ef82139e,kn,,"nature_garden,beach_quiet,nightlife_bar",jain,step_free,INR,10022.58,INR,relaxed,2026-08-18T10:00:00+05:30
prf_c05d79eb,usr_c60b1837,ta,ta,"heritage_stepwell,nature_desert,adventure_trek",,,INR,5616.33,INR,packed,2026-08-18T10:00:00+05:30
prf_87e390a4,usr_053e7434,ta,ta,"museum_science,shopping_bazaar,heritage_ruins,adventure_air,shopping_craft",none,,INR,35480.81,INR,balanced,2026-08-18T10:00:00+05:30
prf_0157491d,usr_1b4fe68e,"en-IN,ml",en-IN,"nature_lake,food_street,heritage_stepwell,beach_quiet,shopping_mall",jain,,LKR,22524.57,LKR,relaxed,2026-08-18T10:00:00+05:30
prf_25563295,usr_541840e2,ml,ml,"wildlife_birding,nature_hill,food_cooking",none,,INR,9272.86,INR,relaxed,2026-08-18T10:00:00+05:30
prf_f7786706,usr_4348c378,en-IN,en-IN,"nature_garden,nature_desert,beach_quiet,wildlife_safari",vegan,,INR,,,packed,2026-08-18T10:00:00+05:30
prf_d477a163,usr_0e9166f0,en-IN,en-IN,"shopping_craft,wildlife_birding,food_cooking,adventure_cycle",halal,,INR,14430.97,INR,packed,2026-08-18T10:00:00+05:30
prf_56c4ce7f,usr_842437da,ar,,"wellness_yoga,religious_pilgrim,nightlife_live",halal,,QAR,22480.75,QAR,balanced,2026-08-18T10:00:00+05:30
prf_96ee02eb,usr_182a86dd,ne,ne,"heritage_stepwell,adventure_trek,nature_lake",vegan,,NPR,,,relaxed,2026-08-18T10:00:00+05:30
prf_8e7cd2fb,usr_ef2f6a43,en-IN,en-IN,"religious_pilgrim,heritage_fort,nature_desert,museum_art",halal,,INR,44113.14,INR,relaxed,2026-08-18T10:00:00+05:30
prf_f4ee3f4e,usr_def3b524,hi,,"wildlife_safari,museum_history,food_street",vegan,,INR,35351.65,INR,packed,2026-08-18T10:00:00+05:30
prf_12b22fbb,usr_1dc66e29,"en-IN,mr",mr,"food_street,food_market,adventure_trek",jain,,INR,14899.38,INR,relaxed,2026-08-18T10:00:00+05:30
prf_a42a5590,usr_e3b9431c,en-IN,en-IN,"nightlife_live,shopping_craft,nature_desert,food_street,nature_waterfall",none,vision,INR,,,relaxed,2026-08-18T10:00:00+05:30
prf_a186b749,usr_e9f2321e,"ml,mr",ml,"food_fine,wellness_yoga,heritage_fort,museum_history,nightlife_live",vegetarian,,INR,41662.07,INR,packed,2026-08-18T10:00:00+05:30
prf_71b218ba,usr_72dfb712,"hi,ml",,"museum_science,shopping_mall,nature_hill,shopping_bazaar",,,INR,4024.22,INR,relaxed,2026-08-18T10:00:00+05:30
prf_7e75c11b,usr_bb1c9753,ne,,"heritage_ruins,museum_history,wellness_ayur,food_cooking,adventure_air",vegetarian,,NPR,9049.81,NPR,balanced,2026-08-18T10:00:00+05:30
prf_19ee9258,usr_956481cd,"en-IN,ml",ml,"wildlife_birding,nature_desert",,,INR,7690.69,INR,balanced,2026-08-18T10:00:00+05:30
prf_01f730ba,usr_3bdc4244,ml,ml,"food_cooking,food_street,nature_waterfall,wildlife_birding,nature_hill",,none,INR,,,packed,2026-08-18T10:00:00+05:30
prf_af39e572,usr_b2adbbfa,gu,,"museum_science,heritage_fort",none,hearing,INR,30947.94,INR,relaxed,2026-08-18T10:00:00+05:30
prf_107c0400,usr_d312cbff,"en-IN,ml",en-IN,"heritage_ruins,heritage_stepwell,food_street,food_market,heritage_fort",vegan,,IDR,10206.88,IDR,relaxed,2026-08-18T10:00:00+05:30
prf_a7ea52e5,usr_d59d0fa9,en-IN,en-IN,"wellness_ayur,adventure_air",,none,NPR,,,balanced,2026-08-18T10:00:00+05:30
prf_4164b644,usr_b99779aa,kn,kn,"beach_quiet,museum_art",none,,INR,4230.22,INR,relaxed,2026-08-18T10:00:00+05:30
prf_e3548a3b,usr_ea9bcc0d,"ur,bn",,"museum_history,food_street,wildlife_birding",,hearing,INR,38627.60,INR,balanced,2026-08-18T10:00:00+05:30
prf_f390e895,usr_6043ede2,"ne,bn",bn,"religious_pilgrim,food_fine,nightlife_live,heritage_ruins",,,NPR,32672.36,NPR,packed,2026-08-18T10:00:00+05:30
prf_8e187b9c,usr_108e6f0f,en-IN,,"adventure_trek,wildlife_safari",vegan,,INR,,,packed,2026-08-18T10:00:00+05:30
prf_00909b50,usr_54e4f5fd,"en-IN,mr",,"food_market,heritage_ruins,adventure_cycle",vegan,,INR,,,relaxed,2026-08-18T10:00:00+05:30
prf_19c8689b,usr_e076a69d,en-IN,en-IN,"beach_quiet,shopping_bazaar,food_market",,,INR,20342.03,INR,balanced,2026-08-18T10:00:00+05:30
prf_7c795181,usr_e10845c8,"mr,bn",,"wildlife_birding,nightlife_bar,food_market,shopping_bazaar,food_fine",vegetarian,,INR,30210.39,INR,relaxed,2026-08-18T10:00:00+05:30
prf_fead9c9b,usr_9de6bd6d,en-IN,,"nightlife_live,nature_lake",vegetarian,step_free,INR,19278.89,INR,relaxed,2026-08-18T10:00:00+05:30
prf_f7ed0d75,usr_6ae6b723,ta,ta,"wildlife_birding,wellness_ayur,food_street,heritage_ruins",halal,,INR,10096.66,INR,relaxed,2026-08-18T10:00:00+05:30
prf_44d08439,usr_e8f563b9,"hi,bn",hi,"wildlife_safari,religious_pilgrim,beach_active,heritage_temple,beach_quiet",,,INR,14508.24,INR,balanced,2026-08-18T10:00:00+05:30
prf_a2271f26,usr_60cacdee,hi,hi,"food_market,wellness_yoga,nightlife_bar,wellness_ayur,shopping_craft",,hearing,INR,,,packed,2026-08-18T10:00:00+05:30
prf_cd76dd1f,usr_0e3a6945,hi,hi,"nightlife_bar,adventure_water,food_market",none,,INR,4677.03,INR,packed,2026-08-18T10:00:00+05:30
prf_2d1011fd,usr_20b69637,hi,hi,"adventure_water,religious_pilgrim,wellness_ayur,nightlife_bar",jain,step_free,INR,16940.38,INR,packed,2026-08-18T10:00:00+05:30
prf_bce40b5d,usr_2b7e8931,"en-IN,pa",en-IN,"religious_pilgrim,adventure_water,shopping_mall,adventure_air,beach_active",,none,INR,2022.62,INR,relaxed,2026-08-18T10:00:00+05:30
prf_b6dc0761,usr_17b45921,en-IN,en-IN,"nightlife_live,museum_history,beach_active,religious_ghats",halal,,CHF,,,packed,2026-08-18T10:00:00+05:30
prf_0564f375,usr_21700d8e,en-IN,,"nature_hill,museum_science,heritage_stepwell,nature_lake,nightlife_live",vegan,,INR,7963.77,INR,packed,2026-08-18T10:00:00+05:30
prf_9856ba4f,usr_68a73e1b,ar,ar,"adventure_trek,heritage_stepwell,beach_quiet,adventure_cycle,beach_active",,,AED,5055.18,AED,balanced,2026-08-18T10:00:00+05:30
prf_30fac834,usr_4d0aac69,th,th,"adventure_air,nightlife_live,food_fine",none,,THB,21731.49,THB,balanced,2026-08-18T10:00:00+05:30
prf_5a9b9b7b,usr_2a348485,en-IN,en-IN,"heritage_temple,adventure_cycle",halal,,MVR,21704.41,MVR,balanced,2026-08-18T10:00:00+05:30
prf_146541c9,usr_e89cc9b1,en-IN,en-IN,"adventure_trek,adventure_cycle,beach_active,adventure_water",none,none,INR,10807.35,INR,packed,2026-08-18T10:00:00+05:30
prf_24b87817,usr_42a441dc,"en-IN,ml",en-IN,"shopping_craft,heritage_stepwell,food_fine,nature_lake,beach_quiet",,,INR,21308.15,INR,packed,2026-08-18T10:00:00+05:30
prf_3f2423fa,usr_c0dbf056,en-IN,en-IN,"nature_lake,nature_hill,nature_waterfall",vegan,,NPR,7444.89,NPR,balanced,2026-08-18T10:00:00+05:30
prf_286a9a47,usr_d23b92e9,"en-IN,te",,"heritage_ruins,beach_active,food_street,heritage_fort",vegan,,INR,,,relaxed,2026-08-18T10:00:00+05:30
prf_e728198f,usr_13fe8c0b,"hi,te",,"shopping_bazaar,religious_pilgrim,heritage_stepwell,nightlife_bar",jain,,INR,42003.93,INR,balanced,2026-08-18T10:00:00+05:30
prf_76f5d55e,usr_0cae1422,"hi,pa",hi,"heritage_temple,heritage_ruins,food_market",vegan,none,INR,,,relaxed,2026-08-18T10:00:00+05:30
prf_84718c6e,usr_54e0dc44,"en-IN,pa",,"wildlife_safari,heritage_temple,adventure_trek,shopping_mall,heritage_fort",vegan,none,SGD,16789.36,SGD,packed,2026-08-18T10:00:00+05:30
prf_8dfcdf9a,usr_18984e30,"en-IN,te",te,"nature_lake,wildlife_safari,food_street,adventure_trek,religious_pilgrim",jain,,SGD,2212.25,SGD,relaxed,2026-08-18T10:00:00+05:30
prf_b658c78f,usr_f52d271a,"hi,en-IN",hi,"heritage_stepwell,heritage_ruins,heritage_temple",vegetarian,,INR,15038.07,INR,packed,2026-08-18T10:00:00+05:30
prf_c003edac,usr_f800c5ff,as,as,"museum_art,nightlife_live",,,INR,16186.29,INR,balanced,2026-08-18T10:00:00+05:30
prf_e652635d,usr_8659fe93,"en-IN,te",en-IN,"wildlife_safari,heritage_fort,wildlife_birding,beach_quiet",jain,,INR,15958.70,INR,packed,2026-08-18T10:00:00+05:30
prf_822729a5,usr_f271c461,"id,kn",,"beach_active,food_market",,step_free,IDR,37910.69,IDR,packed,2026-08-18T10:00:00+05:30
prf_4ecc90b0,usr_a386ca28,"en-IN,pa",pa,"religious_pilgrim,food_street",none,hearing,INR,10145.95,INR,relaxed,2026-08-18T10:00:00+05:30
prf_54ace2d4,usr_14c698db,ar,ar,"wildlife_sanctuary,wildlife_birding,heritage_fort,adventure_cycle,wellness_yoga",vegan,step_free,QAR,,,packed,2026-08-18T10:00:00+05:30
prf_96778b6e,usr_c6f0707f,en-IN,,"heritage_temple,food_fine,heritage_ruins",vegetarian,,INR,21151.91,INR,balanced,2026-08-18T10:00:00+05:30
prf_95c38d9d,usr_7150c7a9,"ar,ml",,"nature_lake,nightlife_bar,food_street,museum_science,food_market",jain,,AED,22319.46,AED,packed,2026-08-18T10:00:00+05:30
prf_d2c605c9,usr_b376fa1f,ml,ml,"wildlife_sanctuary,nature_hill,wildlife_safari",,,INR,,,balanced,2026-08-18T10:00:00+05:30
prf_73a2a522,usr_d20b2a69,en-IN,en-IN,"nature_lake,wildlife_sanctuary,museum_history,nature_hill,adventure_cycle",,,SGD,5770.77,SGD,packed,2026-08-18T10:00:00+05:30
prf_762d4f54,usr_adfa8422,en-IN,en-IN,"beach_quiet,beach_active,religious_ghats,adventure_trek",vegan,none,INR,32990.20,INR,packed,2026-08-18T10:00:00+05:30
prf_e554691d,usr_4fd0245e,en-IN,en-IN,"wildlife_sanctuary,religious_ghats,adventure_trek",,,INR,35311.13,INR,balanced,2026-08-18T10:00:00+05:30
prf_16c1fd49,usr_a531d952,"en-IN,bn",en-IN,"nature_lake,shopping_craft,adventure_water,food_street,nightlife_bar",vegan,,INR,3135.01,INR,balanced,2026-08-18T10:00:00+05:30
prf_2f07b593,usr_fa851b11,ja,,"shopping_craft,food_market,food_cooking,wildlife_sanctuary",,,JPY,5764.12,JPY,relaxed,2026-08-18T10:00:00+05:30
prf_f247a61c,usr_96740172,"en-IN,kn",en-IN,"nature_hill,beach_active,shopping_mall,food_market,wildlife_birding",vegetarian,,INR,,,relaxed,2026-08-18T10:00:00+05:30
prf_a1b992f1,usr_1a6892bf,en-IN,en-IN,"shopping_bazaar,museum_science",vegan,,INR,2923.35,INR,packed,2026-08-18T10:00:00+05:30
prf_47545d06,usr_c4582f0f,"hi,mr",mr,"food_fine,adventure_air,beach_active,wildlife_sanctuary",,,INR,6400.73,INR,balanced,2026-08-18T10:00:00+05:30
prf_d1f1a68c,usr_a2df7150,hi,hi,"heritage_stepwell,food_cooking,adventure_water,nature_garden,beach_active",halal,,INR,8872.58,INR,balanced,2026-08-18T10:00:00+05:30
prf_119bd740,usr_e1d938d9,"en-IN,hi",,"shopping_bazaar,religious_pilgrim,food_market,adventure_cycle",vegan,step_free,INR,22825.88,INR,relaxed,2026-08-18T10:00:00+05:30
prf_dff3451d,usr_7157baa6,en-IN,en-IN,"food_street,nightlife_live,beach_quiet",,,INR,5811.18,INR,relaxed,2026-08-18T10:00:00+05:30
prf_c581a6ab,usr_d17a8cab,"en-IN,ml",ml,"beach_quiet,museum_art,wildlife_sanctuary,wildlife_safari",none,,IDR,10842.52,IDR,relaxed,2026-08-18T10:00:00+05:30
prf_7ac8554e,usr_fdf8c9bc,hi,hi,"beach_active,beach_quiet,museum_art,heritage_stepwell",jain,vision,INR,7517.34,INR,packed,2026-08-18T10:00:00+05:30
prf_4f572a59,usr_373b76a9,en-IN,en-IN,"nature_desert,beach_quiet,wildlife_sanctuary,museum_art,food_market",,,AED,2618.42,AED,balanced,2026-08-18T10:00:00+05:30
prf_a7cd4cf8,usr_0a8655e4,en-IN,,"shopping_craft,adventure_water,nature_lake",none,,INR,35287.12,INR,balanced,2026-08-18T10:00:00+05:30
prf_48254814,usr_939436d9,"en-IN,hi",,"heritage_fort,nature_waterfall,wellness_yoga,adventure_water,adventure_cycle",,,INR,39271.71,INR,balanced,2026-08-18T10:00:00+05:30
prf_df3f227e,usr_101792ef,en-IN,en-IN,"nature_waterfall,shopping_craft,wellness_yoga",halal,,INR,2656.94,INR,packed,2026-08-18T10:00:00+05:30
prf_b215f3ea,usr_0d27fb06,"ja,mr",mr,"museum_history,wildlife_safari,nature_lake,heritage_stepwell",none,none,JPY,21991.29,JPY,balanced,2026-08-18T10:00:00+05:30
prf_6920abca,usr_dc50dac3,en-IN,en-IN,"adventure_water,adventure_trek,beach_quiet,nature_desert",vegetarian,,AED,22423.98,AED,balanced,2026-08-18T10:00:00+05:30
prf_0da933ea,usr_5e79c66a,"ta,kn",ta,"nightlife_live,nature_lake",vegetarian,,INR,4281.68,INR,balanced,2026-08-18T10:00:00+05:30
prf_9fb22eb3,usr_e8417e7f,"en-IN,gu",gu,"beach_quiet,food_fine",jain,,INR,,,balanced,2026-08-18T10:00:00+05:30
prf_7782cec5,usr_e1fb52ea,"ml,hi",,"nature_garden,adventure_trek,nature_lake,heritage_fort",,none,INR,23129.60,INR,relaxed,2026-08-18T10:00:00+05:30
prf_4cfec286,usr_6eabc4ca,"en-IN,te",en-IN,"shopping_craft,religious_pilgrim,adventure_cycle,adventure_water,shopping_mall",,vision,INR,,,packed,2026-08-18T10:00:00+05:30
prf_a1f828c5,usr_abeaa148,en-IN,en-IN,"museum_art,museum_science",jain,,SGD,,,relaxed,2026-08-18T10:00:00+05:30
prf_31afeb3a,usr_d981bf20,en-IN,en-IN,"wildlife_birding,food_street,nature_desert",vegetarian,,QAR,15997.29,QAR,relaxed,2026-08-18T10:00:00+05:30
prf_462416a9,usr_acaaf191,"ml,te",ml,"wildlife_safari,food_cooking,heritage_temple",halal,,INR,,,packed,2026-08-18T10:00:00+05:30
prf_4fa0bb96,usr_f23dc3eb,en-IN,en-IN,"beach_active,food_market,nature_waterfall",halal,,INR,20522.08,INR,relaxed,2026-08-18T10:00:00+05:30
prf_381db828,usr_9a512200,"en-IN,ta",en-IN,"shopping_bazaar,museum_art",,hearing,INR,9069.69,INR,relaxed,2026-08-18T10:00:00+05:30
prf_7d8977bf,usr_ad6891c1,"en-IN,kn",kn,"heritage_ruins,wildlife_sanctuary,heritage_fort,museum_science",jain,,INR,22350.39,INR,balanced,2026-08-18T10:00:00+05:30
prf_a7af617a,usr_6c3fae7b,ta,ta,"religious_pilgrim,religious_ghats,shopping_craft,beach_quiet,museum_art",none,,INR,,,packed,2026-08-18T10:00:00+05:30
prf_afa1d1f7,usr_7af770b2,"ml,te",,"wildlife_safari,adventure_trek,food_market",none,vision,INR,,,balanced,2026-08-18T10:00:00+05:30
prf_e916061d,usr_fc544c58,te,te,"wildlife_birding,nature_garden",vegan,,INR,21214.88,INR,balanced,2026-08-18T10:00:00+05:30
prf_30862efe,usr_c9451968,ar,,"nightlife_bar,religious_pilgrim,food_street,heritage_stepwell,heritage_ruins",vegan,,AED,34470.80,AED,balanced,2026-08-18T10:00:00+05:30
prf_d8e7c44f,usr_ca0410cb,"en-IN,gu",gu,"museum_history,museum_science",none,,INR,4238.61,INR,balanced,2026-08-18T10:00:00+05:30
prf_931b9b41,usr_1f3d0c32,gu,gu,"nightlife_bar,museum_history",halal,step_free,INR,7226.30,INR,balanced,2026-08-18T10:00:00+05:30
prf_f2f565ea,usr_aa669f67,"en-IN,ta",ta,"heritage_ruins,museum_science,nature_garden,religious_pilgrim",vegetarian,step_free,AED,7706.92,AED,relaxed,2026-08-18T10:00:00+05:30
prf_22e0337e,usr_b5327682,en-IN,en-IN,"nature_lake,food_cooking,food_fine",halal,none,INR,4774.74,INR,relaxed,2026-08-18T10:00:00+05:30
prf_d8c4aa51,usr_63531f2d,en-IN,,"wildlife_safari,nature_garden,wildlife_sanctuary,heritage_ruins",vegan,step_free,INR,5794.99,INR,balanced,2026-08-18T10:00:00+05:30
prf_8b697aae,usr_8aafd512,"mr,gu",,"nature_desert,wildlife_birding",halal,none,INR,10639.74,INR,packed,2026-08-18T10:00:00+05:30
prf_68cf7bd2,usr_209a82fa,ta,,"adventure_water,museum_art,nature_hill,adventure_cycle,nature_waterfall",,,INR,4851.46,INR,packed,2026-08-18T10:00:00+05:30
prf_70a189d8,usr_02b8ddf9,"en-IN,hi",en-IN,"heritage_stepwell,shopping_mall,religious_ghats,wellness_yoga",vegan,vision,INR,43315.39,INR,balanced,2026-08-18T10:00:00+05:30
prf_333bc73b,usr_b2c6fdd5,"en-IN,kn",kn,"adventure_air,heritage_ruins",none,none,CHF,37793.03,CHF,balanced,2026-08-18T10:00:00+05:30
prf_c128b0cb,usr_e3e5ef8a,"en-IN,bn",,"adventure_trek,museum_history,adventure_air",jain,,INR,,,balanced,2026-08-18T10:00:00+05:30
prf_1a1b7840,usr_87ae707a,en-IN,,"museum_history,museum_art,adventure_trek,food_cooking,heritage_temple",vegan,vision,INR,28657.85,INR,balanced,2026-08-18T10:00:00+05:30
prf_330e0d07,usr_93fab2ef,en-IN,en-IN,"heritage_temple,nightlife_bar,adventure_air,wildlife_safari,museum_art",,hearing,INR,34421.68,INR,relaxed,2026-08-18T10:00:00+05:30
prf_86bd9286,usr_16017e92,ml,,"shopping_craft,shopping_mall,food_cooking",,,INR,5250.92,INR,balanced,2026-08-18T10:00:00+05:30
prf_af578d05,usr_d848a275,"en-IN,te",te,"nightlife_live,wellness_ayur,shopping_craft",none,,INR,5051.25,INR,balanced,2026-08-18T10:00:00+05:30
prf_441e78ec,usr_beeb010f,de,de,"shopping_mall,heritage_fort",jain,,CHF,,,balanced,2026-08-18T10:00:00+05:30
prf_398c6e04,usr_95d28a5d,kn,kn,"food_market,adventure_cycle,wildlife_safari,heritage_stepwell,nature_lake",none,,INR,29494.41,INR,packed,2026-08-18T10:00:00+05:30
prf_894314d4,usr_13424f0e,en-IN,,"adventure_trek,food_cooking,food_fine,heritage_temple,religious_pilgrim",jain,hearing,INR,2672.01,INR,balanced,2026-08-18T10:00:00+05:30
prf_2a41408a,usr_3093604a,en-IN,en-IN,"museum_science,nightlife_bar",vegan,,INR,39416.33,INR,balanced,2026-08-18T10:00:00+05:30
prf_3167845b,usr_d89a1dce,hi,hi,"museum_history,adventure_cycle,shopping_mall,wellness_ayur,nightlife_bar",,none,INR,4014.32,INR,balanced,2026-08-18T10:00:00+05:30
prf_2a0d0b87,usr_e59463b1,"en-IN,hi",hi,"nature_hill,food_street,wildlife_birding,wildlife_safari",,,LKR,2037.34,LKR,relaxed,2026-08-18T10:00:00+05:30
prf_7314626a,usr_ece2ab24,"hi,ml",,"heritage_stepwell,food_fine,beach_active,wellness_yoga,beach_quiet",none,,INR,2322.85,INR,relaxed,2026-08-18T10:00:00+05:30
prf_5f05d545,usr_3393c7a2,"ml,gu",ml,"food_cooking,museum_art,nature_hill,religious_ghats",,,INR,8812.50,INR,relaxed,2026-08-18T10:00:00+05:30
prf_7ec82fa1,usr_c749abe0,id,id,"beach_quiet,nature_waterfall,wildlife_safari",halal,,IDR,,,balanced,2026-08-18T10:00:00+05:30
prf_eba91e6a,usr_fcd9bdf6,en-IN,en-IN,"religious_pilgrim,beach_active",,step_free,SGD,31927.28,SGD,relaxed,2026-08-18T10:00:00+05:30
prf_a92fbced,usr_36c3dbed,"en-IN,gu",,"religious_pilgrim,heritage_ruins",,,INR,5976.84,INR,relaxed,2026-08-18T10:00:00+05:30
prf_6699f5a9,usr_87b11a4d,en-IN,en-IN,"nature_waterfall,nightlife_live,wellness_yoga,shopping_bazaar,religious_pilgrim",none,,INR,2818.39,INR,relaxed,2026-08-18T10:00:00+05:30
prf_346680f7,usr_7e72b295,"en-IN,kn",kn,"food_market,food_cooking",halal,,INR,37119.01,INR,relaxed,2026-08-18T10:00:00+05:30
prf_6ab78c3b,usr_b4e3e994,en-IN,en-IN,"heritage_stepwell,nightlife_live,religious_pilgrim",,,INR,3082.99,INR,packed,2026-08-18T10:00:00+05:30
prf_27ba486d,usr_8315dfdd,hi,hi,"nightlife_bar,wellness_ayur",none,,INR,35768.51,INR,packed,2026-08-18T10:00:00+05:30
prf_0812b0c3,usr_b10b045a,ml,,"adventure_air,wildlife_safari",none,,INR,45311.62,INR,packed,2026-08-18T10:00:00+05:30
prf_da259f64,usr_672d3dd6,"si,te",,"heritage_temple,nightlife_live,shopping_mall",none,,LKR,19404.18,LKR,balanced,2026-08-18T10:00:00+05:30
prf_a3b79085,usr_201332d4,"bn,ta",,"wellness_ayur,food_street,heritage_ruins",none,,INR,14908.65,INR,packed,2026-08-18T10:00:00+05:30
prf_b5a6c4d5,usr_560bdda1,"en-IN,bn",,"museum_history,museum_art,beach_quiet",,,INR,17557.25,INR,relaxed,2026-08-18T10:00:00+05:30
prf_e6f80a8a,usr_aacb82b1,mr,,"shopping_craft,shopping_mall,adventure_trek,food_street,beach_active",vegetarian,,INR,5615.99,INR,relaxed,2026-08-18T10:00:00+05:30
prf_d736b0f1,usr_c95be507,"ml,kn",,"shopping_mall,adventure_water",,,INR,4189.70,INR,balanced,2026-08-18T10:00:00+05:30
prf_01ad3337,usr_ae3758b7,hi,,"shopping_craft,religious_ghats",none,,INR,5192.34,INR,balanced,2026-08-18T10:00:00+05:30
prf_a57340f2,usr_fedbd227,"en-IN,te",en-IN,"adventure_trek,shopping_bazaar,food_market,wildlife_safari,shopping_craft",none,,INR,28933.18,INR,relaxed,2026-08-18T10:00:00+05:30
prf_5bbf2169,usr_34f98272,en-IN,en-IN,"shopping_bazaar,food_cooking,wellness_ayur,religious_pilgrim",,,INR,2259.13,INR,relaxed,2026-08-18T10:00:00+05:30
prf_7c465fa7,usr_20ea4b19,"hi,bn",hi,"religious_pilgrim,wildlife_birding,heritage_ruins",none,step_free,INR,2152.63,INR,balanced,2026-08-18T10:00:00+05:30
prf_602f413c,usr_f94b3139,en-IN,en-IN,"heritage_fort,religious_pilgrim,heritage_ruins",jain,,INR,3214.70,INR,packed,2026-08-18T10:00:00+05:30
prf_ab2d9729,usr_1f92b887,ur,,"shopping_craft,nature_desert,nightlife_bar",,,INR,17985.13,INR,balanced,2026-08-18T10:00:00+05:30
prf_171ce648,usr_8b7cab66,"mr,en-IN",mr,"nightlife_bar,heritage_ruins,wildlife_birding,heritage_stepwell,nature_desert",none,,INR,7651.04,INR,relaxed,2026-08-18T10:00:00+05:30
prf_e48061ea,usr_8905ffa4,"en-IN,bn",en-IN,"religious_pilgrim,museum_history",,,INR,4596.98,INR,relaxed,2026-08-18T10:00:00+05:30
prf_949b6d8b,usr_a8caec17,"en-IN,ml",ml,"shopping_mall,wildlife_sanctuary,food_cooking,museum_science,wildlife_safari",,,INR,10968.65,INR,packed,2026-08-18T10:00:00+05:30
prf_2668876e,usr_7faf6134,"hi,gu",gu,"food_market,beach_quiet,adventure_cycle",none,vision,INR,7963.77,INR,relaxed,2026-08-18T10:00:00+05:30
prf_20a7ec21,usr_2109396c,"zh,hi",hi,"religious_ghats,beach_active,adventure_air,heritage_ruins,wildlife_sanctuary",vegan,,SGD,39780.06,SGD,packed,2026-08-18T10:00:00+05:30
prf_5638267d,usr_f4dd99d0,"ta,te",te,"food_fine,heritage_ruins,religious_ghats",,,INR,2566.30,INR,packed,2026-08-18T10:00:00+05:30
prf_2accbdcf,usr_12f95c97,te,te,"heritage_fort,adventure_air,food_street,museum_science,nightlife_live",,,INR,7343.65,INR,packed,2026-08-18T10:00:00+05:30
prf_6bd8fa3f,usr_f9f499ba,"en-IN,hi",en-IN,"wildlife_birding,food_street,museum_art,heritage_fort,nightlife_live",,,CHF,6483.19,CHF,packed,2026-08-18T10:00:00+05:30
prf_09c8d247,usr_e5bfa6cd,"ml,ta",ml,"heritage_ruins,wildlife_safari",jain,,INR,2766.33,INR,relaxed,2026-08-18T10:00:00+05:30
prf_4a73f441,usr_7e89b5af,en-IN,,"food_market,food_fine,food_cooking",,,QAR,36820.31,QAR,relaxed,2026-08-18T10:00:00+05:30
prf_28fb8fe8,usr_55b114d5,hi,hi,"food_street,food_cooking,nature_desert,shopping_craft",halal,,INR,2339.39,INR,relaxed,2026-08-18T10:00:00+05:30
prf_8022ee63,usr_160064ff,en-IN,en-IN,"wildlife_sanctuary,nature_hill,beach_active,religious_ghats,wellness_yoga",jain,,AED,5568.51,AED,packed,2026-08-18T10:00:00+05:30
prf_66b3c9ac,usr_3337c89a,"gu,bn",gu,"shopping_mall,museum_art,nightlife_bar,food_street,religious_pilgrim",,step_free,INR,23038.67,INR,packed,2026-08-18T10:00:00+05:30
prf_7bd87b9e,usr_228f37bd,"en-IN,mr",mr,"nightlife_bar,wildlife_safari",,,INR,4986.74,INR,relaxed,2026-08-18T10:00:00+05:30
prf_46c6ae6c,usr_9d32306d,bn,bn,"wellness_yoga,wildlife_birding,adventure_cycle",jain,,INR,39766.28,INR,balanced,2026-08-18T10:00:00+05:30
prf_8ff61555,usr_5dc5530b,en-IN,en-IN,"wellness_ayur,nature_waterfall,museum_art,wildlife_safari",vegan,none,THB,5423.75,THB,relaxed,2026-08-18T10:00:00+05:30
prf_9f05ba6c,usr_a34cea35,hi,hi,"beach_quiet,nature_lake,religious_ghats,food_market,adventure_cycle",vegan,,INR,11685.86,INR,packed,2026-08-18T10:00:00+05:30
prf_71f52ef1,usr_d5dfb8d0,en-IN,en-IN,"museum_art,nightlife_bar,heritage_fort",,,INR,4336.04,INR,relaxed,2026-08-18T10:00:00+05:30
prf_91016c18,usr_84774d71,id,id,"heritage_stepwell,heritage_ruins,heritage_fort",vegetarian,,IDR,10959.43,IDR,relaxed,2026-08-18T10:00:00+05:30
prf_3394332e,usr_e5682ff0,"hi,pa",hi,"nightlife_bar,museum_art,food_fine,nightlife_live",vegetarian,vision,INR,40082.01,INR,packed,2026-08-18T10:00:00+05:30
prf_347a46da,usr_13fe39d3,en-IN,en-IN,"beach_active,nature_hill,wildlife_sanctuary,wellness_yoga",vegetarian,none,INR,,,relaxed,2026-08-18T10:00:00+05:30
prf_f03a302f,usr_d791a7c3,or,or,"wildlife_sanctuary,nature_garden,wellness_ayur,shopping_craft,wildlife_safari",none,none,INR,8771.50,INR,relaxed,2026-08-18T10:00:00+05:30
prf_7aba7af0,usr_50bcfb30,"en-IN,pa",pa,"wildlife_sanctuary,nightlife_live",,none,INR,,,relaxed,2026-08-18T10:00:00+05:30
prf_0153a995,usr_25c3664e,"en-IN,hi",hi,"wildlife_sanctuary,museum_history",,,INR,2967.86,INR,relaxed,2026-08-18T10:00:00+05:30
prf_906be3ff,usr_1549bc70,"en-IN,pa",pa,"food_market,adventure_air,religious_ghats,nightlife_bar,heritage_ruins",vegan,,INR,44821.34,INR,balanced,2026-08-18T10:00:00+05:30
prf_6ea7a358,usr_6c522c49,ta,ta,"food_fine,shopping_mall,heritage_ruins,beach_quiet",,,INR,21191.79,INR,balanced,2026-08-18T10:00:00+05:30
prf_edd95dc0,usr_32a5a217,"ta,bn",ta,"museum_science,food_cooking,food_fine,nature_hill,nature_lake",,none,INR,4304.63,INR,balanced,2026-08-18T10:00:00+05:30
prf_483243a3,usr_5d24ab68,en-IN,en-IN,"nightlife_bar,wildlife_birding",jain,none,INR,5647.88,INR,packed,2026-08-18T10:00:00+05:30
prf_94f8e718,usr_8ad38493,"en-IN,ml",en-IN,"museum_science,heritage_temple,heritage_ruins,heritage_stepwell,nature_garden",jain,,INR,2320.13,INR,balanced,2026-08-18T10:00:00+05:30
prf_08c15dfb,usr_34d33978,"as,bn",as,"wellness_ayur,adventure_air,heritage_temple",jain,,INR,43791.76,INR,packed,2026-08-18T10:00:00+05:30
prf_8f4f7d69,usr_e6863416,en-IN,en-IN,"wellness_ayur,museum_art,shopping_mall,shopping_bazaar,nature_hill",vegan,,INR,2478.63,INR,packed,2026-08-18T10:00:00+05:30
prf_bf373dc3,usr_28c5ee24,"si,pa",,"wildlife_safari,nature_desert,food_market,nature_garden,shopping_bazaar",,,LKR,,,balanced,2026-08-18T10:00:00+05:30
prf_80a923e4,usr_29fdaeb0,"en-IN,hi",en-IN,"heritage_temple,wildlife_sanctuary,shopping_bazaar",halal,,INR,3249.60,INR,packed,2026-08-18T10:00:00+05:30
prf_8c97d688,usr_4cbf6de6,"mr,te",mr,"wellness_yoga,adventure_water",vegetarian,,INR,28655.73,INR,balanced,2026-08-18T10:00:00+05:30
prf_986f980e,usr_9181bfe3,en-IN,en-IN,"shopping_craft,adventure_cycle,nature_garden",vegan,,AED,42320.34,AED,relaxed,2026-08-18T10:00:00+05:30
prf_2efd5284,usr_25edafe5,ta,ta,"shopping_mall,food_cooking",none,,INR,11308.16,INR,packed,2026-08-18T10:00:00+05:30
prf_f7a9fc69,usr_6524acb4,"te,kn",,"nature_hill,adventure_cycle,food_fine",,,INR,11101.60,INR,packed,2026-08-18T10:00:00+05:30
prf_17207e4b,usr_0b483652,en-IN,en-IN,"food_cooking,wellness_yoga,heritage_temple,food_fine",vegan,,INR,10854.97,INR,balanced,2026-08-18T10:00:00+05:30
prf_379c32cc,usr_74ed32ff,ml,ml,"food_cooking,nature_lake,adventure_water,wellness_ayur,adventure_cycle",halal,,INR,38555.54,INR,relaxed,2026-08-18T10:00:00+05:30
prf_ecfdfc38,usr_492b38ba,"en-IN,gu",en-IN,"food_fine,museum_science,adventure_air,wildlife_safari,adventure_water",,vision,INR,32532.01,INR,relaxed,2026-08-18T10:00:00+05:30
prf_4e12d883,usr_ed450342,"en-IN,hi",hi,"adventure_trek,beach_active",vegetarian,,INR,4445.70,INR,balanced,2026-08-18T10:00:00+05:30
prf_f9392cef,usr_973048cc,"en-IN,hi",,"heritage_ruins,shopping_bazaar",,none,INR,18405.26,INR,packed,2026-08-18T10:00:00+05:30
prf_c6d01c52,usr_7b4006b0,"en-IN,hi",hi,"museum_art,heritage_stepwell,wildlife_birding,museum_history,heritage_temple",,step_free,LKR,4455.76,LKR,balanced,2026-08-18T10:00:00+05:30
prf_bdf314f5,usr_9cb9eedc,"gu,hi",hi,"wildlife_birding,museum_history,museum_science,heritage_temple,nature_waterfall",vegetarian,,INR,2320.77,INR,relaxed,2026-08-18T10:00:00+05:30
prf_454e9dc4,usr_45175b03,bn,bn,"wellness_yoga,nature_waterfall,nature_desert",jain,vision,INR,22406.33,INR,relaxed,2026-08-18T10:00:00+05:30
prf_be4144a5,usr_7ad82b11,"en-IN,mr",en-IN,"wellness_ayur,nightlife_bar,nature_desert",halal,,INR,3169.10,INR,balanced,2026-08-18T10:00:00+05:30
prf_e186dc3d,usr_5638f607,"en-IN,ta",ta,"nature_hill,religious_pilgrim,museum_history,nightlife_live,adventure_trek",,,NPR,23352.26,NPR,balanced,2026-08-18T10:00:00+05:30
prf_21a5787b,usr_dda4d3ca,en-IN,en-IN,"heritage_temple,heritage_ruins,heritage_stepwell",jain,,AED,,,relaxed,2026-08-18T10:00:00+05:30
prf_10e1423c,usr_5f22c672,en-IN,,"adventure_cycle,adventure_air,heritage_temple,beach_active,food_market",,none,THB,2957.39,THB,balanced,2026-08-18T10:00:00+05:30
prf_9ad8cf27,usr_63f4e9fd,"en-IN,te",en-IN,"wellness_ayur,nature_lake,shopping_mall,shopping_craft,beach_active",jain,,INR,14838.54,INR,relaxed,2026-08-18T10:00:00+05:30
prf_da43efb8,usr_824b14a8,"mr,kn",mr,"adventure_water,religious_ghats",,,INR,17144.62,INR,balanced,2026-08-18T10:00:00+05:30
prf_0ced7a33,usr_3728a760,"en-IN,mr",mr,"beach_quiet,nature_waterfall,food_cooking,wellness_yoga",jain,,INR,3206.46,INR,balanced,2026-08-18T10:00:00+05:30
prf_0517ab5e,usr_dc1bd238,"en-IN,ta",en-IN,"beach_quiet,food_market,museum_history,nature_waterfall,nightlife_live",vegan,vision,INR,4732.33,INR,packed,2026-08-18T10:00:00+05:30
prf_4daca27e,usr_96700977,mr,mr,"religious_pilgrim,museum_history,nightlife_live,adventure_air,museum_art",vegan,hearing,INR,36432.28,INR,packed,2026-08-18T10:00:00+05:30
prf_b7728936,usr_d6801dce,"mr,en-IN",en-IN,"food_street,shopping_mall",vegan,,INR,,,packed,2026-08-18T10:00:00+05:30
prf_bac3cd4f,usr_fecd2601,"kn,en-IN",kn,"wildlife_sanctuary,heritage_stepwell,food_fine,wellness_ayur,shopping_bazaar",jain,,INR,40957.50,INR,relaxed,2026-08-18T10:00:00+05:30
prf_8bd3597c,usr_8b2eabd4,or,or,"wildlife_sanctuary,heritage_stepwell,food_cooking",jain,,INR,,,packed,2026-08-18T10:00:00+05:30
prf_49d2db24,usr_4e0c977f,"en-IN,te",te,"nature_desert,nightlife_bar,religious_pilgrim",,,INR,,,packed,2026-08-18T10:00:00+05:30
prf_0216b677,usr_70139660,ml,ml,"nature_lake,adventure_water",jain,,INR,31275.70,INR,balanced,2026-08-18T10:00:00+05:30
prf_bba2d086,usr_893bfbd9,"en-IN,te",en-IN,"nature_desert,nature_lake,beach_active",,,INR,,,packed,2026-08-18T10:00:00+05:30
prf_8b9ab4ff,usr_f4863900,"ar,en-IN",ar,"wildlife_safari,museum_science,religious_ghats,nature_hill",,none,MVR,17501.80,MVR,relaxed,2026-08-18T10:00:00+05:30
prf_9f82594c,usr_b07d9d74,en-IN,en-IN,"adventure_water,adventure_air",,none,INR,17398.23,INR,balanced,2026-08-18T10:00:00+05:30
prf_114810b8,usr_2808d36a,ml,ml,"beach_quiet,food_fine",halal,,INR,10626.20,INR,packed,2026-08-18T10:00:00+05:30
prf_282139bd,usr_21525b93,"gu,ta",ta,"heritage_stepwell,beach_active,wildlife_birding,nature_waterfall",vegan,,INR,2907.80,INR,balanced,2026-08-18T10:00:00+05:30
prf_d2eeb410,usr_e27e3b52,"en-IN,te",en-IN,"food_street,beach_quiet,food_market,wildlife_sanctuary",vegan,,INR,28072.97,INR,packed,2026-08-18T10:00:00+05:30
prf_41f909c4,usr_ab81846d,"en-IN,pa",,"religious_pilgrim,museum_art",none,,INR,2469.97,INR,relaxed,2026-08-18T10:00:00+05:30
prf_8d617ea2,usr_f4958790,hi,hi,"adventure_air,wellness_ayur,food_fine,wildlife_birding",none,,INR,9956.50,INR,packed,2026-08-18T10:00:00+05:30
prf_0b3a3b1f,usr_99bd0088,"te,en-IN",te,"food_street,food_cooking",,,INR,7705.69,INR,relaxed,2026-08-18T10:00:00+05:30
prf_c4f956a4,usr_33525c0b,en-IN,en-IN,"religious_ghats,heritage_stepwell",,,INR,4178.13,INR,packed,2026-08-18T10:00:00+05:30
prf_476e6051,usr_e94f06ca,"en-IN,ml",en-IN,"adventure_water,shopping_craft,adventure_cycle",none,,INR,9174.84,INR,packed,2026-08-18T10:00:00+05:30
prf_8351e09c,usr_def0c99e,"en-IN,hi",hi,"adventure_trek,nightlife_bar",jain,,INR,9825.70,INR,balanced,2026-08-18T10:00:00+05:30
prf_f54b692e,usr_24d10368,"en-IN,hi",,"shopping_craft,nature_desert,museum_history,shopping_bazaar",halal,,INR,31291.72,INR,packed,2026-08-18T10:00:00+05:30
prf_afb8b67b,usr_4db9e8d2,"pa,hi",pa,"adventure_cycle,wildlife_safari,museum_art",jain,,INR,19926.23,INR,packed,2026-08-18T10:00:00+05:30
prf_3809d895,usr_8eeb2813,en-IN,,"heritage_temple,nature_desert",,,NPR,,,relaxed,2026-08-18T10:00:00+05:30
prf_860def15,usr_3c2f4109,en-IN,en-IN,"heritage_fort,museum_history,food_street,museum_science",jain,,MYR,8975.76,MYR,packed,2026-08-18T10:00:00+05:30
prf_e3fcaa9f,usr_47d7ab5a,"hi,te",,"heritage_fort,religious_pilgrim,wellness_yoga,nightlife_live,adventure_water",vegetarian,,INR,2690.25,INR,packed,2026-08-18T10:00:00+05:30
prf_3487e170,usr_2cca82b7,"en-IN,bn",bn,"heritage_fort,wildlife_birding",vegan,,INR,8871.42,INR,relaxed,2026-08-18T10:00:00+05:30
prf_ef1c2b02,usr_bc9d20fa,as,as,"adventure_cycle,wellness_ayur",vegan,,INR,20504.36,INR,relaxed,2026-08-18T10:00:00+05:30
prf_ae34e351,usr_1b14f56c,ne,ne,"heritage_fort,adventure_air,nightlife_bar",vegetarian,,NPR,28444.35,NPR,balanced,2026-08-18T10:00:00+05:30
prf_9cb0ef89,usr_30d3a722,"hi,ta",,"heritage_stepwell,nature_lake",,,INR,8955.62,INR,packed,2026-08-18T10:00:00+05:30
prf_ff725882,usr_7b03ee88,"mr,bn",bn,"nightlife_live,wildlife_birding,nature_desert",vegan,,INR,4481.16,INR,balanced,2026-08-18T10:00:00+05:30
prf_40b16e1e,usr_81005fa8,"ml,te",ml,"heritage_fort,food_fine,nature_desert,shopping_bazaar",jain,,INR,,,balanced,2026-08-18T10:00:00+05:30
prf_b99948d9,usr_9976417a,en-IN,en-IN,"wellness_ayur,heritage_ruins",jain,,LKR,2358.84,LKR,balanced,2026-08-18T10:00:00+05:30
prf_b60c1dc1,usr_5f1e6e1c,en-IN,,"food_street,museum_history,wildlife_safari",,,INR,22247.41,INR,packed,2026-08-18T10:00:00+05:30
prf_bd519019,usr_a0980823,en-IN,en-IN,"heritage_fort,nightlife_bar,beach_quiet",vegetarian,,INR,33541.69,INR,relaxed,2026-08-18T10:00:00+05:30
prf_c577cf1e,usr_9ae694ba,en-IN,en-IN,"heritage_stepwell,shopping_bazaar,nature_waterfall,museum_history,beach_quiet",,,INR,8916.99,INR,relaxed,2026-08-18T10:00:00+05:30
prf_4fe04e16,usr_949a215d,en-IN,en-IN,"adventure_air,nature_garden,nightlife_bar",halal,,INR,33147.24,INR,relaxed,2026-08-18T10:00:00+05:30
prf_65d15662,usr_6479c45c,en-IN,en-IN,"beach_active,museum_science,nature_desert,food_fine,nightlife_bar",,,INR,7904.36,INR,balanced,2026-08-18T10:00:00+05:30
prf_a97bec07,usr_6d4dd52b,"ml,te",te,"shopping_bazaar,heritage_stepwell",jain,step_free,INR,2608.21,INR,balanced,2026-08-18T10:00:00+05:30
prf_aa478945,usr_0f45cfd7,"zh,kn",zh,"food_fine,museum_science",none,vision,SGD,33944.51,SGD,relaxed,2026-08-18T10:00:00+05:30
prf_adb8ed77,usr_af17aeaa,zh,zh,"religious_ghats,nature_lake,heritage_fort,wildlife_sanctuary,nightlife_live",vegan,,SGD,11683.13,SGD,relaxed,2026-08-18T10:00:00+05:30
prf_1729008e,usr_107ab982,"en-IN,ml",ml,"heritage_temple,religious_pilgrim,heritage_fort",halal,none,IDR,34523.03,IDR,relaxed,2026-08-18T10:00:00+05:30
prf_a04a5e9f,usr_3b70ae01,"ml,te",te,"wellness_yoga,heritage_stepwell",vegan,,INR,18774.55,INR,balanced,2026-08-18T10:00:00+05:30
prf_524dfb90,usr_9b51aca1,en-IN,en-IN,"wildlife_safari,adventure_water,religious_ghats,food_cooking",none,vision,INR,,,balanced,2026-08-18T10:00:00+05:30
prf_f20d39dc,usr_62a77a41,or,or,"religious_ghats,nature_desert,nature_lake,nature_waterfall",halal,,INR,8975.71,INR,relaxed,2026-08-18T10:00:00+05:30
prf_f1ec5df4,usr_02d5e350,ne,ne,"wildlife_sanctuary,food_market,shopping_mall,shopping_craft,wildlife_birding",jain,,NPR,2636.60,NPR,relaxed,2026-08-18T10:00:00+05:30
prf_608af4da,usr_21fe0c1f,"en-IN,gu",,"nature_waterfall,nature_hill,museum_science,beach_quiet,wellness_ayur",,,INR,2429.93,INR,packed,2026-08-18T10:00:00+05:30
prf_cf6617e6,usr_17bacb4e,"en-IN,gu",gu,"wildlife_birding,religious_pilgrim,museum_history,food_cooking,museum_science",,vision,INR,3190.79,INR,packed,2026-08-18T10:00:00+05:30
prf_c4f67eec,usr_d0eb273a,si,si,"shopping_craft,food_market",vegetarian,,LKR,,,packed,2026-08-18T10:00:00+05:30
prf_9cca5c1b,usr_33605887,en-IN,en-IN,"museum_art,food_fine",,,INR,8713.84,INR,balanced,2026-08-18T10:00:00+05:30
prf_64e27653,usr_e68afc30,hi,hi,"nature_lake,heritage_stepwell,wellness_ayur,nature_hill",halal,,INR,2735.39,INR,packed,2026-08-18T10:00:00+05:30
prf_fb8bc48a,usr_866a8f33,"hi,te",hi,"religious_ghats,museum_science,food_market,nightlife_live",jain,,INR,2161.35,INR,relaxed,2026-08-18T10:00:00+05:30
prf_4da78fb0,usr_0dc99bd5,hi,hi,"wildlife_sanctuary,wellness_ayur,nature_lake,nature_waterfall,food_cooking",vegetarian,,INR,5235.15,INR,balanced,2026-08-18T10:00:00+05:30
prf_dd018ea8,usr_5d83e59a,"en-IN,ta",en-IN,"heritage_temple,adventure_water,beach_active,nature_desert,wellness_ayur",jain,,CHF,3224.56,CHF,relaxed,2026-08-18T10:00:00+05:30
prf_015737a9,usr_840ca16a,"kn,gu",gu,"religious_ghats,wellness_ayur,shopping_bazaar",vegetarian,hearing,INR,15772.60,INR,packed,2026-08-18T10:00:00+05:30
prf_1366d62b,usr_e7b2dd09,bn,,"food_street,wellness_yoga,nature_garden,food_cooking,adventure_trek",vegetarian,,INR,4367.72,INR,packed,2026-08-18T10:00:00+05:30
prf_c3339070,usr_c221a5aa,en-IN,en-IN,"shopping_mall,wildlife_safari,nightlife_bar,museum_science,religious_ghats",,,NPR,3173.15,NPR,packed,2026-08-18T10:00:00+05:30
prf_52cd0fa5,usr_c799c956,"en-IN,gu",gu,"food_fine,food_market,adventure_water,wellness_yoga",,,INR,11146.05,INR,packed,2026-08-18T10:00:00+05:30
prf_da6c4d2a,usr_3038e2f7,en-IN,en-IN,"nature_desert,shopping_craft,nature_hill,beach_quiet",jain,,INR,42043.10,INR,packed,2026-08-18T10:00:00+05:30
prf_d2877d0c,usr_9f0b9e31,ta,ta,"beach_quiet,museum_art,museum_science,wildlife_safari,nature_hill",,,INR,,,packed,2026-08-18T10:00:00+05:30
prf_cad89c2a,usr_d032c2ca,de,,"religious_ghats,heritage_temple,heritage_fort,shopping_craft,beach_quiet",none,,CHF,2808.64,CHF,balanced,2026-08-18T10:00:00+05:30
prf_80710525,usr_8d2c2759,ml,ml,"museum_science,museum_art,nature_lake,wildlife_safari,nightlife_bar",halal,,INR,,,balanced,2026-08-18T10:00:00+05:30
prf_e4c7cae6,usr_944d1a1b,en-IN,en-IN,"heritage_temple,heritage_fort,heritage_ruins",jain,,INR,5830.88,INR,balanced,2026-08-18T10:00:00+05:30
prf_968e3213,usr_8d937b9e,en-IN,en-IN,"nature_desert,museum_science",jain,,INR,2072.07,INR,packed,2026-08-18T10:00:00+05:30
prf_39e5c9d8,usr_be4ecc52,"en-IN,gu",en-IN,"nightlife_live,beach_quiet,nature_waterfall,wildlife_safari",,vision,INR,41020.66,INR,relaxed,2026-08-18T10:00:00+05:30
prf_5cf3faae,usr_8e500227,"en-IN,gu",gu,"heritage_stepwell,food_fine,nightlife_bar,nature_desert",,,INR,8312.57,INR,balanced,2026-08-18T10:00:00+05:30
prf_ffb92072,usr_e5fe70f7,"en-IN,ml",en-IN,"heritage_temple,shopping_mall",halal,,AED,4538.43,AED,balanced,2026-08-18T10:00:00+05:30
prf_b1b58858,usr_05fc06c6,"en-IN,ta",,"food_street,heritage_stepwell,wellness_ayur,heritage_fort",jain,vision,INR,,,relaxed,2026-08-18T10:00:00+05:30
prf_0fcb36c2,usr_96e3c90b,ml,,"heritage_temple,shopping_craft",,,INR,10201.38,INR,relaxed,2026-08-18T10:00:00+05:30
prf_7277592d,usr_6f51331a,zh,zh,"heritage_fort,shopping_mall,adventure_cycle,adventure_trek,heritage_temple",jain,,SGD,2566.16,SGD,balanced,2026-08-18T10:00:00+05:30
prf_8eb2ce24,usr_025837df,or,or,"nightlife_bar,heritage_temple,wellness_yoga",vegetarian,,INR,,,relaxed,2026-08-18T10:00:00+05:30
prf_900eb5bd,usr_4f00071d,"en-IN,ml",,"museum_art,museum_science",vegan,,QAR,22261.94,QAR,packed,2026-08-18T10:00:00+05:30
prf_bbb00b69,usr_4b816f33,"hi,mr",hi,"food_cooking,food_market,adventure_trek",,,INR,2301.68,INR,relaxed,2026-08-18T10:00:00+05:30
prf_9a6a9a1e,usr_5b31e64c,"en-IN,hi",,"museum_science,shopping_bazaar,museum_history",halal,,INR,18075.29,INR,relaxed,2026-08-18T10:00:00+05:30
prf_a979dea4,usr_db93de1b,hi,hi,"nature_waterfall,adventure_cycle,museum_science,shopping_mall,food_market",,,INR,3220.70,INR,balanced,2026-08-18T10:00:00+05:30
prf_be4c4038,usr_b1a4b433,en-IN,en-IN,"museum_science,nature_desert",halal,,INR,8789.11,INR,balanced,2026-08-18T10:00:00+05:30
prf_79a44664,usr_d1506bce,"en-IN,kn",en-IN,"heritage_temple,heritage_ruins,religious_ghats,food_market",jain,hearing,INR,20641.88,INR,balanced,2026-08-18T10:00:00+05:30
prf_b606f35c,usr_1c5908a5,"en-IN,gu",gu,"shopping_bazaar,heritage_stepwell",,,INR,6158.87,INR,relaxed,2026-08-18T10:00:00+05:30
prf_8c97133e,usr_e4f15778,"en-IN,ta",,"nightlife_live,beach_quiet,shopping_bazaar",vegan,,NPR,11105.48,NPR,balanced,2026-08-18T10:00:00+05:30
prf_abcef14b,usr_be1c9458,"mr,pa",,"nightlife_live,wildlife_sanctuary",vegetarian,,INR,7526.90,INR,balanced,2026-08-18T10:00:00+05:30
prf_7c9cf266,usr_96127429,hi,hi,"food_fine,shopping_mall,adventure_water,nature_hill,nature_garden",vegan,,INR,15226.43,INR,packed,2026-08-18T10:00:00+05:30
prf_30b4db26,usr_858c4559,en-IN,en-IN,"nightlife_bar,food_street,nature_desert,museum_art",,,INR,6291.59,INR,balanced,2026-08-18T10:00:00+05:30
prf_0080ad3c,usr_99adb626,"or,gu",gu,"heritage_ruins,shopping_craft,wellness_yoga",halal,step_free,INR,8042.38,INR,balanced,2026-08-18T10:00:00+05:30
prf_14ba1394,usr_90951caf,ne,ne,"heritage_ruins,museum_science",vegetarian,,INR,42377.36,INR,relaxed,2026-08-18T10:00:00+05:30
prf_ca4e8d3b,usr_b4b6a1a5,en-IN,en-IN,"heritage_temple,beach_quiet,religious_ghats,museum_science",,hearing,INR,39122.03,INR,relaxed,2026-08-18T10:00:00+05:30
prf_efa49ce5,usr_0b77be24,id,id,"adventure_air,religious_pilgrim,food_cooking,beach_active",halal,,IDR,45128.16,IDR,packed,2026-08-18T10:00:00+05:30
prf_03d6fb91,usr_5f5edf0f,"en-IN,te",en-IN,"adventure_cycle,shopping_craft",jain,,INR,,,packed,2026-08-18T10:00:00+05:30
prf_4cc6d9d9,usr_a2ad776f,"en-IN,bn",bn,"wildlife_safari,shopping_craft,adventure_water,nature_desert",vegetarian,,INR,3018.51,INR,relaxed,2026-08-18T10:00:00+05:30
prf_fa5fefbf,usr_41431693,en-IN,en-IN,"nature_waterfall,shopping_bazaar,shopping_mall,nature_desert,museum_science",,,NPR,,,relaxed,2026-08-18T10:00:00+05:30
prf_fb3304af,usr_4d83499f,"en-IN,kn",en-IN,"religious_ghats,wildlife_birding",vegetarian,hearing,INR,,,balanced,2026-08-18T10:00:00+05:30
prf_098b38a0,usr_643a1ad9,en-IN,en-IN,"nature_desert,adventure_water,food_street",,,INR,2288.40,INR,balanced,2026-08-18T10:00:00+05:30
prf_bf870d37,usr_64eaee79,"en-IN,pa",pa,"heritage_ruins,food_market,shopping_mall,museum_art,nature_garden",,none,INR,5088.91,INR,relaxed,2026-08-18T10:00:00+05:30
prf_4998a41f,usr_c010ce3c,ur,ur,"adventure_trek,adventure_cycle,heritage_stepwell",,,INR,35758.47,INR,relaxed,2026-08-18T10:00:00+05:30
prf_6fa323da,usr_d4404e2c,"or,ml",,"wildlife_birding,religious_pilgrim,heritage_temple,museum_science,food_fine",jain,none,INR,4304.00,INR,relaxed,2026-08-18T10:00:00+05:30
prf_3dad2e2b,usr_71852a92,en-IN,,"heritage_stepwell,religious_pilgrim,food_fine",none,,INR,2951.29,INR,packed,2026-08-18T10:00:00+05:30
prf_94b5e798,usr_247f37bf,"en-IN,gu",,"religious_pilgrim,nature_hill,adventure_trek,religious_ghats",vegan,none,INR,10537.01,INR,balanced,2026-08-18T10:00:00+05:30
prf_3d897b3d,usr_9c28ee85,"en-IN,bn",,"nature_garden,museum_art,museum_history,food_fine",,,INR,8187.28,INR,packed,2026-08-18T10:00:00+05:30
prf_bbde651c,usr_8eb4e3e7,mr,,"heritage_stepwell,heritage_fort",vegan,,INR,,,balanced,2026-08-18T10:00:00+05:30
prf_9408f187,usr_394de344,"zh,ml",ml,"religious_pilgrim,nature_garden,museum_history,food_market,nature_hill",halal,,SGD,11536.06,SGD,packed,2026-08-18T10:00:00+05:30
prf_9ff04d31,usr_67de0711,"ml,gu",gu,"heritage_fort,nature_garden,nature_waterfall,beach_quiet,nature_lake",vegetarian,,INR,3130.81,INR,balanced,2026-08-18T10:00:00+05:30
prf_4968b412,usr_ecb18174,hi,hi,"museum_history,beach_quiet,museum_science,nature_lake",none,,INR,,,balanced,2026-08-18T10:00:00+05:30
prf_38ecbe33,usr_c4dc3602,"mr,kn",,"shopping_mall,nature_waterfall",vegetarian,,INR,22450.27,INR,relaxed,2026-08-18T10:00:00+05:30
prf_f09a33bf,usr_cb58a9e1,"en-IN,ml",en-IN,"nature_hill,nature_desert",vegan,,INR,,,packed,2026-08-18T10:00:00+05:30
prf_eff80376,usr_9ae9cbcb,en-IN,en-IN,"heritage_stepwell,food_market,wellness_yoga",,,QAR,8971.31,QAR,packed,2026-08-18T10:00:00+05:30
prf_c72acfbf,usr_ea269383,en-IN,en-IN,"food_street,food_market",jain,,INR,,,packed,2026-08-18T10:00:00+05:30
prf_a45d0a5c,usr_22a5c239,ne,ne,"nature_desert,wildlife_safari",halal,,NPR,36011.94,NPR,balanced,2026-08-18T10:00:00+05:30
prf_b8638cd2,usr_6fe2485d,"en-IN,kn",en-IN,"food_fine,wildlife_sanctuary,nature_hill,adventure_air",,vision,AED,5760.05,AED,balanced,2026-08-18T10:00:00+05:30
prf_ef785fff,usr_c6accd8f,en-IN,,"heritage_fort,nightlife_live,nature_desert,food_fine,beach_active",none,none,INR,4168.14,INR,packed,2026-08-18T10:00:00+05:30
prf_75eeaa0f,usr_32856f40,hi,hi,"nature_garden,religious_pilgrim",vegan,step_free,INR,9088.38,INR,packed,2026-08-18T10:00:00+05:30
prf_e1886adf,usr_0021edc6,hi,hi,"nightlife_live,nightlife_bar,museum_art,adventure_water",jain,,INR,6203.93,INR,packed,2026-08-18T10:00:00+05:30
prf_fae22b0e,usr_a8b27631,"id,ml",id,"beach_quiet,adventure_cycle,nightlife_live,food_fine,religious_pilgrim",halal,vision,IDR,10445.31,IDR,packed,2026-08-18T10:00:00+05:30
prf_2799c8d0,usr_d9d2bfaa,en-IN,en-IN,"adventure_trek,shopping_craft,heritage_temple",,,NPR,16832.40,NPR,packed,2026-08-18T10:00:00+05:30
prf_b4f048c6,usr_fe13fe0f,"te,pa",,"food_cooking,beach_quiet,nature_lake,museum_history",jain,step_free,INR,31880.42,INR,balanced,2026-08-18T10:00:00+05:30
prf_9e00cac8,usr_c9f09bba,hi,,"food_fine,nature_waterfall,heritage_stepwell,heritage_fort,heritage_ruins",halal,,INR,8520.13,INR,relaxed,2026-08-18T10:00:00+05:30
prf_e6d73b1d,usr_3e6ed8be,"en-IN,hi",en-IN,"wellness_ayur,beach_quiet,nature_lake,wildlife_sanctuary",vegetarian,,NPR,17203.36,NPR,balanced,2026-08-18T10:00:00+05:30
prf_721c605e,usr_bedf358a,en-IN,,"nightlife_live,nature_waterfall,nightlife_bar",,,INR,6245.46,INR,relaxed,2026-08-18T10:00:00+05:30
prf_a61e6ea9,usr_7ff5c9a5,en-IN,en-IN,"food_street,wildlife_safari,food_market",jain,,INR,30941.10,INR,packed,2026-08-18T10:00:00+05:30
prf_41822044,usr_6498a0a8,en-IN,en-IN,"museum_science,nature_garden",vegetarian,none,INR,2441.19,INR,packed,2026-08-18T10:00:00+05:30
prf_33934ef7,usr_48ec046f,en-IN,en-IN,"wildlife_birding,food_fine,adventure_cycle,beach_active",,,INR,4285.23,INR,balanced,2026-08-18T10:00:00+05:30
prf_d49c1835,usr_48a549df,"hi,en-IN",,"adventure_trek,nightlife_bar,shopping_bazaar,museum_art",,,INR,,,packed,2026-08-18T10:00:00+05:30
prf_eca5b218,usr_8020be6b,en-IN,en-IN,"food_cooking,beach_active",halal,,INR,20721.60,INR,relaxed,2026-08-18T10:00:00+05:30
prf_ef3d3761,usr_3e1b3843,en-IN,en-IN,"adventure_air,wildlife_birding,adventure_trek,museum_art",halal,vision,INR,8236.41,INR,balanced,2026-08-18T10:00:00+05:30
prf_1aff86e6,usr_65b43f7e,en-IN,en-IN,"shopping_bazaar,heritage_ruins,nature_hill,wellness_ayur",,,INR,,,relaxed,2026-08-18T10:00:00+05:30
prf_5b2f9eb6,usr_8ff59c1a,en-IN,,"heritage_stepwell,religious_ghats,adventure_trek",,hearing,INR,4745.69,INR,packed,2026-08-18T10:00:00+05:30
prf_9fdbb28b,usr_a36d3b50,en-IN,en-IN,"adventure_air,nature_hill,adventure_cycle",none,,INR,29014.07,INR,relaxed,2026-08-18T10:00:00+05:30
prf_92f717fa,usr_11c77a9c,"en-IN,gu",gu,"nature_waterfall,nature_lake,food_fine,religious_pilgrim,wildlife_sanctuary",,none,BTN,4982.64,BTN,packed,2026-08-18T10:00:00+05:30
prf_2848a433,usr_4efab0b7,gu,gu,"heritage_fort,nightlife_bar,shopping_craft,nature_lake,adventure_air",vegan,vision,INR,4785.19,INR,packed,2026-08-18T10:00:00+05:30
prf_02494977,usr_b678aa48,"en-IN,gu",gu,"beach_quiet,nature_hill,nature_desert,wildlife_safari,wildlife_sanctuary",vegan,,INR,4176.96,INR,packed,2026-08-18T10:00:00+05:30
prf_defc237a,usr_5c20b1bf,"ml,te",te,"wellness_yoga,adventure_air,food_street",,hearing,INR,2227.60,INR,packed,2026-08-18T10:00:00+05:30
prf_14275376,usr_4e8e3f6d,en-IN,,"religious_ghats,food_fine",jain,,JPY,35535.95,JPY,relaxed,2026-08-18T10:00:00+05:30
prf_f83b49e1,usr_61ab0eaf,"en-IN,kn",kn,"adventure_cycle,wellness_yoga,nature_lake,religious_ghats",halal,,INR,7352.33,INR,packed,2026-08-18T10:00:00+05:30
prf_c814df62,usr_e47b6104,en-IN,,"beach_active,heritage_temple,food_cooking,nightlife_live",,,INR,5976.46,INR,packed,2026-08-18T10:00:00+05:30
prf_8e3ca3b0,usr_48a9da2b,"en-IN,ml",,"nature_waterfall,wellness_ayur",,,IDR,2242.12,IDR,balanced,2026-08-18T10:00:00+05:30
prf_c9a3b92d,usr_d06b6075,"en-IN,ml",en-IN,"beach_quiet,religious_pilgrim",vegan,vision,INR,2413.92,INR,balanced,2026-08-18T10:00:00+05:30
prf_a1b009d0,usr_57798fdb,"en-IN,pa",,"wildlife_safari,wildlife_birding,religious_pilgrim",none,,INR,4655.07,INR,balanced,2026-08-18T10:00:00+05:30
prf_9038f291,usr_db9c91fe,"en-IN,gu",en-IN,"heritage_fort,food_cooking",,,LKR,2128.95,LKR,balanced,2026-08-18T10:00:00+05:30
prf_f579042c,usr_bc4b67f6,ta,ta,"nature_hill,beach_active,adventure_trek,nature_waterfall,shopping_mall",vegan,step_free,INR,14642.78,INR,packed,2026-08-18T10:00:00+05:30
prf_638d122c,usr_5f3244b4,en-IN,en-IN,"nature_hill,nature_lake,wildlife_safari",,,INR,5821.57,INR,balanced,2026-08-18T10:00:00+05:30
prf_1fa26c48,usr_63d19d4c,en-IN,,"nature_garden,food_street,heritage_temple,beach_active",vegan,,INR,2090.51,INR,packed,2026-08-18T10:00:00+05:30
prf_9fc7c493,usr_ee5c9717,mr,,"beach_active,wellness_ayur,nature_hill,nightlife_bar",halal,step_free,INR,,,relaxed,2026-08-18T10:00:00+05:30
prf_8c5325fd,usr_a015811e,"ar,en-IN",,"nature_lake,heritage_stepwell",,none,QAR,33113.99,QAR,balanced,2026-08-18T10:00:00+05:30
prf_eaa353f7,usr_6dd7fb46,ml,,"museum_science,wellness_ayur",vegetarian,step_free,INR,14934.67,INR,balanced,2026-08-18T10:00:00+05:30
prf_e1f0aad2,usr_ba8453d8,"en-IN,gu",,"nature_desert,adventure_cycle,beach_quiet,nightlife_live,food_fine",vegan,vision,INR,30976.29,INR,balanced,2026-08-18T10:00:00+05:30
prf_2edd1f76,usr_9dee989f,hi,hi,"wildlife_sanctuary,heritage_temple,beach_active,nightlife_live",vegetarian,step_free,INR,2987.94,INR,balanced,2026-08-18T10:00:00+05:30
prf_31fccde6,usr_81cc2de0,en-IN,en-IN,"wildlife_birding,museum_history,nightlife_live",halal,,INR,,,relaxed,2026-08-18T10:00:00+05:30
prf_f5b08c3c,usr_67ff2106,"en-IN,bn",bn,"wellness_yoga,museum_art",,,INR,10407.62,INR,relaxed,2026-08-18T10:00:00+05:30
prf_f13dee3c,usr_9474016b,en-IN,en-IN,"adventure_air,religious_pilgrim,nature_waterfall,shopping_craft,museum_art",,,INR,31309.09,INR,packed,2026-08-18T10:00:00+05:30
prf_cb0b0077,usr_cb5d7788,"en-IN,kn",,"food_cooking,religious_ghats,shopping_craft,museum_art,museum_science",,none,INR,5111.83,INR,packed,2026-08-18T10:00:00+05:30
prf_a56617bc,usr_b27d9336,"en-IN,te",en-IN,"adventure_trek,museum_science",,,INR,8664.62,INR,balanced,2026-08-18T10:00:00+05:30
prf_eef73dd0,usr_2433031a,"en-IN,gu",gu,"wildlife_birding,wellness_yoga,museum_art,religious_ghats",halal,none,AED,41514.20,AED,relaxed,2026-08-18T10:00:00+05:30
prf_d0a2e101,usr_758134b1,en-IN,en-IN,"food_street,nature_garden,food_cooking,museum_science,nature_hill",jain,,LKR,,,packed,2026-08-18T10:00:00+05:30
prf_1ef305cb,usr_9a715a19,"bn,ta",,"wildlife_safari,nightlife_bar,nature_hill,shopping_bazaar",jain,,INR,4788.37,INR,relaxed,2026-08-18T10:00:00+05:30
prf_98573a09,usr_e5c87ca2,"ar,en-IN",en-IN,"food_cooking,museum_art,nature_hill,museum_history",,,MVR,2379.70,MVR,relaxed,2026-08-18T10:00:00+05:30
prf_155bdbd6,usr_2881e5be,"en-IN,pa",en-IN,"nature_desert,beach_active",,hearing,INR,6203.08,INR,relaxed,2026-08-18T10:00:00+05:30
prf_66f367e3,usr_78513cd2,gu,gu,"nature_desert,museum_history,heritage_temple,nature_hill,nature_garden",jain,,INR,2861.48,INR,packed,2026-08-18T10:00:00+05:30
prf_88cff916,usr_27d59335,"ml,ta",,"shopping_bazaar,nature_garden,nightlife_live,food_street,food_fine",vegetarian,vision,INR,,,relaxed,2026-08-18T10:00:00+05:30
prf_25703c51,usr_bcc051ad,"hi,mr",mr,"wellness_ayur,adventure_trek",,hearing,INR,37754.90,INR,balanced,2026-08-18T10:00:00+05:30
prf_cd86dabf,usr_d8a9b9b3,"en-IN,ta",ta,"museum_science,heritage_stepwell,nature_desert,heritage_ruins",jain,,INR,2049.24,INR,balanced,2026-08-18T10:00:00+05:30
prf_3e934f92,usr_2e38cf37,"en-IN,pa",en-IN,"wildlife_sanctuary,nature_lake,shopping_craft,religious_pilgrim",jain,,BTN,2724.49,BTN,balanced,2026-08-18T10:00:00+05:30
prf_eff96d66,usr_63d6db20,"ta,kn",kn,"shopping_craft,beach_active,heritage_temple",vegan,,INR,28323.75,INR,balanced,2026-08-18T10:00:00+05:30
prf_5fa17909,usr_de0e4344,"ml,ta",ta,"wildlife_safari,heritage_fort,shopping_craft,museum_science,shopping_mall",none,step_free,INR,,,balanced,2026-08-18T10:00:00+05:30
prf_d4521441,usr_95bee04e,"en-IN,hi",hi,"nature_hill,food_market",vegan,hearing,BTN,10956.88,BTN,packed,2026-08-18T10:00:00+05:30
prf_6ffe836b,usr_0389057b,hi,hi,"religious_pilgrim,adventure_water",,step_free,INR,,,packed,2026-08-18T10:00:00+05:30
prf_336fc5c7,usr_bac1ae76,"en-IN,pa",pa,"nature_desert,food_market,adventure_trek",none,vision,INR,29832.97,INR,relaxed,2026-08-18T10:00:00+05:30
prf_4244ee48,usr_a9e888d0,"en-IN,mr",mr,"nightlife_live,adventure_cycle,heritage_temple,adventure_trek,heritage_fort",vegan,,INR,33308.13,INR,relaxed,2026-08-18T10:00:00+05:30
prf_10f2a41c,usr_51275e79,"ml,te",,"beach_active,heritage_ruins,heritage_stepwell",halal,step_free,INR,2395.29,INR,balanced,2026-08-18T10:00:00+05:30
prf_c10cf81c,usr_8f241d83,"en-IN,bn",,"museum_art,adventure_trek,religious_pilgrim,shopping_mall",none,,INR,3072.12,INR,balanced,2026-08-18T10:00:00+05:30
prf_88ca24c1,usr_acd89323,"mr,pa",,"adventure_cycle,adventure_air",none,vision,INR,9749.00,INR,balanced,2026-08-18T10:00:00+05:30
prf_c3f4fa48,usr_d5cd5550,en-IN,,"beach_quiet,wildlife_sanctuary,shopping_craft,wildlife_birding",vegetarian,none,INR,4040.30,INR,balanced,2026-08-18T10:00:00+05:30
prf_5d6aeee0,usr_ab2353de,ta,,"wildlife_birding,nature_hill,beach_quiet,nature_lake",,,INR,,,packed,2026-08-18T10:00:00+05:30
prf_759c7222,usr_bf4b6b58,ur,ur,"wellness_ayur,food_street",jain,,INR,23104.26,INR,packed,2026-08-18T10:00:00+05:30
prf_01bccf40,usr_428c2df2,ja,ja,"religious_pilgrim,adventure_cycle,wildlife_safari",vegan,,JPY,35384.95,JPY,relaxed,2026-08-18T10:00:00+05:30
prf_3b63191b,usr_9694b4a3,"en-IN,mr",en-IN,"wildlife_safari,food_cooking,shopping_bazaar,food_fine,nightlife_bar",none,none,INR,,,relaxed,2026-08-18T10:00:00+05:30
prf_9ee1f664,usr_53cbafa7,"ne,hi",,"nature_waterfall,adventure_cycle,shopping_mall,nature_desert,beach_quiet",,hearing,BTN,21936.48,BTN,balanced,2026-08-18T10:00:00+05:30
prf_82684ad8,usr_0e5a0620,mr,mr,"adventure_air,heritage_fort,heritage_stepwell",,,INR,8562.21,INR,balanced,2026-08-18T10:00:00+05:30
prf_40a989b6,usr_57890fbe,"en-IN,ta",,"nightlife_bar,wildlife_sanctuary",halal,,IDR,20931.29,IDR,packed,2026-08-18T10:00:00+05:30
prf_e1342696,usr_243cefe8,"kn,ml",kn,"religious_ghats,wellness_yoga,nature_garden,museum_science",halal,,INR,7439.21,INR,balanced,2026-08-18T10:00:00+05:30
prf_91f47cdd,usr_4be86d73,"en-IN,bn",,"wildlife_birding,religious_ghats,adventure_trek,beach_quiet",jain,,INR,35285.50,INR,relaxed,2026-08-18T10:00:00+05:30
prf_655e29d2,usr_b11d6d2c,hi,,"adventure_air,heritage_ruins",jain,none,INR,7611.44,INR,balanced,2026-08-18T10:00:00+05:30
prf_61f64e31,usr_7a1346e6,"en-IN,mr",en-IN,"museum_history,heritage_stepwell,nature_garden,religious_pilgrim,religious_ghats",jain,,INR,4679.30,INR,relaxed,2026-08-18T10:00:00+05:30
prf_279a24e3,usr_2182a4d3,hi,hi,"beach_quiet,shopping_bazaar,food_street,food_market,religious_pilgrim",,step_free,INR,4155.60,INR,balanced,2026-08-18T10:00:00+05:30
prf_2a7aa2bf,usr_86b17c0e,"ne,te",ne,"wellness_ayur,shopping_mall",,,INR,,,balanced,2026-08-18T10:00:00+05:30
prf_3f6eff06,usr_e572b881,"en-IN,ml",en-IN,"wildlife_safari,adventure_water,wildlife_sanctuary",,,INR,3234.53,INR,packed,2026-08-18T10:00:00+05:30
prf_f2b7d04a,usr_895960e2,en-IN,,"adventure_trek,nightlife_live,heritage_temple,shopping_craft,religious_ghats",halal,,INR,37007.86,INR,balanced,2026-08-18T10:00:00+05:30
prf_7b6cde9a,usr_7f9533ad,en-IN,,"nature_hill,food_street,adventure_air",vegetarian,,IDR,6282.07,IDR,relaxed,2026-08-18T10:00:00+05:30
prf_a9e739ec,usr_e2ca58e8,bn,bn,"shopping_craft,food_street,adventure_water,nightlife_live",vegetarian,,INR,23310.67,INR,relaxed,2026-08-18T10:00:00+05:30
prf_400b1b64,usr_90afe18c,"ta,mr",ta,"nature_lake,nature_hill,wellness_ayur",,,INR,7715.94,INR,packed,2026-08-18T10:00:00+05:30
prf_526adfcb,usr_e4376908,de,,"nature_lake,heritage_fort,food_market,heritage_stepwell",vegan,vision,CHF,3213.78,CHF,balanced,2026-08-18T10:00:00+05:30
prf_041bafbb,usr_88f95d02,te,te,"religious_pilgrim,adventure_water,wellness_ayur",,,INR,5798.24,INR,relaxed,2026-08-18T10:00:00+05:30
prf_c85b76e7,usr_4a53ac63,"en-IN,ta",ta,"heritage_fort,adventure_trek,museum_science",vegan,,INR,16090.73,INR,relaxed,2026-08-18T10:00:00+05:30
prf_157fae6e,usr_9d604e2e,"ta,hi",hi,"religious_pilgrim,heritage_temple",halal,,INR,,,relaxed,2026-08-18T10:00:00+05:30
prf_27e6c887,usr_beed67f9,"hi,mr",hi,"shopping_mall,adventure_water,wildlife_birding",,step_free,INR,29506.13,INR,relaxed,2026-08-18T10:00:00+05:30
prf_689e6cab,usr_753b19f4,"hi,ml",ml,"museum_history,heritage_temple",,,INR,33090.94,INR,packed,2026-08-18T10:00:00+05:30
prf_bdce3068,usr_62c799b9,ml,,"nature_hill,wellness_yoga,heritage_fort",vegetarian,step_free,INR,14962.41,INR,balanced,2026-08-18T10:00:00+05:30
prf_482c7de8,usr_76043d79,"en-IN,hi",hi,"wildlife_birding,beach_active,wildlife_safari,shopping_craft,nature_lake",vegetarian,,INR,10534.10,INR,relaxed,2026-08-18T10:00:00+05:30
prf_7498cf1c,usr_96a8d3c5,"en-IN,te",,"heritage_temple,nature_hill,food_cooking,nightlife_bar",vegetarian,hearing,NPR,17270.31,NPR,balanced,2026-08-18T10:00:00+05:30
prf_18d085cb,usr_51381bca,en-IN,en-IN,"heritage_ruins,wildlife_birding,museum_art,adventure_trek,religious_pilgrim",vegetarian,,INR,2775.88,INR,balanced,2026-08-18T10:00:00+05:30
prf_095be867,usr_100f9b9a,"en-IN,kn",kn,"adventure_air,nightlife_live,adventure_trek,religious_pilgrim,nature_waterfall",halal,,INR,6190.58,INR,relaxed,2026-08-18T10:00:00+05:30
prf_6feb93d2,usr_f0fa5dd4,"pa,en-IN",en-IN,"heritage_temple,wellness_yoga,museum_science,heritage_fort",jain,none,INR,,,relaxed,2026-08-18T10:00:00+05:30
prf_c7ffa8a3,usr_22dddcab,en-IN,en-IN,"shopping_bazaar,museum_art,nature_hill,food_street",none,vision,SGD,15484.85,SGD,balanced,2026-08-18T10:00:00+05:30
prf_858be5fd,usr_13971676,"en-IN,gu",en-IN,"wellness_yoga,religious_ghats,shopping_bazaar,wellness_ayur",,,INR,8700.87,INR,balanced,2026-08-18T10:00:00+05:30
prf_cd37d007,usr_31078309,kn,kn,"nature_hill,museum_history,heritage_fort",,vision,INR,5674.65,INR,relaxed,2026-08-18T10:00:00+05:30
prf_8a9280a9,usr_1af66a73,en-IN,en-IN,"wildlife_safari,nature_lake,wildlife_birding,wildlife_sanctuary,heritage_fort",halal,hearing,INR,18465.72,INR,relaxed,2026-08-18T10:00:00+05:30
prf_05ee4520,usr_07f03d4c,"ta,ml",,"religious_pilgrim,wellness_ayur,religious_ghats,shopping_mall",,,INR,22925.31,INR,balanced,2026-08-18T10:00:00+05:30
prf_dbff45c5,usr_0b0894aa,ne,ne,"wildlife_sanctuary,beach_quiet,adventure_water",vegetarian,vision,NPR,4016.11,NPR,relaxed,2026-08-18T10:00:00+05:30
prf_10655fe3,usr_050830ac,en-IN,en-IN,"adventure_water,heritage_stepwell,museum_science,shopping_bazaar,nature_lake",,,INR,39611.12,INR,relaxed,2026-08-18T10:00:00+05:30
prf_00fde846,usr_01834f7c,"kn,gu",kn,"nightlife_bar,wellness_yoga,museum_science",,,INR,3063.60,INR,balanced,2026-08-18T10:00:00+05:30
prf_77e7091c,usr_638c6951,"hi,te",te,"food_fine,religious_ghats",,,INR,5911.36,INR,packed,2026-08-18T10:00:00+05:30
prf_12f5f542,usr_172e9767,si,si,"adventure_air,food_cooking,heritage_ruins,beach_active",,,LKR,5288.96,LKR,packed,2026-08-18T10:00:00+05:30
prf_27f1a18f,usr_3a36b154,"en-IN,hi",en-IN,"food_fine,heritage_ruins,museum_art",jain,,INR,,,relaxed,2026-08-18T10:00:00+05:30
prf_c695f8a5,usr_037c5821,en-IN,en-IN,"wellness_ayur,wildlife_safari,nightlife_live,adventure_air,food_street",,,INR,2425.80,INR,relaxed,2026-08-18T10:00:00+05:30
prf_90d39e8a,usr_566318ac,"mr,ml",mr,"adventure_air,wildlife_birding",jain,,INR,10888.92,INR,packed,2026-08-18T10:00:00+05:30
prf_cbcecbdd,usr_4794cd34,mr,mr,"adventure_air,museum_history",vegetarian,,INR,10975.11,INR,packed,2026-08-18T10:00:00+05:30
prf_418150b6,usr_a370271a,"en-IN,ta",en-IN,"adventure_air,beach_quiet,wildlife_sanctuary,nature_waterfall,nature_hill",halal,hearing,INR,5939.93,INR,packed,2026-08-18T10:00:00+05:30
prf_b8a2118d,usr_72796feb,"en-IN,kn",en-IN,"religious_pilgrim,food_fine,nature_waterfall",vegetarian,,INR,,,packed,2026-08-18T10:00:00+05:30
prf_a9bb041a,usr_991a1e29,ml,,"beach_quiet,adventure_cycle,nightlife_bar",jain,,INR,9017.84,INR,balanced,2026-08-18T10:00:00+05:30
prf_2adb10b4,usr_e3e0cd9d,"en-IN,pa",,"museum_art,food_street,heritage_stepwell,heritage_fort",,,INR,5035.15,INR,packed,2026-08-18T10:00:00+05:30
prf_59c4bd3a,usr_6c5b2519,en-IN,en-IN,"religious_pilgrim,nature_hill,shopping_mall,adventure_water,shopping_bazaar",vegan,none,THB,15965.78,THB,balanced,2026-08-18T10:00:00+05:30
prf_505d3b47,usr_8fb432fb,or,,"nightlife_live,museum_history,nature_desert,heritage_stepwell,heritage_temple",,,INR,42219.19,INR,relaxed,2026-08-18T10:00:00+05:30
prf_7ea6f2ff,usr_5d8450f0,"en-IN,kn",kn,"religious_pilgrim,nature_waterfall,wildlife_safari",vegetarian,,INR,,,packed,2026-08-18T10:00:00+05:30
prf_420d9a29,usr_664c590c,"en-IN,pa",en-IN,"beach_quiet,nightlife_bar,museum_science,beach_active,food_fine",jain,step_free,INR,4315.43,INR,balanced,2026-08-18T10:00:00+05:30
prf_a91edf6c,usr_3dcfa8eb,en-IN,en-IN,"nature_desert,nature_hill,museum_art,adventure_cycle",,,INR,,,balanced,2026-08-18T10:00:00+05:30
prf_e1903902,usr_9a5cd9cf,en-IN,en-IN,"heritage_fort,food_market,food_fine,shopping_mall",,,INR,2559.94,INR,relaxed,2026-08-18T10:00:00+05:30
prf_51ca4c80,usr_7d446287,or,,"nightlife_live,religious_pilgrim,heritage_fort",vegetarian,,INR,38693.53,INR,packed,2026-08-18T10:00:00+05:30
prf_a4791f1e,usr_c0f6428b,en-IN,en-IN,"nature_hill,wildlife_sanctuary,shopping_bazaar",jain,,INR,9256.98,INR,packed,2026-08-18T10:00:00+05:30
prf_5c9f9cc6,usr_cbdc0a06,hi,hi,"religious_pilgrim,museum_history",jain,step_free,INR,10529.81,INR,packed,2026-08-18T10:00:00+05:30
prf_311d30e3,usr_18260fc4,hi,,"nature_garden,nature_waterfall",halal,none,INR,22529.46,INR,balanced,2026-08-18T10:00:00+05:30
prf_51f2e8fe,usr_0f11ccce,en-IN,en-IN,"wellness_yoga,heritage_temple,wellness_ayur",jain,,LKR,18886.04,LKR,packed,2026-08-18T10:00:00+05:30
prf_e715fb03,usr_0eb7982c,en-IN,en-IN,"food_fine,food_market,heritage_ruins,adventure_air,nightlife_bar",vegetarian,,INR,20818.35,INR,relaxed,2026-08-18T10:00:00+05:30
prf_2db588a7,usr_d504f21d,en-IN,en-IN,"shopping_craft,nightlife_bar,adventure_air,adventure_water,food_street",vegan,step_free,INR,,,packed,2026-08-18T10:00:00+05:30
prf_1bda46b8,usr_6ec8f18d,"en-IN,ta",,"nature_garden,religious_ghats,nature_hill,beach_active,food_market",halal,,SGD,,,relaxed,2026-08-18T10:00:00+05:30
prf_a875478f,usr_8559137d,ne,ne,"heritage_temple,nature_lake,food_cooking,heritage_fort",,,BTN,,,packed,2026-08-18T10:00:00+05:30
prf_9e6dd1ad,usr_49544c26,"en-IN,kn",kn,"food_cooking,museum_art,religious_ghats",,,THB,2254.98,THB,packed,2026-08-18T10:00:00+05:30
prf_29caca46,usr_d7bc2e8d,ar,ar,"wildlife_sanctuary,food_street,shopping_bazaar,heritage_stepwell",vegetarian,,MVR,,,balanced,2026-08-18T10:00:00+05:30
prf_2a747de2,usr_377ed035,"en-IN,te",en-IN,"adventure_air,shopping_bazaar",none,vision,INR,2488.48,INR,balanced,2026-08-18T10:00:00+05:30
prf_454b5c3a,usr_aef2d4f6,en-IN,en-IN,"wildlife_birding,nature_waterfall",vegan,,INR,6405.09,INR,packed,2026-08-18T10:00:00+05:30
prf_e0bd7663,usr_7fa0a9c6,"hi,mr",mr,"shopping_craft,nightlife_live,heritage_fort,food_street,adventure_water",halal,,INR,2486.95,INR,packed,2026-08-18T10:00:00+05:30
prf_71230fec,usr_ba25cb52,en-IN,en-IN,"adventure_cycle,shopping_mall,shopping_craft",,,INR,15156.60,INR,balanced,2026-08-18T10:00:00+05:30
prf_3ecaa2f6,usr_677ff5f6,ml,ml,"food_market,heritage_temple",vegetarian,,INR,5338.06,INR,relaxed,2026-08-18T10:00:00+05:30
prf_95d650a3,usr_a352fc16,"en-IN,ml",ml,"adventure_cycle,shopping_craft,beach_quiet,wellness_yoga,religious_ghats",,,CHF,6468.99,CHF,balanced,2026-08-18T10:00:00+05:30
prf_7d6c6788,usr_e851fdeb,en-IN,en-IN,"shopping_craft,heritage_stepwell,nature_hill,wildlife_safari,museum_art",vegetarian,hearing,INR,3195.26,INR,relaxed,2026-08-18T10:00:00+05:30
prf_251a6080,usr_e95757cb,"en-IN,bn",,"religious_ghats,nature_desert",none,,INR,,,balanced,2026-08-18T10:00:00+05:30
prf_3c01a293,usr_98301d37,or,or,"wildlife_sanctuary,nature_lake",halal,,INR,9541.55,INR,relaxed,2026-08-18T10:00:00+05:30
prf_d5950e1c,usr_a25f0129,"ta,te",,"religious_ghats,heritage_ruins",jain,,INR,3104.15,INR,packed,2026-08-18T10:00:00+05:30
prf_c8dbd9ec,usr_6e20f92e,ml,,"wildlife_sanctuary,religious_ghats",vegetarian,,INR,10110.91,INR,balanced,2026-08-18T10:00:00+05:30
prf_3c10ead5,usr_ea479c41,"hi,kn",,"wellness_yoga,wellness_ayur,food_street",,,INR,10155.62,INR,relaxed,2026-08-18T10:00:00+05:30
prf_9761082d,usr_0c1ce238,"en-IN,mr",en-IN,"wellness_yoga,museum_art,wellness_ayur,nature_waterfall,nightlife_live",vegan,,INR,,,packed,2026-08-18T10:00:00+05:30
prf_0ccb5511,usr_c4f13dce,si,si,"religious_ghats,nature_desert,museum_science,heritage_temple",none,,LKR,19777.12,LKR,balanced,2026-08-18T10:00:00+05:30
prf_3c76bd87,usr_03965504,"en-IN,gu",en-IN,"food_market,food_cooking,museum_science,food_fine",,,THB,5357.27,THB,packed,2026-08-18T10:00:00+05:30
prf_297e972c,usr_cf6d7fc2,en-IN,en-IN,"food_market,wellness_yoga",,none,INR,4593.48,INR,packed,2026-08-18T10:00:00+05:30
prf_4bf26daa,usr_3f4f4c52,ta,ta,"museum_history,nightlife_live,beach_quiet,wildlife_birding,adventure_air",vegetarian,,INR,30648.85,INR,relaxed,2026-08-18T10:00:00+05:30
prf_128b31ba,usr_ae35e63d,"hi,pa",,"nature_waterfall,shopping_bazaar,religious_pilgrim",,,INR,38387.06,INR,packed,2026-08-18T10:00:00+05:30
prf_1ea41971,usr_e1f3dfbc,"en-IN,te",en-IN,"museum_science,heritage_stepwell,wellness_yoga",halal,,QAR,8517.23,QAR,relaxed,2026-08-18T10:00:00+05:30
prf_84fd5f07,usr_2209582f,"en-IN,hi",en-IN,"food_street,nature_hill,food_market",vegetarian,none,INR,11100.07,INR,balanced,2026-08-18T10:00:00+05:30
prf_0c33c734,usr_985ca955,hi,hi,"food_market,food_street,adventure_water,adventure_trek",none,,INR,22673.46,INR,balanced,2026-08-18T10:00:00+05:30
prf_613a0853,usr_98ca8444,bn,bn,"wellness_ayur,heritage_temple,nature_garden",halal,,INR,2748.65,INR,balanced,2026-08-18T10:00:00+05:30
prf_5242eaaa,usr_b4a877b0,"en-IN,te",te,"religious_pilgrim,food_market,museum_science,museum_history",,,INR,14978.01,INR,packed,2026-08-18T10:00:00+05:30
prf_ac85af7b,usr_3349b18a,hi,hi,"religious_pilgrim,adventure_trek,shopping_bazaar,religious_ghats",,,INR,,,packed,2026-08-18T10:00:00+05:30
prf_c784efbe,usr_81dbf021,"ne,gu",ne,"shopping_craft,heritage_fort,adventure_air,food_street",jain,,NPR,4198.49,NPR,packed,2026-08-18T10:00:00+05:30
prf_21eb8886,usr_ad8b46f0,"en-IN,hi",,"beach_active,heritage_fort",halal,,INR,8663.02,INR,balanced,2026-08-18T10:00:00+05:30
prf_ecb05bf1,usr_b8d03703,as,as,"heritage_fort,religious_pilgrim,food_street,nature_hill",jain,,INR,2707.70,INR,relaxed,2026-08-18T10:00:00+05:30
prf_892e4bae,usr_856079e2,"hi,te",hi,"wellness_ayur,shopping_mall",,vision,INR,2811.18,INR,balanced,2026-08-18T10:00:00+05:30
prf_390ea3cf,usr_d5abc35a,id,,"museum_science,religious_pilgrim,museum_art,nature_garden,food_fine",halal,,IDR,15677.56,IDR,balanced,2026-08-18T10:00:00+05:30
prf_7c6d6865,usr_7e340c2a,en-IN,en-IN,"shopping_mall,museum_art,religious_ghats",halal,,INR,18672.55,INR,packed,2026-08-18T10:00:00+05:30
prf_d38de18d,usr_9e65154f,ml,ml,"wildlife_birding,heritage_temple,museum_science,nature_garden,nightlife_bar",vegan,,INR,30414.30,INR,relaxed,2026-08-18T10:00:00+05:30
prf_ce20b607,usr_ce9ee3ae,de,de,"wellness_yoga,museum_science,shopping_mall,food_market,nature_hill",none,step_free,CHF,44058.52,CHF,balanced,2026-08-18T10:00:00+05:30
prf_447a83a4,usr_68f38693,en-IN,en-IN,"heritage_fort,heritage_temple",,hearing,INR,11335.42,INR,balanced,2026-08-18T10:00:00+05:30
prf_79a5edcb,usr_5e289429,"kn,gu",kn,"adventure_air,shopping_bazaar,museum_history,adventure_cycle,beach_active",jain,hearing,INR,41752.97,INR,packed,2026-08-18T10:00:00+05:30
prf_0ede9ae9,usr_d8024b62,"hi,mr",mr,"nature_lake,food_fine",vegan,,INR,18947.53,INR,balanced,2026-08-18T10:00:00+05:30
prf_b169b4d9,usr_d89a661b,en-IN,en-IN,"food_market,wildlife_safari",halal,none,INR,32964.64,INR,balanced,2026-08-18T10:00:00+05:30
prf_5b37be90,usr_44604a9d,"ml,te",ml,"nature_hill,museum_art",,,INR,2823.28,INR,balanced,2026-08-18T10:00:00+05:30
prf_9600d1f9,usr_fc8fd348,en-IN,,"adventure_water,museum_art,adventure_trek,food_street,shopping_mall",,,INR,2861.86,INR,balanced,2026-08-18T10:00:00+05:30
prf_b71c59ae,usr_76ac5087,or,or,"museum_art,beach_quiet,heritage_stepwell,adventure_cycle",,,INR,14960.65,INR,packed,2026-08-18T10:00:00+05:30
prf_466be5eb,usr_ba066e60,en-IN,en-IN,"food_cooking,religious_ghats,nature_hill,beach_active,adventure_cycle",none,,INR,,,balanced,2026-08-18T10:00:00+05:30
prf_6850dfcd,usr_0160ad56,"en-IN,gu",gu,"nightlife_bar,food_cooking",jain,,INR,15114.62,INR,balanced,2026-08-18T10:00:00+05:30
prf_ee65ab62,usr_2b053270,en-IN,,"shopping_craft,religious_pilgrim",vegetarian,,INR,42362.05,INR,packed,2026-08-18T10:00:00+05:30
prf_269e67d7,usr_76c235d5,te,te,"religious_pilgrim,nature_hill,beach_quiet,heritage_ruins",jain,,INR,5908.90,INR,balanced,2026-08-18T10:00:00+05:30
prf_cf6aed22,usr_a6eaecde,en-IN,en-IN,"food_street,nightlife_bar,heritage_temple,wellness_yoga",vegan,,INR,,,packed,2026-08-18T10:00:00+05:30
prf_c1d37ab2,usr_8e51dcb0,"en-IN,gu",gu,"wildlife_safari,beach_quiet",vegetarian,none,INR,43188.24,INR,packed,2026-08-18T10:00:00+05:30
prf_b5f49a33,usr_cabd8a19,"kn,pa",kn,"adventure_air,heritage_stepwell,religious_ghats,museum_history,wildlife_birding",none,hearing,INR,2814.29,INR,relaxed,2026-08-18T10:00:00+05:30
prf_48f42dfa,usr_9b3b547f,"en-IN,ml",en-IN,"nightlife_bar,wildlife_safari,shopping_craft",vegetarian,vision,CHF,6078.99,CHF,packed,2026-08-18T10:00:00+05:30
prf_c79df6b6,usr_756ce6b3,"ur,te",ur,"shopping_craft,shopping_mall,heritage_stepwell,museum_history,food_street",halal,,INR,37059.46,INR,packed,2026-08-18T10:00:00+05:30
prf_b91ff982,usr_ba357566,"ne,ta",ne,"museum_history,food_cooking,heritage_fort,museum_science",,,NPR,5276.44,NPR,relaxed,2026-08-18T10:00:00+05:30
prf_eefae650,usr_d3cf0a5d,"ja,te",te,"nature_desert,adventure_trek,museum_history,wellness_yoga",,,JPY,,,packed,2026-08-18T10:00:00+05:30
prf_136e29e8,usr_23811da7,"en-IN,pa",,"wildlife_birding,heritage_stepwell",,,INR,2397.74,INR,balanced,2026-08-18T10:00:00+05:30
prf_ef3f35f2,usr_5aad8c95,"en-IN,pa",en-IN,"adventure_air,food_street,wildlife_safari,museum_art",halal,,INR,16831.41,INR,balanced,2026-08-18T10:00:00+05:30
prf_23ea42f3,usr_cc3e5793,hi,hi,"adventure_air,beach_quiet,wellness_yoga",,,INR,18865.44,INR,relaxed,2026-08-18T10:00:00+05:30
prf_8c5cb848,usr_cf744020,ml,ml,"heritage_ruins,adventure_cycle,food_market,nature_waterfall",vegan,,INR,21870.19,INR,relaxed,2026-08-18T10:00:00+05:30
prf_2363ac5b,usr_1239733b,"hi,bn",bn,"adventure_cycle,shopping_bazaar,food_street,adventure_trek",vegetarian,,INR,7221.23,INR,balanced,2026-08-18T10:00:00+05:30
prf_8c2d9c51,usr_ae377360,"en-IN,te",te,"food_street,beach_active",,,AED,21123.10,AED,balanced,2026-08-18T10:00:00+05:30
prf_7f9f2865,usr_60fd8d80,"hi,te",hi,"food_street,museum_science",,,INR,2361.65,INR,relaxed,2026-08-18T10:00:00+05:30
prf_e5a886a7,usr_ca5e9ab1,"ta,bn",ta,"food_street,nature_waterfall,heritage_fort",vegetarian,,INR,5239.77,INR,relaxed,2026-08-18T10:00:00+05:30
prf_00ac65b6,usr_5bfe40e4,en-IN,en-IN,"wildlife_sanctuary,wildlife_birding,food_cooking",,vision,INR,2996.89,INR,relaxed,2026-08-18T10:00:00+05:30
prf_405772e1,usr_76bba6d8,en-IN,en-IN,"nature_hill,nature_desert",,,INR,4023.23,INR,relaxed,2026-08-18T10:00:00+05:30
prf_3ab521d9,usr_268fdb85,"en-IN,pa",,"heritage_temple,adventure_trek,nightlife_live,adventure_air",vegetarian,,INR,16326.15,INR,packed,2026-08-18T10:00:00+05:30
prf_ca3056cd,usr_6b052f91,en-IN,en-IN,"heritage_stepwell,beach_active,adventure_trek,food_cooking,museum_history",,,INR,20565.89,INR,balanced,2026-08-18T10:00:00+05:30
prf_e587c955,usr_93d67c62,"kn,gu",kn,"religious_ghats,nightlife_live,nightlife_bar,religious_pilgrim,food_fine",,,INR,4129.79,INR,balanced,2026-08-18T10:00:00+05:30
prf_4d26575c,usr_9bf04990,"en-IN,mr",,"wildlife_sanctuary,museum_science",,vision,INR,22173.71,INR,balanced,2026-08-18T10:00:00+05:30
prf_eb6f053d,usr_b831f448,en-IN,en-IN,"beach_quiet,heritage_ruins,adventure_cycle,wildlife_birding,religious_ghats",vegetarian,,INR,11219.58,INR,relaxed,2026-08-18T10:00:00+05:30
prf_a95e3041,usr_fb725464,"gu,ta",,"food_street,nature_garden,heritage_stepwell,food_market",jain,none,INR,4003.27,INR,packed,2026-08-18T10:00:00+05:30
prf_c30d74fb,usr_6cdfb2c8,"en-IN,pa",en-IN,"nature_waterfall,nightlife_live,nature_desert,wellness_yoga",,,INR,11154.88,INR,balanced,2026-08-18T10:00:00+05:30
prf_cd4151e3,usr_705b95b7,ne,ne,"museum_history,adventure_cycle",vegetarian,,INR,19585.79,INR,balanced,2026-08-18T10:00:00+05:30
prf_b7b797f7,usr_52257a0a,ne,,"heritage_stepwell,shopping_bazaar,adventure_cycle,religious_ghats",vegan,,INR,4174.15,INR,balanced,2026-08-18T10:00:00+05:30
prf_bcd9643e,usr_7dc3ba48,"ar,ta",ta,"nature_garden,adventure_water",,,MVR,28533.03,MVR,packed,2026-08-18T10:00:00+05:30
prf_657c2b9a,usr_b50df034,ml,ml,"adventure_water,nightlife_bar,nature_waterfall,wildlife_sanctuary",halal,step_free,INR,19500.88,INR,relaxed,2026-08-18T10:00:00+05:30
prf_b838a2ed,usr_bc4a9809,as,,"food_street,religious_pilgrim,adventure_air",,,INR,11278.16,INR,balanced,2026-08-18T10:00:00+05:30
prf_44d3a27c,usr_0ae483ef,en-IN,en-IN,"religious_ghats,heritage_fort",,,INR,,,packed,2026-08-18T10:00:00+05:30
prf_031f5949,usr_fc3617c0,en-IN,,"nightlife_live,nature_lake,nature_garden",,step_free,THB,15837.95,THB,packed,2026-08-18T10:00:00+05:30
prf_26b048d6,usr_56e18e71,"ta,gu",,"shopping_mall,adventure_cycle,nature_waterfall,adventure_trek,beach_active",vegan,,INR,6050.57,INR,packed,2026-08-18T10:00:00+05:30
prf_f5f8bd6b,usr_4794174d,en-IN,en-IN,"adventure_water,adventure_cycle,religious_ghats,museum_history,nature_hill",none,,INR,,,packed,2026-08-18T10:00:00+05:30
prf_9706aaf7,usr_9c898903,en-IN,en-IN,"museum_history,nature_desert,nature_hill",none,,INR,,,packed,2026-08-18T10:00:00+05:30
prf_64bd76e0,usr_99f19167,"en-IN,ta",en-IN,"beach_active,wildlife_birding,heritage_temple,heritage_ruins,shopping_bazaar",,none,INR,,,packed,2026-08-18T10:00:00+05:30
prf_36a6d635,usr_d851b7b0,"en-IN,ml",,"heritage_temple,adventure_water,wildlife_birding",vegetarian,,THB,15394.22,THB,relaxed,2026-08-18T10:00:00+05:30
prf_c8b9368f,usr_326aed9f,en-IN,,"beach_active,nightlife_live,adventure_water,religious_ghats,adventure_trek",jain,,INR,8608.81,INR,balanced,2026-08-18T10:00:00+05:30
prf_e8c013b3,usr_7af1e427,"hi,ml",,"beach_active,heritage_stepwell,nightlife_live,heritage_ruins",,,INR,10259.15,INR,balanced,2026-08-18T10:00:00+05:30
prf_2e5ac502,usr_24f139e5,"kn,ta",ta,"museum_art,wildlife_sanctuary,adventure_cycle,heritage_temple,beach_quiet",halal,,INR,8434.70,INR,packed,2026-08-18T10:00:00+05:30
prf_649245da,usr_db178dbf,en-IN,,"heritage_fort,adventure_trek,adventure_water,religious_pilgrim,heritage_temple",jain,,NPR,20344.32,NPR,relaxed,2026-08-18T10:00:00+05:30
prf_e6f3c051,usr_ce09de03,de,de,"food_fine,museum_science",jain,,CHF,,,relaxed,2026-08-18T10:00:00+05:30
prf_e3dc5a21,usr_b58bed55,hi,hi,"museum_history,adventure_cycle",jain,,INR,10319.01,INR,relaxed,2026-08-18T10:00:00+05:30
prf_9a4a3366,usr_fbf7ac58,en-IN,en-IN,"nature_lake,religious_pilgrim,nightlife_live,museum_history",none,,INR,3095.76,INR,packed,2026-08-18T10:00:00+05:30
prf_90205465,usr_bf89afd1,"hi,ml",ml,"food_market,nightlife_bar,nature_waterfall,wildlife_sanctuary",,hearing,INR,6369.46,INR,balanced,2026-08-18T10:00:00+05:30
prf_a386f0d2,usr_4012e3f7,or,,"heritage_temple,adventure_air,beach_active,food_cooking,food_fine",vegan,step_free,INR,22528.87,INR,balanced,2026-08-18T10:00:00+05:30
prf_d479dfdf,usr_12ad5ebd,hi,hi,"religious_pilgrim,nature_garden,adventure_air",jain,,INR,11082.27,INR,balanced,2026-08-18T10:00:00+05:30
prf_355e57e4,usr_633c636b,en-IN,,"adventure_air,religious_pilgrim",,,INR,,,packed,2026-08-18T10:00:00+05:30
prf_1dcc6f64,usr_21162f66,"ta,kn",kn,"food_street,wildlife_birding",vegan,step_free,INR,,,balanced,2026-08-18T10:00:00+05:30
prf_e25d5bec,usr_c8de24ea,"en-IN,bn",bn,"shopping_bazaar,nature_desert",vegetarian,,MYR,6162.69,MYR,balanced,2026-08-18T10:00:00+05:30
prf_189a95c3,usr_569f1f22,ne,,"shopping_bazaar,beach_active",vegan,,NPR,4911.60,NPR,balanced,2026-08-18T10:00:00+05:30
prf_52abfc82,usr_bbacab51,en-IN,,"wellness_yoga,adventure_water,adventure_trek,beach_quiet",,,INR,,,relaxed,2026-08-18T10:00:00+05:30
prf_782aa44d,usr_a0f188fa,ta,ta,"wildlife_birding,nature_desert",jain,vision,INR,4221.17,INR,relaxed,2026-08-18T10:00:00+05:30
prf_519d3eda,usr_356f993d,hi,hi,"shopping_mall,nature_lake",none,,INR,15057.03,INR,relaxed,2026-08-18T10:00:00+05:30
prf_3e0a8e7a,usr_05d0be25,"en-IN,bn",en-IN,"wildlife_sanctuary,heritage_ruins,beach_active",vegan,,INR,34695.66,INR,balanced,2026-08-18T10:00:00+05:30
prf_7e4245f4,usr_c3040a68,"mr,kn",kn,"nature_waterfall,adventure_cycle",,,INR,,,balanced,2026-08-18T10:00:00+05:30
prf_c36e1b53,usr_51b72a64,"hi,bn",,"heritage_ruins,wildlife_sanctuary,wildlife_birding",jain,,INR,10571.16,INR,balanced,2026-08-18T10:00:00+05:30
prf_0180806c,usr_ab568dcf,"en-IN,gu",gu,"wildlife_sanctuary,shopping_craft,wildlife_safari,food_fine",jain,step_free,INR,30337.48,INR,balanced,2026-08-18T10:00:00+05:30
prf_2595e95a,usr_74e3ecb1,"th,ta",th,"nightlife_bar,heritage_stepwell",,,THB,5870.62,THB,packed,2026-08-18T10:00:00+05:30
prf_61b2fe88,usr_4420259c,"en-IN,hi",en-IN,"food_cooking,food_market,adventure_water,shopping_mall,adventure_trek",vegetarian,,INR,20160.89,INR,packed,2026-08-18T10:00:00+05:30
prf_653bc893,usr_1341ab66,"en-IN,te",en-IN,"religious_pilgrim,beach_active",none,,MYR,9087.49,MYR,packed,2026-08-18T10:00:00+05:30
prf_280ddf6f,usr_8af9206e,bn,bn,"adventure_cycle,nature_desert,beach_active,nature_garden",none,,INR,2256.15,INR,packed,2026-08-18T10:00:00+05:30
prf_05a3e2b8,usr_03f70025,"en-IN,te",en-IN,"food_fine,food_market",,step_free,INR,8473.67,INR,relaxed,2026-08-18T10:00:00+05:30
prf_59219f7f,usr_5e9a11a1,or,,"nature_lake,food_market,museum_history,adventure_water,museum_science",,step_free,INR,,,relaxed,2026-08-18T10:00:00+05:30
prf_288131cc,usr_b2a5bbd0,"ta,bn",ta,"food_market,nature_waterfall,museum_art,heritage_temple,wellness_yoga",none,,INR,5935.89,INR,packed,2026-08-18T10:00:00+05:30
prf_5e6d076f,usr_2b4223b2,en-IN,en-IN,"nature_hill,wellness_ayur,shopping_craft,adventure_air",jain,hearing,INR,21228.96,INR,balanced,2026-08-18T10:00:00+05:30
prf_cb7a2ad5,usr_f22b19db,"en-IN,kn",kn,"nature_garden,heritage_temple,adventure_water,wellness_ayur",,,INR,34779.90,INR,balanced,2026-08-18T10:00:00+05:30
prf_48826821,usr_13d8f6bd,en-IN,en-IN,"religious_pilgrim,shopping_bazaar",vegan,,INR,8415.51,INR,packed,2026-08-18T10:00:00+05:30
prf_04c97922,usr_aebfb5b6,"en-IN,te",en-IN,"nature_desert,food_market,adventure_trek",vegan,,INR,10017.58,INR,relaxed,2026-08-18T10:00:00+05:30
prf_c28353d1,usr_fd9d50a7,"en-IN,mr",,"wildlife_sanctuary,heritage_temple,shopping_craft,wildlife_safari,beach_active",vegan,,INR,2207.43,INR,packed,2026-08-18T10:00:00+05:30
prf_aa95407e,usr_c6cbfba5,"en-IN,ml",,"wildlife_safari,shopping_mall",,,INR,,,packed,2026-08-18T10:00:00+05:30
prf_1ceb4596,usr_78bb2d82,de,de,"wildlife_safari,wildlife_birding,religious_pilgrim",vegetarian,,CHF,23229.03,CHF,balanced,2026-08-18T10:00:00+05:30
prf_17cf0095,usr_399971ee,en-IN,en-IN,"food_street,religious_pilgrim,shopping_bazaar,heritage_fort,heritage_temple",,,INR,14958.83,INR,relaxed,2026-08-18T10:00:00+05:30
prf_e1e5d94b,usr_76c305e4,en-IN,,"food_street,heritage_temple",,vision,INR,8067.98,INR,packed,2026-08-18T10:00:00+05:30
prf_044316c3,usr_7da389be,"en-IN,hi",hi,"religious_pilgrim,wellness_ayur,heritage_fort",jain,,INR,,,packed,2026-08-18T10:00:00+05:30
prf_6956a2ea,usr_dab475d1,en-IN,en-IN,"wildlife_birding,food_cooking,wildlife_safari,heritage_temple",halal,vision,INR,41715.52,INR,balanced,2026-08-18T10:00:00+05:30
prf_3515fb0b,usr_4bed9c81,"ta,bn",bn,"nature_lake,heritage_temple,beach_quiet,heritage_stepwell",,,INR,23016.45,INR,balanced,2026-08-18T10:00:00+05:30
prf_2f8ebce3,usr_4c4dd666,en-IN,en-IN,"wellness_ayur,museum_science,food_fine",,,INR,20513.16,INR,relaxed,2026-08-18T10:00:00+05:30
prf_40bb7104,usr_ab3f6d18,"ta,hi",ta,"food_market,wildlife_sanctuary,heritage_stepwell,heritage_ruins,wellness_ayur",jain,none,INR,6166.42,INR,packed,2026-08-18T10:00:00+05:30
prf_f4a9b9d7,usr_5f8330c4,"ta,gu",gu,"wildlife_birding,food_cooking,heritage_temple,nightlife_live,beach_active",,,INR,8967.45,INR,balanced,2026-08-18T10:00:00+05:30
prf_0b920764,usr_e1ee0c13,"en-IN,bn",en-IN,"shopping_bazaar,beach_quiet,wildlife_sanctuary",jain,,AED,18249.34,AED,packed,2026-08-18T10:00:00+05:30
