media_id,hotel_id,room_type_id,media_role,file_path,alt_text,width_px,height_px,sort_order,updated_at
hmd_6081ac09,htl_06d140bd,,hero,media/hotels/htl_06d140bd/hero.jpg,"Hero view at Villa Mahal Resort, Jaipur",1600,1067,0,2026-08-18T10:00:00+05:30
hmd_e2a10723,htl_06d140bd,,exterior,media/hotels/htl_06d140bd/exterior.jpg,"Exterior view at Villa Mahal Resort, Jaipur",1600,1067,1,2026-08-18T10:00:00+05:30
hmd_1fa82428,htl_06d140bd,,lobby,media/hotels/htl_06d140bd/lobby.jpg,"Lobby view at Villa Mahal Resort, Jaipur",1600,1067,2,2026-08-18T10:00:00+05:30
hmd_00b58fa7,htl_06d140bd,rmt_79ee35e1,room,media/hotels/htl_06d140bd/room.jpg,"Room view at Villa Mahal Resort, Jaipur",1600,1067,3,2026-08-18T10:00:00+05:30
hmd_f753d8b2,htl_06d140bd,,dining,media/hotels/htl_06d140bd/dining.jpg,"Dining view at Villa Mahal Resort, Jaipur",1600,1067,4,2026-08-18T10:00:00+05:30
hmd_c74b5da8,htl_d8608c0c,,hero,media/hotels/htl_d8608c0c/hero.jpg,"Hero view at Hillview Regency Suites, Jaipur",1600,1067,0,2026-08-18T10:00:00+05:30
hmd_65681646,htl_d8608c0c,,exterior,media/hotels/htl_d8608c0c/exterior.jpg,"Exterior view at Hillview Regency Suites, Jaipur",1600,1067,1,2026-08-18T10:00:00+05:30
hmd_5a77e5c6,htl_d8608c0c,,lobby,media/hotels/htl_d8608c0c/lobby.jpg,"Lobby view at Hillview Regency Suites, Jaipur",1600,1067,2,2026-08-18T10:00:00+05:30
hmd_461210da,htl_d8608c0c,rmt_02c452c7,room,media/hotels/htl_d8608c0c/room.jpg,"Room view at Hillview Regency Suites, Jaipur",1600,1067,3,2026-08-18T10:00:00+05:30
hmd_5bac69d4,htl_d8608c0c,,dining,media/hotels/htl_d8608c0c/dining.jpg,"Dining view at Hillview Regency Suites, Jaipur",1600,1067,4,2026-08-18T10:00:00+05:30
hmd_49cb7a69,htl_51d644a1,,hero,media/hotels/htl_51d644a1/hero.jpg,"Hero view at Garden Orchard Homestay, Jaipur",1600,1067,0,2026-08-18T10:00:00+05:30
hmd_47425794,htl_51d644a1,,exterior,media/hotels/htl_51d644a1/exterior.jpg,"Exterior view at Garden Orchard Homestay, Jaipur",1600,1067,1,2026-08-18T10:00:00+05:30
hmd_ba0ae132,htl_51d644a1,,lobby,media/hotels/htl_51d644a1/lobby.jpg,"Lobby view at Garden Orchard Homestay, Jaipur",1600,1067,2,2026-08-18T10:00:00+05:30
hmd_dad84ac4,htl_51d644a1,rmt_062dea81,room,media/hotels/htl_51d644a1/room.jpg,"Room view at Garden Orchard Homestay, Jaipur",1600,1067,3,2026-08-18T10:00:00+05:30
hmd_32ecd01b,htl_51d644a1,,dining,media/hotels/htl_51d644a1/dining.jpg,"Dining view at Garden Orchard Homestay, Jaipur",1600,1067,4,2026-08-18T10:00:00+05:30
hmd_b028e9bd,htl_34e56f8c,,hero,media/hotels/htl_34e56f8c/hero.jpg,"Hero view at Villa Meadows Homestay, Jaipur",1600,1067,0,2026-08-18T10:00:00+05:30
hmd_e470cfdc,htl_34e56f8c,,exterior,media/hotels/htl_34e56f8c/exterior.jpg,"Exterior view at Villa Meadows Homestay, Jaipur",1600,1067,1,2026-08-18T10:00:00+05:30
hmd_b8a37438,htl_34e56f8c,,lobby,media/hotels/htl_34e56f8c/lobby.jpg,"Lobby view at Villa Meadows Homestay, Jaipur",1600,1067,2,2026-08-18T10:00:00+05:30
hmd_5f0aad05,htl_34e56f8c,rmt_8ca5526e,room,media/hotels/htl_34e56f8c/room.jpg,"Room view at Villa Meadows Homestay, Jaipur",1600,1067,3,2026-08-18T10:00:00+05:30
hmd_2395e8bd,htl_34e56f8c,,dining,media/hotels/htl_34e56f8c/dining.jpg,"Dining view at Villa Meadows Homestay, Jaipur",1600,1067,4,2026-08-18T10:00:00+05:30
hmd_69e4b1c4,htl_a4a12699,,hero,media/hotels/htl_a4a12699/hero.jpg,"Hero view at Riverside Kothi Inn, Jaipur",1600,1067,0,2026-08-18T10:00:00+05:30
hmd_3410770d,htl_a4a12699,,exterior,media/hotels/htl_a4a12699/exterior.jpg,"Exterior view at Riverside Kothi Inn, Jaipur",1600,1067,1,2026-08-18T10:00:00+05:30
hmd_d10c4e16,htl_a4a12699,,lobby,media/hotels/htl_a4a12699/lobby.jpg,"Lobby view at Riverside Kothi Inn, Jaipur",1600,1067,2,2026-08-18T10:00:00+05:30
hmd_5afa0b07,htl_a4a12699,rmt_4da4065d,room,media/hotels/htl_a4a12699/room.jpg,"Room view at Riverside Kothi Inn, Jaipur",1600,1067,3,2026-08-18T10:00:00+05:30
hmd_6d2b4bf9,htl_a4a12699,,dining,media/hotels/htl_a4a12699/dining.jpg,"Dining view at Riverside Kothi Inn, Jaipur",1600,1067,4,2026-08-18T10:00:00+05:30
hmd_26b22233,htl_aacfaa8f,,hero,media/hotels/htl_aacfaa8f/hero.jpg,"Hero view at Lake Bungalow by the Lake, Udaipur",1600,1067,0,2026-08-18T10:00:00+05:30
hmd_a3196efe,htl_aacfaa8f,,exterior,media/hotels/htl_aacfaa8f/exterior.jpg,"Exterior view at Lake Bungalow by the Lake, Udaipur",1600,1067,1,2026-08-18T10:00:00+05:30
hmd_806bb07b,htl_aacfaa8f,,lobby,media/hotels/htl_aacfaa8f/lobby.jpg,"Lobby view at Lake Bungalow by the Lake, Udaipur",1600,1067,2,2026-08-18T10:00:00+05:30
hmd_a1938ced,htl_aacfaa8f,rmt_69fb5df6,room,media/hotels/htl_aacfaa8f/room.jpg,"Room view at Lake Bungalow by the Lake, Udaipur",1600,1067,3,2026-08-18T10:00:00+05:30
hmd_8134d829,htl_aacfaa8f,,dining,media/hotels/htl_aacfaa8f/dining.jpg,"Dining view at Lake Bungalow by the Lake, Udaipur",1600,1067,4,2026-08-18T10:00:00+05:30
hmd_ed2c67a7,htl_82a0debc,,hero,media/hotels/htl_82a0debc/hero.jpg,"Hero view at Garden Kothi & Spa, Udaipur",1600,1067,0,2026-08-18T10:00:00+05:30
hmd_0efe4d62,htl_82a0debc,,exterior,media/hotels/htl_82a0debc/exterior.jpg,"Exterior view at Garden Kothi & Spa, Udaipur",1600,1067,1,2026-08-18T10:00:00+05:30
hmd_26eafa76,htl_82a0debc,,lobby,media/hotels/htl_82a0debc/lobby.jpg,"Lobby view at Garden Kothi & Spa, Udaipur",1600,1067,2,2026-08-18T10:00:00+05:30
hmd_3f9fb7ff,htl_82a0debc,rmt_498722f7,room,media/hotels/htl_82a0debc/room.jpg,"Room view at Garden Kothi & Spa, Udaipur",1600,1067,3,2026-08-18T10:00:00+05:30
hmd_1196e9a4,htl_82a0debc,,dining,media/hotels/htl_82a0debc/dining.jpg,"Dining view at Garden Kothi & Spa, Udaipur",1600,1067,4,2026-08-18T10:00:00+05:30
hmd_b5a52062,htl_e64a06ef,,hero,media/hotels/htl_e64a06ef/hero.jpg,"Hero view at Riverside Sanctuary Inn, Udaipur",1600,1067,0,2026-08-18T10:00:00+05:30
hmd_1e7b0816,htl_e64a06ef,,exterior,media/hotels/htl_e64a06ef/exterior.jpg,"Exterior view at Riverside Sanctuary Inn, Udaipur",1600,1067,1,2026-08-18T10:00:00+05:30
hmd_017dfbde,htl_e64a06ef,,lobby,media/hotels/htl_e64a06ef/lobby.jpg,"Lobby view at Riverside Sanctuary Inn, Udaipur",1600,1067,2,2026-08-18T10:00:00+05:30
hmd_ca312823,htl_e64a06ef,rmt_4d20e260,room,media/hotels/htl_e64a06ef/room.jpg,"Room view at Riverside Sanctuary Inn, Udaipur",1600,1067,3,2026-08-18T10:00:00+05:30
hmd_40392943,htl_e64a06ef,,dining,media/hotels/htl_e64a06ef/dining.jpg,"Dining view at Riverside Sanctuary Inn, Udaipur",1600,1067,4,2026-08-18T10:00:00+05:30
hmd_e6141085,htl_f4edf35d,,hero,media/hotels/htl_f4edf35d/hero.jpg,"Hero view at Indigo Orchard Inn, Udaipur",1600,1067,0,2026-08-18T10:00:00+05:30
hmd_823ae799,htl_f4edf35d,,exterior,media/hotels/htl_f4edf35d/exterior.jpg,"Exterior view at Indigo Orchard Inn, Udaipur",1600,1067,1,2026-08-18T10:00:00+05:30
hmd_c58a853e,htl_f4edf35d,,lobby,media/hotels/htl_f4edf35d/lobby.jpg,"Lobby view at Indigo Orchard Inn, Udaipur",1600,1067,2,2026-08-18T10:00:00+05:30
hmd_354c9f3f,htl_f4edf35d,rmt_8203d582,room,media/hotels/htl_f4edf35d/room.jpg,"Room view at Indigo Orchard Inn, Udaipur",1600,1067,3,2026-08-18T10:00:00+05:30
hmd_60a90760,htl_f4edf35d,,dining,media/hotels/htl_f4edf35d/dining.jpg,"Dining view at Indigo Orchard Inn, Udaipur",1600,1067,4,2026-08-18T10:00:00+05:30
hmd_4f231e8b,htl_6c7be3f3,,hero,media/hotels/htl_6c7be3f3/hero.jpg,"Hero view at Casa Manor Inn, Udaipur",1600,1067,0,2026-08-18T10:00:00+05:30
hmd_9ee9c2e1,htl_6c7be3f3,,exterior,media/hotels/htl_6c7be3f3/exterior.jpg,"Exterior view at Casa Manor Inn, Udaipur",1600,1067,1,2026-08-18T10:00:00+05:30
hmd_795ea9a4,htl_6c7be3f3,,lobby,media/hotels/htl_6c7be3f3/lobby.jpg,"Lobby view at Casa Manor Inn, Udaipur",1600,1067,2,2026-08-18T10:00:00+05:30
hmd_db99ec3f,htl_6c7be3f3,rmt_36ac3085,room,media/hotels/htl_6c7be3f3/room.jpg,"Room view at Casa Manor Inn, Udaipur",1600,1067,3,2026-08-18T10:00:00+05:30
hmd_46009656,htl_6c7be3f3,,dining,media/hotels/htl_6c7be3f3/dining.jpg,"Dining view at Casa Manor Inn, Udaipur",1600,1067,4,2026-08-18T10:00:00+05:30
hmd_74302eb1,htl_9191e906,,hero,media/hotels/htl_9191e906/hero.jpg,"Hero view at Grand Regency Inn, Jodhpur",1600,1067,0,2026-08-18T10:00:00+05:30
hmd_269c64fe,htl_9191e906,,exterior,media/hotels/htl_9191e906/exterior.jpg,"Exterior view at Grand Regency Inn, Jodhpur",1600,1067,1,2026-08-18T10:00:00+05:30
hmd_cce955ad,htl_9191e906,,lobby,media/hotels/htl_9191e906/lobby.jpg,"Lobby view at Grand Regency Inn, Jodhpur",1600,1067,2,2026-08-18T10:00:00+05:30
hmd_317154b9,htl_9191e906,rmt_f3f78d57,room,media/hotels/htl_9191e906/room.jpg,"Room view at Grand Regency Inn, Jodhpur",1600,1067,3,2026-08-18T10:00:00+05:30
hmd_ee73147d,htl_9191e906,,dining,media/hotels/htl_9191e906/dining.jpg,"Dining view at Grand Regency Inn, Jodhpur",1600,1067,4,2026-08-18T10:00:00+05:30
hmd_7bf02fec,htl_16ca75ac,,hero,media/hotels/htl_16ca75ac/hero.jpg,"Hero view at Garden Palms Boutique Stay, Jodhpur",1600,1067,0,2026-08-18T10:00:00+05:30
hmd_2dc60eb4,htl_16ca75ac,,exterior,media/hotels/htl_16ca75ac/exterior.jpg,"Exterior view at Garden Palms Boutique Stay, Jodhpur",1600,1067,1,2026-08-18T10:00:00+05:30
hmd_718ca04a,htl_16ca75ac,,lobby,media/hotels/htl_16ca75ac/lobby.jpg,"Lobby view at Garden Palms Boutique Stay, Jodhpur",1600,1067,2,2026-08-18T10:00:00+05:30
hmd_340025ca,htl_16ca75ac,rmt_68485f3b,room,media/hotels/htl_16ca75ac/room.jpg,"Room view at Garden Palms Boutique Stay, Jodhpur",1600,1067,3,2026-08-18T10:00:00+05:30
hmd_66a0fc4e,htl_16ca75ac,,dining,media/hotels/htl_16ca75ac/dining.jpg,"Dining view at Garden Palms Boutique Stay, Jodhpur",1600,1067,4,2026-08-18T10:00:00+05:30
hmd_5b41a2cd,htl_fe66f74b,,hero,media/hotels/htl_fe66f74b/hero.jpg,"Hero view at Casa Niwas & Spa, Jodhpur",1600,1067,0,2026-08-18T10:00:00+05:30
hmd_363b4e09,htl_fe66f74b,,exterior,media/hotels/htl_fe66f74b/exterior.jpg,"Exterior view at Casa Niwas & Spa, Jodhpur",1600,1067,1,2026-08-18T10:00:00+05:30
hmd_f0d5a514,htl_fe66f74b,,lobby,media/hotels/htl_fe66f74b/lobby.jpg,"Lobby view at Casa Niwas & Spa, Jodhpur",1600,1067,2,2026-08-18T10:00:00+05:30
hmd_4fcbbcfe,htl_fe66f74b,rmt_74cb0474,room,media/hotels/htl_fe66f74b/room.jpg,"Room view at Casa Niwas & Spa, Jodhpur",1600,1067,3,2026-08-18T10:00:00+05:30
hmd_50931dfa,htl_fe66f74b,,dining,media/hotels/htl_fe66f74b/dining.jpg,"Dining view at Casa Niwas & Spa, Jodhpur",1600,1067,4,2026-08-18T10:00:00+05:30
hmd_8034c94a,htl_d149da7c,,hero,media/hotels/htl_d149da7c/hero.jpg,"Hero view at Hillview Niwas Resort, Jodhpur",1600,1067,0,2026-08-18T10:00:00+05:30
hmd_64e37f1e,htl_d149da7c,,exterior,media/hotels/htl_d149da7c/exterior.jpg,"Exterior view at Hillview Niwas Resort, Jodhpur",1600,1067,1,2026-08-18T10:00:00+05:30
hmd_5dfdb13a,htl_d149da7c,,lobby,media/hotels/htl_d149da7c/lobby.jpg,"Lobby view at Hillview Niwas Resort, Jodhpur",1600,1067,2,2026-08-18T10:00:00+05:30
hmd_c81dbc6b,htl_d149da7c,rmt_65be3cc2,room,media/hotels/htl_d149da7c/room.jpg,"Room view at Hillview Niwas Resort, Jodhpur",1600,1067,3,2026-08-18T10:00:00+05:30
hmd_a3de9f73,htl_d149da7c,,dining,media/hotels/htl_d149da7c/dining.jpg,"Dining view at Hillview Niwas Resort, Jodhpur",1600,1067,4,2026-08-18T10:00:00+05:30
hmd_f4de0c46,htl_8ceae759,,hero,media/hotels/htl_8ceae759/hero.jpg,"Hero view at Royal Nest & Spa, Jodhpur",1600,1067,0,2026-08-18T10:00:00+05:30
hmd_c4c35a27,htl_8ceae759,,exterior,media/hotels/htl_8ceae759/exterior.jpg,"Exterior view at Royal Nest & Spa, Jodhpur",1600,1067,1,2026-08-18T10:00:00+05:30
hmd_326ec2b9,htl_8ceae759,,lobby,media/hotels/htl_8ceae759/lobby.jpg,"Lobby view at Royal Nest & Spa, Jodhpur",1600,1067,2,2026-08-18T10:00:00+05:30
hmd_62cdbfd0,htl_8ceae759,rmt_e995c07b,room,media/hotels/htl_8ceae759/room.jpg,"Room view at Royal Nest & Spa, Jodhpur",1600,1067,3,2026-08-18T10:00:00+05:30
hmd_f1403c18,htl_8ceae759,,dining,media/hotels/htl_8ceae759/dining.jpg,"Dining view at Royal Nest & Spa, Jodhpur",1600,1067,4,2026-08-18T10:00:00+05:30
hmd_af93a45f,htl_97daa761,,hero,media/hotels/htl_97daa761/hero.jpg,"Hero view at Indigo Verandah Homestay, Jaisalmer",1600,1067,0,2026-08-18T10:00:00+05:30
hmd_493c743a,htl_97daa761,,exterior,media/hotels/htl_97daa761/exterior.jpg,"Exterior view at Indigo Verandah Homestay, Jaisalmer",1600,1067,1,2026-08-18T10:00:00+05:30
hmd_c0213070,htl_97daa761,,lobby,media/hotels/htl_97daa761/lobby.jpg,"Lobby view at Indigo Verandah Homestay, Jaisalmer",1600,1067,2,2026-08-18T10:00:00+05:30
hmd_21a81e0f,htl_97daa761,rmt_4806123d,room,media/hotels/htl_97daa761/room.jpg,"Room view at Indigo Verandah Homestay, Jaisalmer",1600,1067,3,2026-08-18T10:00:00+05:30
hmd_4e97979d,htl_97daa761,,dining,media/hotels/htl_97daa761/dining.jpg,"Dining view at Indigo Verandah Homestay, Jaisalmer",1600,1067,4,2026-08-18T10:00:00+05:30
hmd_4bcd9330,htl_ca3e3a74,,hero,media/hotels/htl_ca3e3a74/hero.jpg,"Hero view at Hillview Nest Inn, Jaisalmer",1600,1067,0,2026-08-18T10:00:00+05:30
hmd_9729d473,htl_ca3e3a74,,exterior,media/hotels/htl_ca3e3a74/exterior.jpg,"Exterior view at Hillview Nest Inn, Jaisalmer",1600,1067,1,2026-08-18T10:00:00+05:30
hmd_04519fdf,htl_ca3e3a74,,lobby,media/hotels/htl_ca3e3a74/lobby.jpg,"Lobby view at Hillview Nest Inn, Jaisalmer",1600,1067,2,2026-08-18T10:00:00+05:30
hmd_c7ae359e,htl_ca3e3a74,rmt_0fc40170,room,media/hotels/htl_ca3e3a74/room.jpg,"Room view at Hillview Nest Inn, Jaisalmer",1600,1067,3,2026-08-18T10:00:00+05:30
hmd_12f4a55d,htl_ca3e3a74,,dining,media/hotels/htl_ca3e3a74/dining.jpg,"Dining view at Hillview Nest Inn, Jaisalmer",1600,1067,4,2026-08-18T10:00:00+05:30
hmd_b74e4bb7,htl_b4eb0f44,,hero,media/hotels/htl_b4eb0f44/hero.jpg,"Hero view at Indigo Ghat House Boutique Stay, Jaisalmer",1600,1067,0,2026-08-18T10:00:00+05:30
hmd_6c5e028b,htl_b4eb0f44,,exterior,media/hotels/htl_b4eb0f44/exterior.jpg,"Exterior view at Indigo Ghat House Boutique Stay, Jaisalmer",1600,1067,1,2026-08-18T10:00:00+05:30
hmd_08905a6a,htl_b4eb0f44,,lobby,media/hotels/htl_b4eb0f44/lobby.jpg,"Lobby view at Indigo Ghat House Boutique Stay, Jaisalmer",1600,1067,2,2026-08-18T10:00:00+05:30
hmd_bc5dbf1c,htl_b4eb0f44,rmt_79b9dffc,room,media/hotels/htl_b4eb0f44/room.jpg,"Room view at Indigo Ghat House Boutique Stay, Jaisalmer",1600,1067,3,2026-08-18T10:00:00+05:30
hmd_ef342b29,htl_b4eb0f44,,dining,media/hotels/htl_b4eb0f44/dining.jpg,"Dining view at Indigo Ghat House Boutique Stay, Jaisalmer",1600,1067,4,2026-08-18T10:00:00+05:30
hmd_467839d6,htl_832544af,,hero,media/hotels/htl_832544af/hero.jpg,"Hero view at Royal Terraces & Spa, Jaisalmer",1600,1067,0,2026-08-18T10:00:00+05:30
hmd_bbfe16e7,htl_832544af,,exterior,media/hotels/htl_832544af/exterior.jpg,"Exterior view at Royal Terraces & Spa, Jaisalmer",1600,1067,1,2026-08-18T10:00:00+05:30
hmd_456d3178,htl_832544af,,lobby,media/hotels/htl_832544af/lobby.jpg,"Lobby view at Royal Terraces & Spa, Jaisalmer",1600,1067,2,2026-08-18T10:00:00+05:30
hmd_604f5567,htl_832544af,rmt_f62c2e52,room,media/hotels/htl_832544af/room.jpg,"Room view at Royal Terraces & Spa, Jaisalmer",1600,1067,3,2026-08-18T10:00:00+05:30
hmd_d68a5da8,htl_832544af,,dining,media/hotels/htl_832544af/dining.jpg,"Dining view at Royal Terraces & Spa, Jaisalmer",1600,1067,4,2026-08-18T10:00:00+05:30
hmd_f4250708,htl_68af15a1,,hero,media/hotels/htl_68af15a1/hero.jpg,"Hero view at Amber Mahal Inn, Jaisalmer",1600,1067,0,2026-08-18T10:00:00+05:30
hmd_eafb6ca3,htl_68af15a1,,exterior,media/hotels/htl_68af15a1/exterior.jpg,"Exterior view at Amber Mahal Inn, Jaisalmer",1600,1067,1,2026-08-18T10:00:00+05:30
hmd_6f11d01a,htl_68af15a1,,lobby,media/hotels/htl_68af15a1/lobby.jpg,"Lobby view at Amber Mahal Inn, Jaisalmer",1600,1067,2,2026-08-18T10:00:00+05:30
hmd_d92a5710,htl_68af15a1,rmt_0d437b01,room,media/hotels/htl_68af15a1/room.jpg,"Room view at Amber Mahal Inn, Jaisalmer",1600,1067,3,2026-08-18T10:00:00+05:30
hmd_964d6512,htl_68af15a1,,dining,media/hotels/htl_68af15a1/dining.jpg,"Dining view at Amber Mahal Inn, Jaisalmer",1600,1067,4,2026-08-18T10:00:00+05:30
hmd_d6186af5,htl_f89975f1,,hero,media/hotels/htl_f89975f1/hero.jpg,"Hero view at Palm Palms Homestay, Agra",1600,1067,0,2026-08-18T10:00:00+05:30
hmd_7b0b1471,htl_f89975f1,,exterior,media/hotels/htl_f89975f1/exterior.jpg,"Exterior view at Palm Palms Homestay, Agra",1600,1067,1,2026-08-18T10:00:00+05:30
hmd_03e082e8,htl_f89975f1,,lobby,media/hotels/htl_f89975f1/lobby.jpg,"Lobby view at Palm Palms Homestay, Agra",1600,1067,2,2026-08-18T10:00:00+05:30
hmd_6ab86195,htl_f89975f1,rmt_26f79673,room,media/hotels/htl_f89975f1/room.jpg,"Room view at Palm Palms Homestay, Agra",1600,1067,3,2026-08-18T10:00:00+05:30
hmd_9ab37beb,htl_f89975f1,,dining,media/hotels/htl_f89975f1/dining.jpg,"Dining view at Palm Palms Homestay, Agra",1600,1067,4,2026-08-18T10:00:00+05:30
hmd_1fde1e16,htl_3f98054b,,hero,media/hotels/htl_3f98054b/hero.jpg,"Hero view at Amber Retreat Homestay, Agra",1600,1067,0,2026-08-18T10:00:00+05:30
hmd_fad5a37d,htl_3f98054b,,exterior,media/hotels/htl_3f98054b/exterior.jpg,"Exterior view at Amber Retreat Homestay, Agra",1600,1067,1,2026-08-18T10:00:00+05:30
hmd_1ab8107f,htl_3f98054b,,lobby,media/hotels/htl_3f98054b/lobby.jpg,"Lobby view at Amber Retreat Homestay, Agra",1600,1067,2,2026-08-18T10:00:00+05:30
hmd_dc6b78ae,htl_3f98054b,rmt_97174185,room,media/hotels/htl_3f98054b/room.jpg,"Room view at Amber Retreat Homestay, Agra",1600,1067,3,2026-08-18T10:00:00+05:30
hmd_181c0935,htl_3f98054b,,dining,media/hotels/htl_3f98054b/dining.jpg,"Dining view at Amber Retreat Homestay, Agra",1600,1067,4,2026-08-18T10:00:00+05:30
hmd_df45825b,htl_437c0b59,,hero,media/hotels/htl_437c0b59/hero.jpg,"Hero view at Royal Terraces Suites, Agra",1600,1067,0,2026-08-18T10:00:00+05:30
hmd_f9cff788,htl_437c0b59,,exterior,media/hotels/htl_437c0b59/exterior.jpg,"Exterior view at Royal Terraces Suites, Agra",1600,1067,1,2026-08-18T10:00:00+05:30
hmd_be993036,htl_437c0b59,,lobby,media/hotels/htl_437c0b59/lobby.jpg,"Lobby view at Royal Terraces Suites, Agra",1600,1067,2,2026-08-18T10:00:00+05:30
hmd_79edd847,htl_437c0b59,rmt_c7feb9b7,room,media/hotels/htl_437c0b59/room.jpg,"Room view at Royal Terraces Suites, Agra",1600,1067,3,2026-08-18T10:00:00+05:30
hmd_666d2739,htl_437c0b59,,dining,media/hotels/htl_437c0b59/dining.jpg,"Dining view at Royal Terraces Suites, Agra",1600,1067,4,2026-08-18T10:00:00+05:30
hmd_a04bf100,htl_abcdbceb,,hero,media/hotels/htl_abcdbceb/hero.jpg,"Hero view at Hillview Bagh Suites, Agra",1600,1067,0,2026-08-18T10:00:00+05:30
hmd_307170c7,htl_abcdbceb,,exterior,media/hotels/htl_abcdbceb/exterior.jpg,"Exterior view at Hillview Bagh Suites, Agra",1600,1067,1,2026-08-18T10:00:00+05:30
hmd_a6be09c9,htl_abcdbceb,,lobby,media/hotels/htl_abcdbceb/lobby.jpg,"Lobby view at Hillview Bagh Suites, Agra",1600,1067,2,2026-08-18T10:00:00+05:30
hmd_93217784,htl_abcdbceb,rmt_2db0c6c3,room,media/hotels/htl_abcdbceb/room.jpg,"Room view at Hillview Bagh Suites, Agra",1600,1067,3,2026-08-18T10:00:00+05:30
hmd_1accf603,htl_abcdbceb,,dining,media/hotels/htl_abcdbceb/dining.jpg,"Dining view at Hillview Bagh Suites, Agra",1600,1067,4,2026-08-18T10:00:00+05:30
hmd_5ca04a7c,htl_d1c721fa,,hero,media/hotels/htl_d1c721fa/hero.jpg,"Hero view at Lake Palms Inn, Agra",1600,1067,0,2026-08-18T10:00:00+05:30
hmd_3c8d2b91,htl_d1c721fa,,exterior,media/hotels/htl_d1c721fa/exterior.jpg,"Exterior view at Lake Palms Inn, Agra",1600,1067,1,2026-08-18T10:00:00+05:30
hmd_8d1b72fd,htl_d1c721fa,,lobby,media/hotels/htl_d1c721fa/lobby.jpg,"Lobby view at Lake Palms Inn, Agra",1600,1067,2,2026-08-18T10:00:00+05:30
hmd_932875fe,htl_d1c721fa,rmt_605d2d42,room,media/hotels/htl_d1c721fa/room.jpg,"Room view at Lake Palms Inn, Agra",1600,1067,3,2026-08-18T10:00:00+05:30
hmd_10c52427,htl_d1c721fa,,dining,media/hotels/htl_d1c721fa/dining.jpg,"Dining view at Lake Palms Inn, Agra",1600,1067,4,2026-08-18T10:00:00+05:30
hmd_8abb4b0c,htl_af9267ba,,hero,media/hotels/htl_af9267ba/hero.jpg,"Hero view at The Haveli Inn, Varanasi",1600,1067,0,2026-08-18T10:00:00+05:30
hmd_5a0c797e,htl_af9267ba,,exterior,media/hotels/htl_af9267ba/exterior.jpg,"Exterior view at The Haveli Inn, Varanasi",1600,1067,1,2026-08-18T10:00:00+05:30
hmd_fab41490,htl_af9267ba,,lobby,media/hotels/htl_af9267ba/lobby.jpg,"Lobby view at The Haveli Inn, Varanasi",1600,1067,2,2026-08-18T10:00:00+05:30
hmd_2a2d825f,htl_af9267ba,rmt_f63f6226,room,media/hotels/htl_af9267ba/room.jpg,"Room view at The Haveli Inn, Varanasi",1600,1067,3,2026-08-18T10:00:00+05:30
hmd_6dfdea99,htl_af9267ba,,dining,media/hotels/htl_af9267ba/dining.jpg,"Dining view at The Haveli Inn, Varanasi",1600,1067,4,2026-08-18T10:00:00+05:30
hmd_ba7e3353,htl_9c129ce4,,hero,media/hotels/htl_9c129ce4/hero.jpg,"Hero view at Royal Sanctuary Suites, Varanasi",1600,1067,0,2026-08-18T10:00:00+05:30
hmd_596f811a,htl_9c129ce4,,exterior,media/hotels/htl_9c129ce4/exterior.jpg,"Exterior view at Royal Sanctuary Suites, Varanasi",1600,1067,1,2026-08-18T10:00:00+05:30
hmd_3b6af581,htl_9c129ce4,,lobby,media/hotels/htl_9c129ce4/lobby.jpg,"Lobby view at Royal Sanctuary Suites, Varanasi",1600,1067,2,2026-08-18T10:00:00+05:30
hmd_d55ef721,htl_9c129ce4,rmt_2b67c1df,room,media/hotels/htl_9c129ce4/room.jpg,"Room view at Royal Sanctuary Suites, Varanasi",1600,1067,3,2026-08-18T10:00:00+05:30
hmd_ee21f506,htl_9c129ce4,,dining,media/hotels/htl_9c129ce4/dining.jpg,"Dining view at Royal Sanctuary Suites, Varanasi",1600,1067,4,2026-08-18T10:00:00+05:30
hmd_500edd1b,htl_d1d22033,,hero,media/hotels/htl_d1d22033/hero.jpg,"Hero view at Amber Orchard Suites, Varanasi",1600,1067,0,2026-08-18T10:00:00+05:30
hmd_b7aceecb,htl_d1d22033,,exterior,media/hotels/htl_d1d22033/exterior.jpg,"Exterior view at Amber Orchard Suites, Varanasi",1600,1067,1,2026-08-18T10:00:00+05:30
hmd_27712534,htl_d1d22033,,lobby,media/hotels/htl_d1d22033/lobby.jpg,"Lobby view at Amber Orchard Suites, Varanasi",1600,1067,2,2026-08-18T10:00:00+05:30
hmd_30b6b1ec,htl_d1d22033,rmt_9947d92b,room,media/hotels/htl_d1d22033/room.jpg,"Room view at Amber Orchard Suites, Varanasi",1600,1067,3,2026-08-18T10:00:00+05:30
hmd_3934cf37,htl_d1d22033,,dining,media/hotels/htl_d1d22033/dining.jpg,"Dining view at Amber Orchard Suites, Varanasi",1600,1067,4,2026-08-18T10:00:00+05:30
hmd_5c01055d,htl_1b0f8353,,hero,media/hotels/htl_1b0f8353/hero.jpg,"Hero view at Indigo Meadows Boutique Stay, Varanasi",1600,1067,0,2026-08-18T10:00:00+05:30
hmd_ca2c9e76,htl_1b0f8353,,exterior,media/hotels/htl_1b0f8353/exterior.jpg,"Exterior view at Indigo Meadows Boutique Stay, Varanasi",1600,1067,1,2026-08-18T10:00:00+05:30
hmd_23d08744,htl_1b0f8353,,lobby,media/hotels/htl_1b0f8353/lobby.jpg,"Lobby view at Indigo Meadows Boutique Stay, Varanasi",1600,1067,2,2026-08-18T10:00:00+05:30
hmd_94838e5c,htl_1b0f8353,rmt_a990cc08,room,media/hotels/htl_1b0f8353/room.jpg,"Room view at Indigo Meadows Boutique Stay, Varanasi",1600,1067,3,2026-08-18T10:00:00+05:30
hmd_c3a9ed53,htl_1b0f8353,,dining,media/hotels/htl_1b0f8353/dining.jpg,"Dining view at Indigo Meadows Boutique Stay, Varanasi",1600,1067,4,2026-08-18T10:00:00+05:30
hmd_d95f1661,htl_d190083e,,hero,media/hotels/htl_d190083e/hero.jpg,"Hero view at Hillview Nest Boutique Stay, Varanasi",1600,1067,0,2026-08-18T10:00:00+05:30
hmd_d8e35f0f,htl_d190083e,,exterior,media/hotels/htl_d190083e/exterior.jpg,"Exterior view at Hillview Nest Boutique Stay, Varanasi",1600,1067,1,2026-08-18T10:00:00+05:30
hmd_af9045fe,htl_d190083e,,lobby,media/hotels/htl_d190083e/lobby.jpg,"Lobby view at Hillview Nest Boutique Stay, Varanasi",1600,1067,2,2026-08-18T10:00:00+05:30
hmd_6dd62cc2,htl_d190083e,rmt_6a7df85e,room,media/hotels/htl_d190083e/room.jpg,"Room view at Hillview Nest Boutique Stay, Varanasi",1600,1067,3,2026-08-18T10:00:00+05:30
hmd_3bc5093a,htl_d190083e,,dining,media/hotels/htl_d190083e/dining.jpg,"Dining view at Hillview Nest Boutique Stay, Varanasi",1600,1067,4,2026-08-18T10:00:00+05:30
hmd_c1640c81,htl_3c8db5e1,,hero,media/hotels/htl_3c8db5e1/hero.jpg,"Hero view at Amber Sanctuary Homestay, Lucknow",1600,1067,0,2026-08-18T10:00:00+05:30
hmd_dee065a9,htl_3c8db5e1,,exterior,media/hotels/htl_3c8db5e1/exterior.jpg,"Exterior view at Amber Sanctuary Homestay, Lucknow",1600,1067,1,2026-08-18T10:00:00+05:30
hmd_650229df,htl_3c8db5e1,,lobby,media/hotels/htl_3c8db5e1/lobby.jpg,"Lobby view at Amber Sanctuary Homestay, Lucknow",1600,1067,2,2026-08-18T10:00:00+05:30
hmd_4c1e5361,htl_3c8db5e1,rmt_188dccb2,room,media/hotels/htl_3c8db5e1/room.jpg,"Room view at Amber Sanctuary Homestay, Lucknow",1600,1067,3,2026-08-18T10:00:00+05:30
hmd_7de318f2,htl_3c8db5e1,,dining,media/hotels/htl_3c8db5e1/dining.jpg,"Dining view at Amber Sanctuary Homestay, Lucknow",1600,1067,4,2026-08-18T10:00:00+05:30
hmd_138e4ffb,htl_95e7afb1,,hero,media/hotels/htl_95e7afb1/hero.jpg,"Hero view at Royal Sanctuary Suites  , Lucknow",1600,1067,0,2026-08-18T10:00:00+05:30
hmd_d43cf497,htl_95e7afb1,,exterior,media/hotels/htl_95e7afb1/exterior.jpg,"Exterior view at Royal Sanctuary Suites  , Lucknow",1600,1067,1,2026-08-18T10:00:00+05:30
hmd_2a598caa,htl_95e7afb1,,lobby,media/hotels/htl_95e7afb1/lobby.jpg,"Lobby view at Royal Sanctuary Suites  , Lucknow",1600,1067,2,2026-08-18T10:00:00+05:30
hmd_c5bbaf7f,htl_95e7afb1,rmt_91b575ba,room,media/hotels/htl_95e7afb1/room.jpg,"Room view at Royal Sanctuary Suites  , Lucknow",1600,1067,3,2026-08-18T10:00:00+05:30
hmd_a07db356,htl_95e7afb1,,dining,media/hotels/htl_95e7afb1/dining.jpg,"Dining view at Royal Sanctuary Suites  , Lucknow",1600,1067,4,2026-08-18T10:00:00+05:30
hmd_b11ebf6a,htl_f32a6fab,,hero,media/hotels/htl_f32a6fab/hero.jpg,"Hero view at Hotel Kothi by the Lake, Lucknow",1600,1067,0,2026-08-18T10:00:00+05:30
hmd_85921e69,htl_f32a6fab,,exterior,media/hotels/htl_f32a6fab/exterior.jpg,"Exterior view at Hotel Kothi by the Lake, Lucknow",1600,1067,1,2026-08-18T10:00:00+05:30
hmd_682ee70f,htl_f32a6fab,,lobby,media/hotels/htl_f32a6fab/lobby.jpg,"Lobby view at Hotel Kothi by the Lake, Lucknow",1600,1067,2,2026-08-18T10:00:00+05:30
hmd_1b730cb1,htl_f32a6fab,rmt_632cc1f3,room,media/hotels/htl_f32a6fab/room.jpg,"Room view at Hotel Kothi by the Lake, Lucknow",1600,1067,3,2026-08-18T10:00:00+05:30
hmd_90c3024a,htl_f32a6fab,,dining,media/hotels/htl_f32a6fab/dining.jpg,"Dining view at Hotel Kothi by the Lake, Lucknow",1600,1067,4,2026-08-18T10:00:00+05:30
hmd_de56773c,htl_edfb03a8,,hero,media/hotels/htl_edfb03a8/hero.jpg,"Hero view at Villa Mahal Suites, Lucknow",1600,1067,0,2026-08-18T10:00:00+05:30
hmd_40142864,htl_edfb03a8,,exterior,media/hotels/htl_edfb03a8/exterior.jpg,"Exterior view at Villa Mahal Suites, Lucknow",1600,1067,1,2026-08-18T10:00:00+05:30
hmd_03bc19ce,htl_edfb03a8,,lobby,media/hotels/htl_edfb03a8/lobby.jpg,"Lobby view at Villa Mahal Suites, Lucknow",1600,1067,2,2026-08-18T10:00:00+05:30
hmd_e5bfaa1d,htl_edfb03a8,rmt_bd571c9a,room,media/hotels/htl_edfb03a8/room.jpg,"Room view at Villa Mahal Suites, Lucknow",1600,1067,3,2026-08-18T10:00:00+05:30
hmd_9f27f92a,htl_edfb03a8,,dining,media/hotels/htl_edfb03a8/dining.jpg,"Dining view at Villa Mahal Suites, Lucknow",1600,1067,4,2026-08-18T10:00:00+05:30
hmd_fe9b9ee5,htl_a4d27c8c,,hero,media/hotels/htl_a4d27c8c/hero.jpg,"Hero view at Hillview Niwas by the Lake, Lucknow",1600,1067,0,2026-08-18T10:00:00+05:30
hmd_18fbcbed,htl_a4d27c8c,,exterior,media/hotels/htl_a4d27c8c/exterior.jpg,"Exterior view at Hillview Niwas by the Lake, Lucknow",1600,1067,1,2026-08-18T10:00:00+05:30
hmd_4b35d55e,htl_a4d27c8c,,lobby,media/hotels/htl_a4d27c8c/lobby.jpg,"Lobby view at Hillview Niwas by the Lake, Lucknow",1600,1067,2,2026-08-18T10:00:00+05:30
hmd_5b8c2ce9,htl_a4d27c8c,rmt_319a657b,room,media/hotels/htl_a4d27c8c/room.jpg,"Room view at Hillview Niwas by the Lake, Lucknow",1600,1067,3,2026-08-18T10:00:00+05:30
hmd_dd68b282,htl_a4d27c8c,,dining,media/hotels/htl_a4d27c8c/dining.jpg,"Dining view at Hillview Niwas by the Lake, Lucknow",1600,1067,4,2026-08-18T10:00:00+05:30
hmd_7027e81e,htl_68ea7979,,hero,media/hotels/htl_68ea7979/hero.jpg,"Hero view at Villa Haveli & Spa, New Delhi",1600,1067,0,2026-08-18T10:00:00+05:30
hmd_ab716297,htl_68ea7979,,exterior,media/hotels/htl_68ea7979/exterior.jpg,"Exterior view at Villa Haveli & Spa, New Delhi",1600,1067,1,2026-08-18T10:00:00+05:30
hmd_68ce80e8,htl_68ea7979,,lobby,media/hotels/htl_68ea7979/lobby.jpg,"Lobby view at Villa Haveli & Spa, New Delhi",1600,1067,2,2026-08-18T10:00:00+05:30
hmd_fa017519,htl_68ea7979,rmt_9abeddeb,room,media/hotels/htl_68ea7979/room.jpg,"Room view at Villa Haveli & Spa, New Delhi",1600,1067,3,2026-08-18T10:00:00+05:30
hmd_9e88ae6c,htl_68ea7979,,dining,media/hotels/htl_68ea7979/dining.jpg,"Dining view at Villa Haveli & Spa, New Delhi",1600,1067,4,2026-08-18T10:00:00+05:30
hmd_29d968f9,htl_43f3566e,,hero,media/hotels/htl_43f3566e/hero.jpg,"Hero view at Heritage Mahal & Spa, New Delhi",1600,1067,0,2026-08-18T10:00:00+05:30
hmd_7839dd89,htl_43f3566e,,exterior,media/hotels/htl_43f3566e/exterior.jpg,"Exterior view at Heritage Mahal & Spa, New Delhi",1600,1067,1,2026-08-18T10:00:00+05:30
hmd_54557e52,htl_43f3566e,,lobby,media/hotels/htl_43f3566e/lobby.jpg,"Lobby view at Heritage Mahal & Spa, New Delhi",1600,1067,2,2026-08-18T10:00:00+05:30
hmd_312d2b7a,htl_43f3566e,rmt_4f1d0d38,room,media/hotels/htl_43f3566e/room.jpg,"Room view at Heritage Mahal & Spa, New Delhi",1600,1067,3,2026-08-18T10:00:00+05:30
hmd_821cf428,htl_43f3566e,,dining,media/hotels/htl_43f3566e/dining.jpg,"Dining view at Heritage Mahal & Spa, New Delhi",1600,1067,4,2026-08-18T10:00:00+05:30
hmd_dc526e7f,htl_ace63054,,hero,media/hotels/htl_ace63054/hero.jpg,"Hero view at Hotel Regency Boutique Stay, New Delhi",1600,1067,0,2026-08-18T10:00:00+05:30
hmd_279c49ee,htl_ace63054,,exterior,media/hotels/htl_ace63054/exterior.jpg,"Exterior view at Hotel Regency Boutique Stay, New Delhi",1600,1067,1,2026-08-18T10:00:00+05:30
hmd_6b20cbeb,htl_ace63054,,lobby,media/hotels/htl_ace63054/lobby.jpg,"Lobby view at Hotel Regency Boutique Stay, New Delhi",1600,1067,2,2026-08-18T10:00:00+05:30
hmd_2a88ba02,htl_ace63054,rmt_4432ea46,room,media/hotels/htl_ace63054/room.jpg,"Room view at Hotel Regency Boutique Stay, New Delhi",1600,1067,3,2026-08-18T10:00:00+05:30
hmd_8e0d20f1,htl_ace63054,,dining,media/hotels/htl_ace63054/dining.jpg,"Dining view at Hotel Regency Boutique Stay, New Delhi",1600,1067,4,2026-08-18T10:00:00+05:30
hmd_a21ef049,htl_40a881e8,,hero,media/hotels/htl_40a881e8/hero.jpg,"Hero view at Lake Bungalow & Spa, New Delhi",1600,1067,0,2026-08-18T10:00:00+05:30
hmd_4ad2e663,htl_40a881e8,,exterior,media/hotels/htl_40a881e8/exterior.jpg,"Exterior view at Lake Bungalow & Spa, New Delhi",1600,1067,1,2026-08-18T10:00:00+05:30
hmd_7a624091,htl_40a881e8,,lobby,media/hotels/htl_40a881e8/lobby.jpg,"Lobby view at Lake Bungalow & Spa, New Delhi",1600,1067,2,2026-08-18T10:00:00+05:30
hmd_84b03d74,htl_40a881e8,rmt_67bc39b7,room,media/hotels/htl_40a881e8/room.jpg,"Room view at Lake Bungalow & Spa, New Delhi",1600,1067,3,2026-08-18T10:00:00+05:30
hmd_d275bbad,htl_40a881e8,,dining,media/hotels/htl_40a881e8/dining.jpg,"Dining view at Lake Bungalow & Spa, New Delhi",1600,1067,4,2026-08-18T10:00:00+05:30
hmd_512e51dd,htl_df6e2340,,hero,media/hotels/htl_df6e2340/hero.jpg,"Hero view at Hillview Palms by the Lake, New Delhi",1600,1067,0,2026-08-18T10:00:00+05:30
hmd_63b346b8,htl_df6e2340,,exterior,media/hotels/htl_df6e2340/exterior.jpg,"Exterior view at Hillview Palms by the Lake, New Delhi",1600,1067,1,2026-08-18T10:00:00+05:30
hmd_9c6b437d,htl_df6e2340,,lobby,media/hotels/htl_df6e2340/lobby.jpg,"Lobby view at Hillview Palms by the Lake, New Delhi",1600,1067,2,2026-08-18T10:00:00+05:30
hmd_95906aaf,htl_df6e2340,rmt_f72ec4e5,room,media/hotels/htl_df6e2340/room.jpg,"Room view at Hillview Palms by the Lake, New Delhi",1600,1067,3,2026-08-18T10:00:00+05:30
hmd_de8f1c26,htl_df6e2340,,dining,media/hotels/htl_df6e2340/dining.jpg,"Dining view at Hillview Palms by the Lake, New Delhi",1600,1067,4,2026-08-18T10:00:00+05:30
hmd_2ad98b93,htl_3e3a38c5,,hero,media/hotels/htl_3e3a38c5/hero.jpg,"Hero view at Indigo Terraces Boutique Stay, Amritsar",1600,1067,0,2026-08-18T10:00:00+05:30
hmd_2beb6d85,htl_3e3a38c5,,exterior,media/hotels/htl_3e3a38c5/exterior.jpg,"Exterior view at Indigo Terraces Boutique Stay, Amritsar",1600,1067,1,2026-08-18T10:00:00+05:30
hmd_67a84d42,htl_3e3a38c5,,lobby,media/hotels/htl_3e3a38c5/lobby.jpg,"Lobby view at Indigo Terraces Boutique Stay, Amritsar",1600,1067,2,2026-08-18T10:00:00+05:30
hmd_002cb581,htl_3e3a38c5,rmt_3bf92d12,room,media/hotels/htl_3e3a38c5/room.jpg,"Room view at Indigo Terraces Boutique Stay, Amritsar",1600,1067,3,2026-08-18T10:00:00+05:30
hmd_22ece12b,htl_3e3a38c5,,dining,media/hotels/htl_3e3a38c5/dining.jpg,"Dining view at Indigo Terraces Boutique Stay, Amritsar",1600,1067,4,2026-08-18T10:00:00+05:30
hmd_a6333596,htl_d07e29f4,,hero,media/hotels/htl_d07e29f4/hero.jpg,"Hero view at Heritage Manor Suites, Amritsar",1600,1067,0,2026-08-18T10:00:00+05:30
hmd_f125d47b,htl_d07e29f4,,exterior,media/hotels/htl_d07e29f4/exterior.jpg,"Exterior view at Heritage Manor Suites, Amritsar",1600,1067,1,2026-08-18T10:00:00+05:30
hmd_af03e801,htl_d07e29f4,,lobby,media/hotels/htl_d07e29f4/lobby.jpg,"Lobby view at Heritage Manor Suites, Amritsar",1600,1067,2,2026-08-18T10:00:00+05:30
hmd_504fff16,htl_d07e29f4,rmt_090d2307,room,media/hotels/htl_d07e29f4/room.jpg,"Room view at Heritage Manor Suites, Amritsar",1600,1067,3,2026-08-18T10:00:00+05:30
hmd_1fd65e9f,htl_d07e29f4,,dining,media/hotels/htl_d07e29f4/dining.jpg,"Dining view at Heritage Manor Suites, Amritsar",1600,1067,4,2026-08-18T10:00:00+05:30
hmd_5265f86f,htl_fb894fd0,,hero,media/hotels/htl_fb894fd0/hero.jpg,"Hero view at Hillview Sarovar Inn, Amritsar",1600,1067,0,2026-08-18T10:00:00+05:30
hmd_d2835d7c,htl_fb894fd0,,exterior,media/hotels/htl_fb894fd0/exterior.jpg,"Exterior view at Hillview Sarovar Inn, Amritsar",1600,1067,1,2026-08-18T10:00:00+05:30
hmd_035cc928,htl_fb894fd0,,lobby,media/hotels/htl_fb894fd0/lobby.jpg,"Lobby view at Hillview Sarovar Inn, Amritsar",1600,1067,2,2026-08-18T10:00:00+05:30
hmd_b699a524,htl_fb894fd0,rmt_9145d827,room,media/hotels/htl_fb894fd0/room.jpg,"Room view at Hillview Sarovar Inn, Amritsar",1600,1067,3,2026-08-18T10:00:00+05:30
hmd_5f030343,htl_fb894fd0,,dining,media/hotels/htl_fb894fd0/dining.jpg,"Dining view at Hillview Sarovar Inn, Amritsar",1600,1067,4,2026-08-18T10:00:00+05:30
hmd_a92050d2,htl_7b47fb46,,hero,media/hotels/htl_7b47fb46/hero.jpg,"Hero view at Grand Retreat Suites, Amritsar",1600,1067,0,2026-08-18T10:00:00+05:30
hmd_59691c41,htl_7b47fb46,,exterior,media/hotels/htl_7b47fb46/exterior.jpg,"Exterior view at Grand Retreat Suites, Amritsar",1600,1067,1,2026-08-18T10:00:00+05:30
hmd_7a3f3310,htl_7b47fb46,,lobby,media/hotels/htl_7b47fb46/lobby.jpg,"Lobby view at Grand Retreat Suites, Amritsar",1600,1067,2,2026-08-18T10:00:00+05:30
hmd_453b024c,htl_7b47fb46,rmt_61db34ed,room,media/hotels/htl_7b47fb46/room.jpg,"Room view at Grand Retreat Suites, Amritsar",1600,1067,3,2026-08-18T10:00:00+05:30
hmd_663ef1bb,htl_7b47fb46,,dining,media/hotels/htl_7b47fb46/dining.jpg,"Dining view at Grand Retreat Suites, Amritsar",1600,1067,4,2026-08-18T10:00:00+05:30
hmd_eb6e49cb,htl_34abcc09,,hero,media/hotels/htl_34abcc09/hero.jpg,"Hero view at Villa Palms by the Lake, Amritsar",1600,1067,0,2026-08-18T10:00:00+05:30
hmd_0ac842ba,htl_34abcc09,,exterior,media/hotels/htl_34abcc09/exterior.jpg,"Exterior view at Villa Palms by the Lake, Amritsar",1600,1067,1,2026-08-18T10:00:00+05:30
hmd_7f5b790a,htl_34abcc09,,lobby,media/hotels/htl_34abcc09/lobby.jpg,"Lobby view at Villa Palms by the Lake, Amritsar",1600,1067,2,2026-08-18T10:00:00+05:30
hmd_868f73e1,htl_34abcc09,rmt_81e245d4,room,media/hotels/htl_34abcc09/room.jpg,"Room view at Villa Palms by the Lake, Amritsar",1600,1067,3,2026-08-18T10:00:00+05:30
hmd_f07aa77d,htl_34abcc09,,dining,media/hotels/htl_34abcc09/dining.jpg,"Dining view at Villa Palms by the Lake, Amritsar",1600,1067,4,2026-08-18T10:00:00+05:30
hmd_d841ee4c,htl_2ca76c96,,hero,media/hotels/htl_2ca76c96/hero.jpg,"Hero view at Riverside Kothi & Spa, Shimla",1600,1067,0,2026-08-18T10:00:00+05:30
hmd_7ff1ae5d,htl_2ca76c96,,exterior,media/hotels/htl_2ca76c96/exterior.jpg,"Exterior view at Riverside Kothi & Spa, Shimla",1600,1067,1,2026-08-18T10:00:00+05:30
hmd_45163a35,htl_2ca76c96,,lobby,media/hotels/htl_2ca76c96/lobby.jpg,"Lobby view at Riverside Kothi & Spa, Shimla",1600,1067,2,2026-08-18T10:00:00+05:30
hmd_d63993ed,htl_2ca76c96,rmt_5868aefd,room,media/hotels/htl_2ca76c96/room.jpg,"Room view at Riverside Kothi & Spa, Shimla",1600,1067,3,2026-08-18T10:00:00+05:30
hmd_97e92f52,htl_2ca76c96,,dining,media/hotels/htl_2ca76c96/dining.jpg,"Dining view at Riverside Kothi & Spa, Shimla",1600,1067,4,2026-08-18T10:00:00+05:30
hmd_55771f8a,htl_d9b34d26,,hero,media/hotels/htl_d9b34d26/hero.jpg,"Hero view at The Old Verandah Homestay, Shimla",1600,1067,0,2026-08-18T10:00:00+05:30
hmd_94d69dbe,htl_d9b34d26,,exterior,media/hotels/htl_d9b34d26/exterior.jpg,"Exterior view at The Old Verandah Homestay, Shimla",1600,1067,1,2026-08-18T10:00:00+05:30
hmd_996a028d,htl_d9b34d26,,lobby,media/hotels/htl_d9b34d26/lobby.jpg,"Lobby view at The Old Verandah Homestay, Shimla",1600,1067,2,2026-08-18T10:00:00+05:30
hmd_4f85314c,htl_d9b34d26,rmt_a79553dd,room,media/hotels/htl_d9b34d26/room.jpg,"Room view at The Old Verandah Homestay, Shimla",1600,1067,3,2026-08-18T10:00:00+05:30
hmd_fa9f600d,htl_d9b34d26,,dining,media/hotels/htl_d9b34d26/dining.jpg,"Dining view at The Old Verandah Homestay, Shimla",1600,1067,4,2026-08-18T10:00:00+05:30
hmd_c883308f,htl_b868ebcf,,hero,media/hotels/htl_b868ebcf/hero.jpg,"Hero view at Villa Orchard Homestay, Shimla",1600,1067,0,2026-08-18T10:00:00+05:30
hmd_0a8b6ba7,htl_b868ebcf,,exterior,media/hotels/htl_b868ebcf/exterior.jpg,"Exterior view at Villa Orchard Homestay, Shimla",1600,1067,1,2026-08-18T10:00:00+05:30
hmd_79ab63fd,htl_b868ebcf,,lobby,media/hotels/htl_b868ebcf/lobby.jpg,"Lobby view at Villa Orchard Homestay, Shimla",1600,1067,2,2026-08-18T10:00:00+05:30
hmd_3a19f749,htl_b868ebcf,rmt_9e7cce83,room,media/hotels/htl_b868ebcf/room.jpg,"Room view at Villa Orchard Homestay, Shimla",1600,1067,3,2026-08-18T10:00:00+05:30
hmd_49961f9d,htl_b868ebcf,,dining,media/hotels/htl_b868ebcf/dining.jpg,"Dining view at Villa Orchard Homestay, Shimla",1600,1067,4,2026-08-18T10:00:00+05:30
hmd_ba1e01a1,htl_4e4752d8,,hero,media/hotels/htl_4e4752d8/hero.jpg,"Hero view at Grand Vihar Homestay, Shimla",1600,1067,0,2026-08-18T10:00:00+05:30
hmd_b7648149,htl_4e4752d8,,exterior,media/hotels/htl_4e4752d8/exterior.jpg,"Exterior view at Grand Vihar Homestay, Shimla",1600,1067,1,2026-08-18T10:00:00+05:30
hmd_d5d2425e,htl_4e4752d8,,lobby,media/hotels/htl_4e4752d8/lobby.jpg,"Lobby view at Grand Vihar Homestay, Shimla",1600,1067,2,2026-08-18T10:00:00+05:30
hmd_57be6ce8,htl_4e4752d8,rmt_0c4e074c,room,media/hotels/htl_4e4752d8/room.jpg,"Room view at Grand Vihar Homestay, Shimla",1600,1067,3,2026-08-18T10:00:00+05:30
hmd_5134c95d,htl_4e4752d8,,dining,media/hotels/htl_4e4752d8/dining.jpg,"Dining view at Grand Vihar Homestay, Shimla",1600,1067,4,2026-08-18T10:00:00+05:30
hmd_55500215,htl_9e900d70,,hero,media/hotels/htl_9e900d70/hero.jpg,"Hero view at Garden Bungalow Resort, Shimla",1600,1067,0,2026-08-18T10:00:00+05:30
hmd_240f3919,htl_9e900d70,,exterior,media/hotels/htl_9e900d70/exterior.jpg,"Exterior view at Garden Bungalow Resort, Shimla",1600,1067,1,2026-08-18T10:00:00+05:30
hmd_936475e2,htl_9e900d70,,lobby,media/hotels/htl_9e900d70/lobby.jpg,"Lobby view at Garden Bungalow Resort, Shimla",1600,1067,2,2026-08-18T10:00:00+05:30
hmd_1f04fb5e,htl_9e900d70,rmt_e539203f,room,media/hotels/htl_9e900d70/room.jpg,"Room view at Garden Bungalow Resort, Shimla",1600,1067,3,2026-08-18T10:00:00+05:30
hmd_a947a33b,htl_9e900d70,,dining,media/hotels/htl_9e900d70/dining.jpg,"Dining view at Garden Bungalow Resort, Shimla",1600,1067,4,2026-08-18T10:00:00+05:30
hmd_4af699ca,htl_64b0b167,,hero,media/hotels/htl_64b0b167/hero.jpg,"Hero view at Villa Palms Inn, Manali",1600,1067,0,2026-08-18T10:00:00+05:30
hmd_2d0ea1f4,htl_64b0b167,,exterior,media/hotels/htl_64b0b167/exterior.jpg,"Exterior view at Villa Palms Inn, Manali",1600,1067,1,2026-08-18T10:00:00+05:30
hmd_c3d1c8d0,htl_64b0b167,,lobby,media/hotels/htl_64b0b167/lobby.jpg,"Lobby view at Villa Palms Inn, Manali",1600,1067,2,2026-08-18T10:00:00+05:30
hmd_25724a4d,htl_64b0b167,rmt_419d3a58,room,media/hotels/htl_64b0b167/room.jpg,"Room view at Villa Palms Inn, Manali",1600,1067,3,2026-08-18T10:00:00+05:30
hmd_89be3e28,htl_64b0b167,,dining,media/hotels/htl_64b0b167/dining.jpg,"Dining view at Villa Palms Inn, Manali",1600,1067,4,2026-08-18T10:00:00+05:30
hmd_adcd142a,htl_7a46102c,,hero,media/hotels/htl_7a46102c/hero.jpg,"Hero view at Riverside Sarovar Homestay, Manali",1600,1067,0,2026-08-18T10:00:00+05:30
hmd_caef8d69,htl_7a46102c,,exterior,media/hotels/htl_7a46102c/exterior.jpg,"Exterior view at Riverside Sarovar Homestay, Manali",1600,1067,1,2026-08-18T10:00:00+05:30
hmd_ac88bcf9,htl_7a46102c,,lobby,media/hotels/htl_7a46102c/lobby.jpg,"Lobby view at Riverside Sarovar Homestay, Manali",1600,1067,2,2026-08-18T10:00:00+05:30
hmd_ecae185e,htl_7a46102c,rmt_963ad866,room,media/hotels/htl_7a46102c/room.jpg,"Room view at Riverside Sarovar Homestay, Manali",1600,1067,3,2026-08-18T10:00:00+05:30
hmd_9ef071ce,htl_7a46102c,,dining,media/hotels/htl_7a46102c/dining.jpg,"Dining view at Riverside Sarovar Homestay, Manali",1600,1067,4,2026-08-18T10:00:00+05:30
hmd_b95cd6d2,htl_c758f72a,,hero,media/hotels/htl_c758f72a/hero.jpg,"Hero view at Indigo Haveli by the Lake, Manali",1600,1067,0,2026-08-18T10:00:00+05:30
hmd_e1900550,htl_c758f72a,,exterior,media/hotels/htl_c758f72a/exterior.jpg,"Exterior view at Indigo Haveli by the Lake, Manali",1600,1067,1,2026-08-18T10:00:00+05:30
hmd_abcaaacd,htl_c758f72a,,lobby,media/hotels/htl_c758f72a/lobby.jpg,"Lobby view at Indigo Haveli by the Lake, Manali",1600,1067,2,2026-08-18T10:00:00+05:30
hmd_e7361165,htl_c758f72a,rmt_5826708f,room,media/hotels/htl_c758f72a/room.jpg,"Room view at Indigo Haveli by the Lake, Manali",1600,1067,3,2026-08-18T10:00:00+05:30
hmd_e0faf8cb,htl_c758f72a,,dining,media/hotels/htl_c758f72a/dining.jpg,"Dining view at Indigo Haveli by the Lake, Manali",1600,1067,4,2026-08-18T10:00:00+05:30
hmd_83a0289a,htl_623c41c5,,hero,media/hotels/htl_623c41c5/hero.jpg,"Hero view at Heritage Kothi Resort, Manali",1600,1067,0,2026-08-18T10:00:00+05:30
hmd_5c464f0b,htl_623c41c5,,exterior,media/hotels/htl_623c41c5/exterior.jpg,"Exterior view at Heritage Kothi Resort, Manali",1600,1067,1,2026-08-18T10:00:00+05:30
hmd_941f7736,htl_623c41c5,,lobby,media/hotels/htl_623c41c5/lobby.jpg,"Lobby view at Heritage Kothi Resort, Manali",1600,1067,2,2026-08-18T10:00:00+05:30
hmd_3e49cbf3,htl_623c41c5,rmt_51b7ae14,room,media/hotels/htl_623c41c5/room.jpg,"Room view at Heritage Kothi Resort, Manali",1600,1067,3,2026-08-18T10:00:00+05:30
hmd_5a61008f,htl_623c41c5,,dining,media/hotels/htl_623c41c5/dining.jpg,"Dining view at Heritage Kothi Resort, Manali",1600,1067,4,2026-08-18T10:00:00+05:30
hmd_d65b6f5f,htl_97c0591b,,hero,media/hotels/htl_97c0591b/hero.jpg,"Hero view at Hotel Bungalow Resort, Manali",1600,1067,0,2026-08-18T10:00:00+05:30
hmd_a30e7710,htl_97c0591b,,exterior,media/hotels/htl_97c0591b/exterior.jpg,"Exterior view at Hotel Bungalow Resort, Manali",1600,1067,1,2026-08-18T10:00:00+05:30
hmd_60f8a3ad,htl_97c0591b,,lobby,media/hotels/htl_97c0591b/lobby.jpg,"Lobby view at Hotel Bungalow Resort, Manali",1600,1067,2,2026-08-18T10:00:00+05:30
hmd_a519a41b,htl_97c0591b,rmt_73d9920d,room,media/hotels/htl_97c0591b/room.jpg,"Room view at Hotel Bungalow Resort, Manali",1600,1067,3,2026-08-18T10:00:00+05:30
hmd_834cf812,htl_97c0591b,,dining,media/hotels/htl_97c0591b/dining.jpg,"Dining view at Hotel Bungalow Resort, Manali",1600,1067,4,2026-08-18T10:00:00+05:30
hmd_1e1f74dd,htl_2b79009c,,hero,media/hotels/htl_2b79009c/hero.jpg,"Hero view at Palm Courtyard Heritage, Rishikesh",1600,1067,0,2026-08-18T10:00:00+05:30
hmd_66d98271,htl_2b79009c,,exterior,media/hotels/htl_2b79009c/exterior.jpg,"Exterior view at Palm Courtyard Heritage, Rishikesh",1600,1067,1,2026-08-18T10:00:00+05:30
hmd_1201f159,htl_2b79009c,,lobby,media/hotels/htl_2b79009c/lobby.jpg,"Lobby view at Palm Courtyard Heritage, Rishikesh",1600,1067,2,2026-08-18T10:00:00+05:30
hmd_642ee991,htl_2b79009c,rmt_0d517e28,room,media/hotels/htl_2b79009c/room.jpg,"Room view at Palm Courtyard Heritage, Rishikesh",1600,1067,3,2026-08-18T10:00:00+05:30
hmd_ecae5e22,htl_2b79009c,,dining,media/hotels/htl_2b79009c/dining.jpg,"Dining view at Palm Courtyard Heritage, Rishikesh",1600,1067,4,2026-08-18T10:00:00+05:30
hmd_c27642e5,htl_a7f2c402,,hero,media/hotels/htl_a7f2c402/hero.jpg,"Hero view at Grand Ghat House & Spa, Rishikesh",1600,1067,0,2026-08-18T10:00:00+05:30
hmd_0d573cb0,htl_a7f2c402,,exterior,media/hotels/htl_a7f2c402/exterior.jpg,"Exterior view at Grand Ghat House & Spa, Rishikesh",1600,1067,1,2026-08-18T10:00:00+05:30
hmd_168ee869,htl_a7f2c402,,lobby,media/hotels/htl_a7f2c402/lobby.jpg,"Lobby view at Grand Ghat House & Spa, Rishikesh",1600,1067,2,2026-08-18T10:00:00+05:30
hmd_5e277091,htl_a7f2c402,rmt_2678c966,room,media/hotels/htl_a7f2c402/room.jpg,"Room view at Grand Ghat House & Spa, Rishikesh",1600,1067,3,2026-08-18T10:00:00+05:30
hmd_a32031b5,htl_a7f2c402,,dining,media/hotels/htl_a7f2c402/dining.jpg,"Dining view at Grand Ghat House & Spa, Rishikesh",1600,1067,4,2026-08-18T10:00:00+05:30
hmd_0b6c34d7,htl_64e6662b,,hero,media/hotels/htl_64e6662b/hero.jpg,"Hero view at Royal Manor & Spa, Rishikesh",1600,1067,0,2026-08-18T10:00:00+05:30
hmd_1a39249a,htl_64e6662b,,exterior,media/hotels/htl_64e6662b/exterior.jpg,"Exterior view at Royal Manor & Spa, Rishikesh",1600,1067,1,2026-08-18T10:00:00+05:30
hmd_239e4506,htl_64e6662b,,lobby,media/hotels/htl_64e6662b/lobby.jpg,"Lobby view at Royal Manor & Spa, Rishikesh",1600,1067,2,2026-08-18T10:00:00+05:30
hmd_449b086b,htl_64e6662b,rmt_dd931f5b,room,media/hotels/htl_64e6662b/room.jpg,"Room view at Royal Manor & Spa, Rishikesh",1600,1067,3,2026-08-18T10:00:00+05:30
hmd_0b6385f7,htl_64e6662b,,dining,media/hotels/htl_64e6662b/dining.jpg,"Dining view at Royal Manor & Spa, Rishikesh",1600,1067,4,2026-08-18T10:00:00+05:30
hmd_4e0f0a05,htl_0e2c0e6e,,hero,media/hotels/htl_0e2c0e6e/hero.jpg,"Hero view at Hillview Niwas by the Lake  , Rishikesh",1600,1067,0,2026-08-18T10:00:00+05:30
hmd_1766a76a,htl_0e2c0e6e,,exterior,media/hotels/htl_0e2c0e6e/exterior.jpg,"Exterior view at Hillview Niwas by the Lake  , Rishikesh",1600,1067,1,2026-08-18T10:00:00+05:30
hmd_ebf0160d,htl_0e2c0e6e,,lobby,media/hotels/htl_0e2c0e6e/lobby.jpg,"Lobby view at Hillview Niwas by the Lake  , Rishikesh",1600,1067,2,2026-08-18T10:00:00+05:30
hmd_0ecae9e8,htl_0e2c0e6e,rmt_c5a671f6,room,media/hotels/htl_0e2c0e6e/room.jpg,"Room view at Hillview Niwas by the Lake  , Rishikesh",1600,1067,3,2026-08-18T10:00:00+05:30
hmd_0a439d36,htl_0e2c0e6e,,dining,media/hotels/htl_0e2c0e6e/dining.jpg,"Dining view at Hillview Niwas by the Lake  , Rishikesh",1600,1067,4,2026-08-18T10:00:00+05:30
hmd_5bb1cfb6,htl_34a81c98,,hero,media/hotels/htl_34a81c98/hero.jpg,"Hero view at Palm Haveli & Spa, Rishikesh",1600,1067,0,2026-08-18T10:00:00+05:30
hmd_5fa05fb8,htl_34a81c98,,exterior,media/hotels/htl_34a81c98/exterior.jpg,"Exterior view at Palm Haveli & Spa, Rishikesh",1600,1067,1,2026-08-18T10:00:00+05:30
hmd_471747ee,htl_34a81c98,,lobby,media/hotels/htl_34a81c98/lobby.jpg,"Lobby view at Palm Haveli & Spa, Rishikesh",1600,1067,2,2026-08-18T10:00:00+05:30
hmd_ceea6d75,htl_34a81c98,rmt_7943a300,room,media/hotels/htl_34a81c98/room.jpg,"Room view at Palm Haveli & Spa, Rishikesh",1600,1067,3,2026-08-18T10:00:00+05:30
hmd_71def0f5,htl_34a81c98,,dining,media/hotels/htl_34a81c98/dining.jpg,"Dining view at Palm Haveli & Spa, Rishikesh",1600,1067,4,2026-08-18T10:00:00+05:30
hmd_dcae2d1a,htl_fc4f2312,,hero,media/hotels/htl_fc4f2312/hero.jpg,"Hero view at Royal Vihar & Spa, Nainital",1600,1067,0,2026-08-18T10:00:00+05:30
hmd_432d1364,htl_fc4f2312,,exterior,media/hotels/htl_fc4f2312/exterior.jpg,"Exterior view at Royal Vihar & Spa, Nainital",1600,1067,1,2026-08-18T10:00:00+05:30
hmd_fba68a44,htl_fc4f2312,,lobby,media/hotels/htl_fc4f2312/lobby.jpg,"Lobby view at Royal Vihar & Spa, Nainital",1600,1067,2,2026-08-18T10:00:00+05:30
hmd_8d563ce7,htl_fc4f2312,rmt_0cd82f06,room,media/hotels/htl_fc4f2312/room.jpg,"Room view at Royal Vihar & Spa, Nainital",1600,1067,3,2026-08-18T10:00:00+05:30
hmd_1e2ea5c2,htl_fc4f2312,,dining,media/hotels/htl_fc4f2312/dining.jpg,"Dining view at Royal Vihar & Spa, Nainital",1600,1067,4,2026-08-18T10:00:00+05:30
hmd_34522699,htl_2c61b5c9,,hero,media/hotels/htl_2c61b5c9/hero.jpg,"Hero view at Heritage Vihar Suites, Nainital",1600,1067,0,2026-08-18T10:00:00+05:30
hmd_2f24fbce,htl_2c61b5c9,,exterior,media/hotels/htl_2c61b5c9/exterior.jpg,"Exterior view at Heritage Vihar Suites, Nainital",1600,1067,1,2026-08-18T10:00:00+05:30
hmd_d03c96a6,htl_2c61b5c9,,lobby,media/hotels/htl_2c61b5c9/lobby.jpg,"Lobby view at Heritage Vihar Suites, Nainital",1600,1067,2,2026-08-18T10:00:00+05:30
hmd_ca6c80c4,htl_2c61b5c9,rmt_8f603e4f,room,media/hotels/htl_2c61b5c9/room.jpg,"Room view at Heritage Vihar Suites, Nainital",1600,1067,3,2026-08-18T10:00:00+05:30
hmd_341463ae,htl_2c61b5c9,,dining,media/hotels/htl_2c61b5c9/dining.jpg,"Dining view at Heritage Vihar Suites, Nainital",1600,1067,4,2026-08-18T10:00:00+05:30
hmd_a5d57aac,htl_7920dc76,,hero,media/hotels/htl_7920dc76/hero.jpg,"Hero view at Casa Mahal & Spa, Nainital",1600,1067,0,2026-08-18T10:00:00+05:30
hmd_6efbd512,htl_7920dc76,,exterior,media/hotels/htl_7920dc76/exterior.jpg,"Exterior view at Casa Mahal & Spa, Nainital",1600,1067,1,2026-08-18T10:00:00+05:30
hmd_6e59e08f,htl_7920dc76,,lobby,media/hotels/htl_7920dc76/lobby.jpg,"Lobby view at Casa Mahal & Spa, Nainital",1600,1067,2,2026-08-18T10:00:00+05:30
hmd_37faa15f,htl_7920dc76,rmt_5205cb45,room,media/hotels/htl_7920dc76/room.jpg,"Room view at Casa Mahal & Spa, Nainital",1600,1067,3,2026-08-18T10:00:00+05:30
hmd_81770ae4,htl_7920dc76,,dining,media/hotels/htl_7920dc76/dining.jpg,"Dining view at Casa Mahal & Spa, Nainital",1600,1067,4,2026-08-18T10:00:00+05:30
hmd_c581a176,htl_07bfe1c5,,hero,media/hotels/htl_07bfe1c5/hero.jpg,"Hero view at Indigo Palms & Spa, Nainital",1600,1067,0,2026-08-18T10:00:00+05:30
hmd_b5e25b2d,htl_07bfe1c5,,exterior,media/hotels/htl_07bfe1c5/exterior.jpg,"Exterior view at Indigo Palms & Spa, Nainital",1600,1067,1,2026-08-18T10:00:00+05:30
hmd_c3d68b2e,htl_07bfe1c5,,lobby,media/hotels/htl_07bfe1c5/lobby.jpg,"Lobby view at Indigo Palms & Spa, Nainital",1600,1067,2,2026-08-18T10:00:00+05:30
hmd_daadd79c,htl_07bfe1c5,rmt_aca31c09,room,media/hotels/htl_07bfe1c5/room.jpg,"Room view at Indigo Palms & Spa, Nainital",1600,1067,3,2026-08-18T10:00:00+05:30
hmd_c36d38ed,htl_07bfe1c5,,dining,media/hotels/htl_07bfe1c5/dining.jpg,"Dining view at Indigo Palms & Spa, Nainital",1600,1067,4,2026-08-18T10:00:00+05:30
hmd_3cdaa5fb,htl_8727e865,,hero,media/hotels/htl_8727e865/hero.jpg,"Hero view at Amber Bungalow Inn, Nainital",1600,1067,0,2026-08-18T10:00:00+05:30
hmd_9995842d,htl_8727e865,,exterior,media/hotels/htl_8727e865/exterior.jpg,"Exterior view at Amber Bungalow Inn, Nainital",1600,1067,1,2026-08-18T10:00:00+05:30
hmd_64f0ed57,htl_8727e865,,lobby,media/hotels/htl_8727e865/lobby.jpg,"Lobby view at Amber Bungalow Inn, Nainital",1600,1067,2,2026-08-18T10:00:00+05:30
hmd_a3e06fed,htl_8727e865,rmt_eafcf781,room,media/hotels/htl_8727e865/room.jpg,"Room view at Amber Bungalow Inn, Nainital",1600,1067,3,2026-08-18T10:00:00+05:30
hmd_3728c4d9,htl_8727e865,,dining,media/hotels/htl_8727e865/dining.jpg,"Dining view at Amber Bungalow Inn, Nainital",1600,1067,4,2026-08-18T10:00:00+05:30
hmd_b0ba756f,htl_edab68d0,,hero,media/hotels/htl_edab68d0/hero.jpg,"Hero view at Indigo Meadows Boutique Stay, Leh",1600,1067,0,2026-08-18T10:00:00+05:30
hmd_8c4a3d93,htl_edab68d0,,exterior,media/hotels/htl_edab68d0/exterior.jpg,"Exterior view at Indigo Meadows Boutique Stay, Leh",1600,1067,1,2026-08-18T10:00:00+05:30
hmd_c1523f67,htl_edab68d0,,lobby,media/hotels/htl_edab68d0/lobby.jpg,"Lobby view at Indigo Meadows Boutique Stay, Leh",1600,1067,2,2026-08-18T10:00:00+05:30
hmd_1c0bfcb7,htl_edab68d0,rmt_4477c345,room,media/hotels/htl_edab68d0/room.jpg,"Room view at Indigo Meadows Boutique Stay, Leh",1600,1067,3,2026-08-18T10:00:00+05:30
hmd_42568240,htl_edab68d0,,dining,media/hotels/htl_edab68d0/dining.jpg,"Dining view at Indigo Meadows Boutique Stay, Leh",1600,1067,4,2026-08-18T10:00:00+05:30
hmd_f0d857b9,htl_76c57a96,,hero,media/hotels/htl_76c57a96/hero.jpg,"Hero view at Palm Ghat House by the Lake, Leh",1600,1067,0,2026-08-18T10:00:00+05:30
hmd_645ffc1f,htl_76c57a96,,exterior,media/hotels/htl_76c57a96/exterior.jpg,"Exterior view at Palm Ghat House by the Lake, Leh",1600,1067,1,2026-08-18T10:00:00+05:30
hmd_021d618b,htl_76c57a96,,lobby,media/hotels/htl_76c57a96/lobby.jpg,"Lobby view at Palm Ghat House by the Lake, Leh",1600,1067,2,2026-08-18T10:00:00+05:30
hmd_c5523a72,htl_76c57a96,rmt_3f20cfe3,room,media/hotels/htl_76c57a96/room.jpg,"Room view at Palm Ghat House by the Lake, Leh",1600,1067,3,2026-08-18T10:00:00+05:30
hmd_adb5afb6,htl_76c57a96,,dining,media/hotels/htl_76c57a96/dining.jpg,"Dining view at Palm Ghat House by the Lake, Leh",1600,1067,4,2026-08-18T10:00:00+05:30
hmd_64f147a9,htl_f6df417b,,hero,media/hotels/htl_f6df417b/hero.jpg,"Hero view at Royal Sanctuary Homestay, Leh",1600,1067,0,2026-08-18T10:00:00+05:30
hmd_4bc1cca2,htl_f6df417b,,exterior,media/hotels/htl_f6df417b/exterior.jpg,"Exterior view at Royal Sanctuary Homestay, Leh",1600,1067,1,2026-08-18T10:00:00+05:30
hmd_72707c38,htl_f6df417b,,lobby,media/hotels/htl_f6df417b/lobby.jpg,"Lobby view at Royal Sanctuary Homestay, Leh",1600,1067,2,2026-08-18T10:00:00+05:30
hmd_47616502,htl_f6df417b,rmt_363b952e,room,media/hotels/htl_f6df417b/room.jpg,"Room view at Royal Sanctuary Homestay, Leh",1600,1067,3,2026-08-18T10:00:00+05:30
hmd_5fe5438f,htl_f6df417b,,dining,media/hotels/htl_f6df417b/dining.jpg,"Dining view at Royal Sanctuary Homestay, Leh",1600,1067,4,2026-08-18T10:00:00+05:30
hmd_3964043f,htl_73b94512,,hero,media/hotels/htl_73b94512/hero.jpg,"Hero view at Casa Courtyard Suites, Leh",1600,1067,0,2026-08-18T10:00:00+05:30
hmd_4a2675ee,htl_73b94512,,exterior,media/hotels/htl_73b94512/exterior.jpg,"Exterior view at Casa Courtyard Suites, Leh",1600,1067,1,2026-08-18T10:00:00+05:30
hmd_1ee740c5,htl_73b94512,,lobby,media/hotels/htl_73b94512/lobby.jpg,"Lobby view at Casa Courtyard Suites, Leh",1600,1067,2,2026-08-18T10:00:00+05:30
hmd_e0fe63c0,htl_73b94512,rmt_f7dde849,room,media/hotels/htl_73b94512/room.jpg,"Room view at Casa Courtyard Suites, Leh",1600,1067,3,2026-08-18T10:00:00+05:30
hmd_f75ed38f,htl_73b94512,,dining,media/hotels/htl_73b94512/dining.jpg,"Dining view at Casa Courtyard Suites, Leh",1600,1067,4,2026-08-18T10:00:00+05:30
hmd_2e41fa5e,htl_d526541d,,hero,media/hotels/htl_d526541d/hero.jpg,"Hero view at Hillview Sarovar by the Lake, Leh",1600,1067,0,2026-08-18T10:00:00+05:30
hmd_a1a285e1,htl_d526541d,,exterior,media/hotels/htl_d526541d/exterior.jpg,"Exterior view at Hillview Sarovar by the Lake, Leh",1600,1067,1,2026-08-18T10:00:00+05:30
hmd_8722946b,htl_d526541d,,lobby,media/hotels/htl_d526541d/lobby.jpg,"Lobby view at Hillview Sarovar by the Lake, Leh",1600,1067,2,2026-08-18T10:00:00+05:30
hmd_0f0f9cb0,htl_d526541d,rmt_c867633e,room,media/hotels/htl_d526541d/room.jpg,"Room view at Hillview Sarovar by the Lake, Leh",1600,1067,3,2026-08-18T10:00:00+05:30
hmd_766c3209,htl_d526541d,,dining,media/hotels/htl_d526541d/dining.jpg,"Dining view at Hillview Sarovar by the Lake, Leh",1600,1067,4,2026-08-18T10:00:00+05:30
hmd_155870ba,htl_c6ab89b1,,hero,media/hotels/htl_c6ab89b1/hero.jpg,"Hero view at Indigo Meadows by the Lake, Srinagar",1600,1067,0,2026-08-18T10:00:00+05:30
hmd_a4a93396,htl_c6ab89b1,,exterior,media/hotels/htl_c6ab89b1/exterior.jpg,"Exterior view at Indigo Meadows by the Lake, Srinagar",1600,1067,1,2026-08-18T10:00:00+05:30
hmd_ae60579e,htl_c6ab89b1,,lobby,media/hotels/htl_c6ab89b1/lobby.jpg,"Lobby view at Indigo Meadows by the Lake, Srinagar",1600,1067,2,2026-08-18T10:00:00+05:30
hmd_00a40441,htl_c6ab89b1,rmt_9c7f9ef3,room,media/hotels/htl_c6ab89b1/room.jpg,"Room view at Indigo Meadows by the Lake, Srinagar",1600,1067,3,2026-08-18T10:00:00+05:30
hmd_46fc95e7,htl_c6ab89b1,,dining,media/hotels/htl_c6ab89b1/dining.jpg,"Dining view at Indigo Meadows by the Lake, Srinagar",1600,1067,4,2026-08-18T10:00:00+05:30
hmd_72dbb961,htl_cb869e4b,,hero,media/hotels/htl_cb869e4b/hero.jpg,"Hero view at Hillview Palms Boutique Stay, Srinagar",1600,1067,0,2026-08-18T10:00:00+05:30
hmd_e577f864,htl_cb869e4b,,exterior,media/hotels/htl_cb869e4b/exterior.jpg,"Exterior view at Hillview Palms Boutique Stay, Srinagar",1600,1067,1,2026-08-18T10:00:00+05:30
hmd_8c83468e,htl_cb869e4b,,lobby,media/hotels/htl_cb869e4b/lobby.jpg,"Lobby view at Hillview Palms Boutique Stay, Srinagar",1600,1067,2,2026-08-18T10:00:00+05:30
hmd_493c0d31,htl_cb869e4b,rmt_4def1ddd,room,media/hotels/htl_cb869e4b/room.jpg,"Room view at Hillview Palms Boutique Stay, Srinagar",1600,1067,3,2026-08-18T10:00:00+05:30
hmd_74d74648,htl_cb869e4b,,dining,media/hotels/htl_cb869e4b/dining.jpg,"Dining view at Hillview Palms Boutique Stay, Srinagar",1600,1067,4,2026-08-18T10:00:00+05:30
hmd_fddb887a,htl_53f95667,,hero,media/hotels/htl_53f95667/hero.jpg,"Hero view at Hotel Mahal & Spa, Srinagar",1600,1067,0,2026-08-18T10:00:00+05:30
hmd_fb869715,htl_53f95667,,exterior,media/hotels/htl_53f95667/exterior.jpg,"Exterior view at Hotel Mahal & Spa, Srinagar",1600,1067,1,2026-08-18T10:00:00+05:30
hmd_694dd2a2,htl_53f95667,,lobby,media/hotels/htl_53f95667/lobby.jpg,"Lobby view at Hotel Mahal & Spa, Srinagar",1600,1067,2,2026-08-18T10:00:00+05:30
hmd_b3d94b1c,htl_53f95667,rmt_a99668b1,room,media/hotels/htl_53f95667/room.jpg,"Room view at Hotel Mahal & Spa, Srinagar",1600,1067,3,2026-08-18T10:00:00+05:30
hmd_8a44bed8,htl_53f95667,,dining,media/hotels/htl_53f95667/dining.jpg,"Dining view at Hotel Mahal & Spa, Srinagar",1600,1067,4,2026-08-18T10:00:00+05:30
hmd_b2af4c3e,htl_4449653d,,hero,media/hotels/htl_4449653d/hero.jpg,"Hero view at Garden Sanctuary by the Lake, Srinagar",1600,1067,0,2026-08-18T10:00:00+05:30
hmd_ad78662d,htl_4449653d,,exterior,media/hotels/htl_4449653d/exterior.jpg,"Exterior view at Garden Sanctuary by the Lake, Srinagar",1600,1067,1,2026-08-18T10:00:00+05:30
hmd_e053a576,htl_4449653d,,lobby,media/hotels/htl_4449653d/lobby.jpg,"Lobby view at Garden Sanctuary by the Lake, Srinagar",1600,1067,2,2026-08-18T10:00:00+05:30
hmd_55cab81a,htl_4449653d,rmt_5742e95a,room,media/hotels/htl_4449653d/room.jpg,"Room view at Garden Sanctuary by the Lake, Srinagar",1600,1067,3,2026-08-18T10:00:00+05:30
hmd_6809f8ef,htl_4449653d,,dining,media/hotels/htl_4449653d/dining.jpg,"Dining view at Garden Sanctuary by the Lake, Srinagar",1600,1067,4,2026-08-18T10:00:00+05:30
hmd_d62f125c,htl_6439d03a,,hero,media/hotels/htl_6439d03a/hero.jpg,"Hero view at Villa Orchard Heritage, Srinagar",1600,1067,0,2026-08-18T10:00:00+05:30
hmd_79b98f6b,htl_6439d03a,,exterior,media/hotels/htl_6439d03a/exterior.jpg,"Exterior view at Villa Orchard Heritage, Srinagar",1600,1067,1,2026-08-18T10:00:00+05:30
hmd_c8ac9a3b,htl_6439d03a,,lobby,media/hotels/htl_6439d03a/lobby.jpg,"Lobby view at Villa Orchard Heritage, Srinagar",1600,1067,2,2026-08-18T10:00:00+05:30
hmd_f2d9f039,htl_6439d03a,rmt_fa2ef6ea,room,media/hotels/htl_6439d03a/room.jpg,"Room view at Villa Orchard Heritage, Srinagar",1600,1067,3,2026-08-18T10:00:00+05:30
hmd_16bd8339,htl_6439d03a,,dining,media/hotels/htl_6439d03a/dining.jpg,"Dining view at Villa Orchard Heritage, Srinagar",1600,1067,4,2026-08-18T10:00:00+05:30
hmd_17ec0b1d,htl_e28207c9,,hero,media/hotels/htl_e28207c9/hero.jpg,"Hero view at Grand Mahal by the Lake, Mumbai",1600,1067,0,2026-08-18T10:00:00+05:30
hmd_5fde5acf,htl_e28207c9,,exterior,media/hotels/htl_e28207c9/exterior.jpg,"Exterior view at Grand Mahal by the Lake, Mumbai",1600,1067,1,2026-08-18T10:00:00+05:30
hmd_2492abe4,htl_e28207c9,,lobby,media/hotels/htl_e28207c9/lobby.jpg,"Lobby view at Grand Mahal by the Lake, Mumbai",1600,1067,2,2026-08-18T10:00:00+05:30
hmd_06be8d3c,htl_e28207c9,rmt_b98688cb,room,media/hotels/htl_e28207c9/room.jpg,"Room view at Grand Mahal by the Lake, Mumbai",1600,1067,3,2026-08-18T10:00:00+05:30
hmd_1140fee5,htl_e28207c9,,dining,media/hotels/htl_e28207c9/dining.jpg,"Dining view at Grand Mahal by the Lake, Mumbai",1600,1067,4,2026-08-18T10:00:00+05:30
hmd_5962a970,htl_6fdb8c08,,hero,media/hotels/htl_6fdb8c08/hero.jpg,"Hero view at The Old Palms Heritage, Mumbai",1600,1067,0,2026-08-18T10:00:00+05:30
hmd_7667ad92,htl_6fdb8c08,,exterior,media/hotels/htl_6fdb8c08/exterior.jpg,"Exterior view at The Old Palms Heritage, Mumbai",1600,1067,1,2026-08-18T10:00:00+05:30
hmd_de460745,htl_6fdb8c08,,lobby,media/hotels/htl_6fdb8c08/lobby.jpg,"Lobby view at The Old Palms Heritage, Mumbai",1600,1067,2,2026-08-18T10:00:00+05:30
hmd_d3cc4a2b,htl_6fdb8c08,rmt_41f20a24,room,media/hotels/htl_6fdb8c08/room.jpg,"Room view at The Old Palms Heritage, Mumbai",1600,1067,3,2026-08-18T10:00:00+05:30
hmd_9dfe2e50,htl_6fdb8c08,,dining,media/hotels/htl_6fdb8c08/dining.jpg,"Dining view at The Old Palms Heritage, Mumbai",1600,1067,4,2026-08-18T10:00:00+05:30
hmd_cac23d58,htl_f819e1d6,,hero,media/hotels/htl_f819e1d6/hero.jpg,"Hero view at Villa Nest Resort, Mumbai",1600,1067,0,2026-08-18T10:00:00+05:30
hmd_bf32a587,htl_f819e1d6,,exterior,media/hotels/htl_f819e1d6/exterior.jpg,"Exterior view at Villa Nest Resort, Mumbai",1600,1067,1,2026-08-18T10:00:00+05:30
hmd_4707fc5b,htl_f819e1d6,,lobby,media/hotels/htl_f819e1d6/lobby.jpg,"Lobby view at Villa Nest Resort, Mumbai",1600,1067,2,2026-08-18T10:00:00+05:30
hmd_bcd00c3d,htl_f819e1d6,rmt_21f02a51,room,media/hotels/htl_f819e1d6/room.jpg,"Room view at Villa Nest Resort, Mumbai",1600,1067,3,2026-08-18T10:00:00+05:30
hmd_cd648cfe,htl_f819e1d6,,dining,media/hotels/htl_f819e1d6/dining.jpg,"Dining view at Villa Nest Resort, Mumbai",1600,1067,4,2026-08-18T10:00:00+05:30
hmd_8efc3f67,htl_7e8acd66,,hero,media/hotels/htl_7e8acd66/hero.jpg,"Hero view at Royal Meadows Resort, Mumbai",1600,1067,0,2026-08-18T10:00:00+05:30
hmd_cb572468,htl_7e8acd66,,exterior,media/hotels/htl_7e8acd66/exterior.jpg,"Exterior view at Royal Meadows Resort, Mumbai",1600,1067,1,2026-08-18T10:00:00+05:30
hmd_d5eeba49,htl_7e8acd66,,lobby,media/hotels/htl_7e8acd66/lobby.jpg,"Lobby view at Royal Meadows Resort, Mumbai",1600,1067,2,2026-08-18T10:00:00+05:30
hmd_6474a374,htl_7e8acd66,rmt_61459536,room,media/hotels/htl_7e8acd66/room.jpg,"Room view at Royal Meadows Resort, Mumbai",1600,1067,3,2026-08-18T10:00:00+05:30
hmd_93ee0bf0,htl_7e8acd66,,dining,media/hotels/htl_7e8acd66/dining.jpg,"Dining view at Royal Meadows Resort, Mumbai",1600,1067,4,2026-08-18T10:00:00+05:30
hmd_3e8a3ca1,htl_52debcee,,hero,media/hotels/htl_52debcee/hero.jpg,"Hero view at Villa Regency & Spa, Mumbai",1600,1067,0,2026-08-18T10:00:00+05:30
hmd_26722309,htl_52debcee,,exterior,media/hotels/htl_52debcee/exterior.jpg,"Exterior view at Villa Regency & Spa, Mumbai",1600,1067,1,2026-08-18T10:00:00+05:30
hmd_2e610e76,htl_52debcee,,lobby,media/hotels/htl_52debcee/lobby.jpg,"Lobby view at Villa Regency & Spa, Mumbai",1600,1067,2,2026-08-18T10:00:00+05:30
hmd_2ede8c0c,htl_52debcee,rmt_fe4c30eb,room,media/hotels/htl_52debcee/room.jpg,"Room view at Villa Regency & Spa, Mumbai",1600,1067,3,2026-08-18T10:00:00+05:30
hmd_f9419203,htl_52debcee,,dining,media/hotels/htl_52debcee/dining.jpg,"Dining view at Villa Regency & Spa, Mumbai",1600,1067,4,2026-08-18T10:00:00+05:30
hmd_4dde32c2,htl_b76950b4,,hero,media/hotels/htl_b76950b4/hero.jpg,"Hero view at Palm Niwas Heritage, Pune",1600,1067,0,2026-08-18T10:00:00+05:30
hmd_cb595e3b,htl_b76950b4,,exterior,media/hotels/htl_b76950b4/exterior.jpg,"Exterior view at Palm Niwas Heritage, Pune",1600,1067,1,2026-08-18T10:00:00+05:30
hmd_de487cd7,htl_b76950b4,,lobby,media/hotels/htl_b76950b4/lobby.jpg,"Lobby view at Palm Niwas Heritage, Pune",1600,1067,2,2026-08-18T10:00:00+05:30
hmd_cfbf41e2,htl_b76950b4,rmt_4f3fa69d,room,media/hotels/htl_b76950b4/room.jpg,"Room view at Palm Niwas Heritage, Pune",1600,1067,3,2026-08-18T10:00:00+05:30
hmd_3dcc7c2f,htl_b76950b4,,dining,media/hotels/htl_b76950b4/dining.jpg,"Dining view at Palm Niwas Heritage, Pune",1600,1067,4,2026-08-18T10:00:00+05:30
hmd_22e3b1d2,htl_bf05fe97,,hero,media/hotels/htl_bf05fe97/hero.jpg,"Hero view at Royal Nest Resort, Pune",1600,1067,0,2026-08-18T10:00:00+05:30
hmd_bdc0ab35,htl_bf05fe97,,exterior,media/hotels/htl_bf05fe97/exterior.jpg,"Exterior view at Royal Nest Resort, Pune",1600,1067,1,2026-08-18T10:00:00+05:30
hmd_8fea891b,htl_bf05fe97,,lobby,media/hotels/htl_bf05fe97/lobby.jpg,"Lobby view at Royal Nest Resort, Pune",1600,1067,2,2026-08-18T10:00:00+05:30
hmd_3178185a,htl_bf05fe97,rmt_37a43ed3,room,media/hotels/htl_bf05fe97/room.jpg,"Room view at Royal Nest Resort, Pune",1600,1067,3,2026-08-18T10:00:00+05:30
hmd_1c0dc1dc,htl_bf05fe97,,dining,media/hotels/htl_bf05fe97/dining.jpg,"Dining view at Royal Nest Resort, Pune",1600,1067,4,2026-08-18T10:00:00+05:30
hmd_b5f98add,htl_4a6af4a8,,hero,media/hotels/htl_4a6af4a8/hero.jpg,"Hero view at Amber Bungalow Inn, Pune",1600,1067,0,2026-08-18T10:00:00+05:30
hmd_f30d2cc6,htl_4a6af4a8,,exterior,media/hotels/htl_4a6af4a8/exterior.jpg,"Exterior view at Amber Bungalow Inn, Pune",1600,1067,1,2026-08-18T10:00:00+05:30
hmd_3c00bd7b,htl_4a6af4a8,,lobby,media/hotels/htl_4a6af4a8/lobby.jpg,"Lobby view at Amber Bungalow Inn, Pune",1600,1067,2,2026-08-18T10:00:00+05:30
hmd_8d02052c,htl_4a6af4a8,rmt_e83b097a,room,media/hotels/htl_4a6af4a8/room.jpg,"Room view at Amber Bungalow Inn, Pune",1600,1067,3,2026-08-18T10:00:00+05:30
hmd_4a01b6f4,htl_4a6af4a8,,dining,media/hotels/htl_4a6af4a8/dining.jpg,"Dining view at Amber Bungalow Inn, Pune",1600,1067,4,2026-08-18T10:00:00+05:30
hmd_a24647f8,htl_692b71cc,,hero,media/hotels/htl_692b71cc/hero.jpg,"Hero view at Riverside Kothi Boutique Stay, Pune",1600,1067,0,2026-08-18T10:00:00+05:30
hmd_24cabbed,htl_692b71cc,,exterior,media/hotels/htl_692b71cc/exterior.jpg,"Exterior view at Riverside Kothi Boutique Stay, Pune",1600,1067,1,2026-08-18T10:00:00+05:30
hmd_ab953b46,htl_692b71cc,,lobby,media/hotels/htl_692b71cc/lobby.jpg,"Lobby view at Riverside Kothi Boutique Stay, Pune",1600,1067,2,2026-08-18T10:00:00+05:30
hmd_8ab172b0,htl_692b71cc,rmt_351c3194,room,media/hotels/htl_692b71cc/room.jpg,"Room view at Riverside Kothi Boutique Stay, Pune",1600,1067,3,2026-08-18T10:00:00+05:30
hmd_28e46613,htl_692b71cc,,dining,media/hotels/htl_692b71cc/dining.jpg,"Dining view at Riverside Kothi Boutique Stay, Pune",1600,1067,4,2026-08-18T10:00:00+05:30
hmd_369a0f18,htl_6961a498,,hero,media/hotels/htl_6961a498/hero.jpg,"Hero view at Grand Retreat Homestay, Pune",1600,1067,0,2026-08-18T10:00:00+05:30
hmd_53fb5f64,htl_6961a498,,exterior,media/hotels/htl_6961a498/exterior.jpg,"Exterior view at Grand Retreat Homestay, Pune",1600,1067,1,2026-08-18T10:00:00+05:30
hmd_a0e357ae,htl_6961a498,,lobby,media/hotels/htl_6961a498/lobby.jpg,"Lobby view at Grand Retreat Homestay, Pune",1600,1067,2,2026-08-18T10:00:00+05:30
hmd_01b6395c,htl_6961a498,rmt_bb6fd965,room,media/hotels/htl_6961a498/room.jpg,"Room view at Grand Retreat Homestay, Pune",1600,1067,3,2026-08-18T10:00:00+05:30
hmd_1a20a020,htl_6961a498,,dining,media/hotels/htl_6961a498/dining.jpg,"Dining view at Grand Retreat Homestay, Pune",1600,1067,4,2026-08-18T10:00:00+05:30
hmd_661c5687,htl_1dc2d45a,,hero,media/hotels/htl_1dc2d45a/hero.jpg,"Hero view at Hillview Kothi, Aurangabad",1600,1067,0,2026-08-18T10:00:00+05:30
hmd_d59a917a,htl_1dc2d45a,,exterior,media/hotels/htl_1dc2d45a/exterior.jpg,"Exterior view at Hillview Kothi, Aurangabad",1600,1067,1,2026-08-18T10:00:00+05:30
hmd_e0e30c26,htl_1dc2d45a,,lobby,media/hotels/htl_1dc2d45a/lobby.jpg,"Lobby view at Hillview Kothi, Aurangabad",1600,1067,2,2026-08-18T10:00:00+05:30
hmd_8232b16a,htl_1dc2d45a,rmt_bde6c4e8,room,media/hotels/htl_1dc2d45a/room.jpg,"Room view at Hillview Kothi, Aurangabad",1600,1067,3,2026-08-18T10:00:00+05:30
hmd_b25bfc15,htl_1dc2d45a,,dining,media/hotels/htl_1dc2d45a/dining.jpg,"Dining view at Hillview Kothi, Aurangabad",1600,1067,4,2026-08-18T10:00:00+05:30
hmd_a2d95c8b,htl_d1ff6baa,,hero,media/hotels/htl_d1ff6baa/hero.jpg,"Hero view at The Old Terraces Homestay, Aurangabad",1600,1067,0,2026-08-18T10:00:00+05:30
hmd_333c0336,htl_d1ff6baa,,exterior,media/hotels/htl_d1ff6baa/exterior.jpg,"Exterior view at The Old Terraces Homestay, Aurangabad",1600,1067,1,2026-08-18T10:00:00+05:30
hmd_81c1beb7,htl_d1ff6baa,,lobby,media/hotels/htl_d1ff6baa/lobby.jpg,"Lobby view at The Old Terraces Homestay, Aurangabad",1600,1067,2,2026-08-18T10:00:00+05:30
hmd_517ee52e,htl_d1ff6baa,rmt_36e72487,room,media/hotels/htl_d1ff6baa/room.jpg,"Room view at The Old Terraces Homestay, Aurangabad",1600,1067,3,2026-08-18T10:00:00+05:30
hmd_cbf50aaf,htl_d1ff6baa,,dining,media/hotels/htl_d1ff6baa/dining.jpg,"Dining view at The Old Terraces Homestay, Aurangabad",1600,1067,4,2026-08-18T10:00:00+05:30
hmd_67b1df22,htl_28873757,,hero,media/hotels/htl_28873757/hero.jpg,"Hero view at Indigo Niwas Homestay, Aurangabad",1600,1067,0,2026-08-18T10:00:00+05:30
hmd_1991d4d2,htl_28873757,,exterior,media/hotels/htl_28873757/exterior.jpg,"Exterior view at Indigo Niwas Homestay, Aurangabad",1600,1067,1,2026-08-18T10:00:00+05:30
hmd_3e0ae40d,htl_28873757,,lobby,media/hotels/htl_28873757/lobby.jpg,"Lobby view at Indigo Niwas Homestay, Aurangabad",1600,1067,2,2026-08-18T10:00:00+05:30
hmd_8efe085f,htl_28873757,rmt_5ded57e5,room,media/hotels/htl_28873757/room.jpg,"Room view at Indigo Niwas Homestay, Aurangabad",1600,1067,3,2026-08-18T10:00:00+05:30
hmd_5a0c4ac9,htl_28873757,,dining,media/hotels/htl_28873757/dining.jpg,"Dining view at Indigo Niwas Homestay, Aurangabad",1600,1067,4,2026-08-18T10:00:00+05:30
hmd_ee23acd5,htl_be32214e,,hero,media/hotels/htl_be32214e/hero.jpg,"Hero view at The Sarovar Suites, Aurangabad",1600,1067,0,2026-08-18T10:00:00+05:30
hmd_04319292,htl_be32214e,,exterior,media/hotels/htl_be32214e/exterior.jpg,"Exterior view at The Sarovar Suites, Aurangabad",1600,1067,1,2026-08-18T10:00:00+05:30
hmd_0c58e8c7,htl_be32214e,,lobby,media/hotels/htl_be32214e/lobby.jpg,"Lobby view at The Sarovar Suites, Aurangabad",1600,1067,2,2026-08-18T10:00:00+05:30
hmd_457dd2db,htl_be32214e,rmt_aadbb36a,room,media/hotels/htl_be32214e/room.jpg,"Room view at The Sarovar Suites, Aurangabad",1600,1067,3,2026-08-18T10:00:00+05:30
hmd_69f592c4,htl_be32214e,,dining,media/hotels/htl_be32214e/dining.jpg,"Dining view at The Sarovar Suites, Aurangabad",1600,1067,4,2026-08-18T10:00:00+05:30
hmd_12a3793b,htl_9553dd98,,hero,media/hotels/htl_9553dd98/hero.jpg,"Hero view at Riverside Meadows Suites, Aurangabad",1600,1067,0,2026-08-18T10:00:00+05:30
hmd_a5cc62ff,htl_9553dd98,,exterior,media/hotels/htl_9553dd98/exterior.jpg,"Exterior view at Riverside Meadows Suites, Aurangabad",1600,1067,1,2026-08-18T10:00:00+05:30
hmd_4b1898d4,htl_9553dd98,,lobby,media/hotels/htl_9553dd98/lobby.jpg,"Lobby view at Riverside Meadows Suites, Aurangabad",1600,1067,2,2026-08-18T10:00:00+05:30
hmd_5a1b2ebc,htl_9553dd98,rmt_2a746672,room,media/hotels/htl_9553dd98/room.jpg,"Room view at Riverside Meadows Suites, Aurangabad",1600,1067,3,2026-08-18T10:00:00+05:30
hmd_dfcf2408,htl_9553dd98,,dining,media/hotels/htl_9553dd98/dining.jpg,"Dining view at Riverside Meadows Suites, Aurangabad",1600,1067,4,2026-08-18T10:00:00+05:30
hmd_7ac45477,htl_7d0e7ea3,,hero,media/hotels/htl_7d0e7ea3/hero.jpg,"Hero view at Hotel Courtyard by the Lake, Ahmedabad",1600,1067,0,2026-08-18T10:00:00+05:30
hmd_edf01d25,htl_7d0e7ea3,,exterior,media/hotels/htl_7d0e7ea3/exterior.jpg,"Exterior view at Hotel Courtyard by the Lake, Ahmedabad",1600,1067,1,2026-08-18T10:00:00+05:30
hmd_70f04212,htl_7d0e7ea3,,lobby,media/hotels/htl_7d0e7ea3/lobby.jpg,"Lobby view at Hotel Courtyard by the Lake, Ahmedabad",1600,1067,2,2026-08-18T10:00:00+05:30
hmd_a1c2dae7,htl_7d0e7ea3,rmt_cceb6055,room,media/hotels/htl_7d0e7ea3/room.jpg,"Room view at Hotel Courtyard by the Lake, Ahmedabad",1600,1067,3,2026-08-18T10:00:00+05:30
hmd_29141955,htl_7d0e7ea3,,dining,media/hotels/htl_7d0e7ea3/dining.jpg,"Dining view at Hotel Courtyard by the Lake, Ahmedabad",1600,1067,4,2026-08-18T10:00:00+05:30
hmd_e9b8e92d,htl_7cacf12d,,hero,media/hotels/htl_7cacf12d/hero.jpg,"Hero view at The Residency Homestay, Ahmedabad",1600,1067,0,2026-08-18T10:00:00+05:30
hmd_372f8a31,htl_7cacf12d,,exterior,media/hotels/htl_7cacf12d/exterior.jpg,"Exterior view at The Residency Homestay, Ahmedabad",1600,1067,1,2026-08-18T10:00:00+05:30
hmd_3867d418,htl_7cacf12d,,lobby,media/hotels/htl_7cacf12d/lobby.jpg,"Lobby view at The Residency Homestay, Ahmedabad",1600,1067,2,2026-08-18T10:00:00+05:30
hmd_44e088e9,htl_7cacf12d,rmt_ba5d7ad1,room,media/hotels/htl_7cacf12d/room.jpg,"Room view at The Residency Homestay, Ahmedabad",1600,1067,3,2026-08-18T10:00:00+05:30
hmd_709201c0,htl_7cacf12d,,dining,media/hotels/htl_7cacf12d/dining.jpg,"Dining view at The Residency Homestay, Ahmedabad",1600,1067,4,2026-08-18T10:00:00+05:30
hmd_743d0280,htl_107cf306,,hero,media/hotels/htl_107cf306/hero.jpg,"Hero view at Amber Regency Resort, Ahmedabad",1600,1067,0,2026-08-18T10:00:00+05:30
hmd_1615e384,htl_107cf306,,exterior,media/hotels/htl_107cf306/exterior.jpg,"Exterior view at Amber Regency Resort, Ahmedabad",1600,1067,1,2026-08-18T10:00:00+05:30
hmd_708d5e49,htl_107cf306,,lobby,media/hotels/htl_107cf306/lobby.jpg,"Lobby view at Amber Regency Resort, Ahmedabad",1600,1067,2,2026-08-18T10:00:00+05:30
hmd_2387a8da,htl_107cf306,rmt_7c90bc9e,room,media/hotels/htl_107cf306/room.jpg,"Room view at Amber Regency Resort, Ahmedabad",1600,1067,3,2026-08-18T10:00:00+05:30
hmd_fa85d7aa,htl_107cf306,,dining,media/hotels/htl_107cf306/dining.jpg,"Dining view at Amber Regency Resort, Ahmedabad",1600,1067,4,2026-08-18T10:00:00+05:30
hmd_fc00e641,htl_9fca9e1c,,hero,media/hotels/htl_9fca9e1c/hero.jpg,"Hero view at The Sanctuary Boutique Stay, Ahmedabad",1600,1067,0,2026-08-18T10:00:00+05:30
hmd_8a1a18ba,htl_9fca9e1c,,exterior,media/hotels/htl_9fca9e1c/exterior.jpg,"Exterior view at The Sanctuary Boutique Stay, Ahmedabad",1600,1067,1,2026-08-18T10:00:00+05:30
hmd_240e2af9,htl_9fca9e1c,,lobby,media/hotels/htl_9fca9e1c/lobby.jpg,"Lobby view at The Sanctuary Boutique Stay, Ahmedabad",1600,1067,2,2026-08-18T10:00:00+05:30
hmd_26a5e60d,htl_9fca9e1c,rmt_857bd06f,room,media/hotels/htl_9fca9e1c/room.jpg,"Room view at The Sanctuary Boutique Stay, Ahmedabad",1600,1067,3,2026-08-18T10:00:00+05:30
hmd_6ba2ce48,htl_9fca9e1c,,dining,media/hotels/htl_9fca9e1c/dining.jpg,"Dining view at The Sanctuary Boutique Stay, Ahmedabad",1600,1067,4,2026-08-18T10:00:00+05:30
hmd_310f5b55,htl_55eda192,,hero,media/hotels/htl_55eda192/hero.jpg,"Hero view at The Old Terraces Resort, Ahmedabad",1600,1067,0,2026-08-18T10:00:00+05:30
hmd_93819595,htl_55eda192,,exterior,media/hotels/htl_55eda192/exterior.jpg,"Exterior view at The Old Terraces Resort, Ahmedabad",1600,1067,1,2026-08-18T10:00:00+05:30
hmd_4aa8d82b,htl_55eda192,,lobby,media/hotels/htl_55eda192/lobby.jpg,"Lobby view at The Old Terraces Resort, Ahmedabad",1600,1067,2,2026-08-18T10:00:00+05:30
hmd_29f2e40e,htl_55eda192,rmt_2bfbfea7,room,media/hotels/htl_55eda192/room.jpg,"Room view at The Old Terraces Resort, Ahmedabad",1600,1067,3,2026-08-18T10:00:00+05:30
hmd_34c3510d,htl_55eda192,,dining,media/hotels/htl_55eda192/dining.jpg,"Dining view at The Old Terraces Resort, Ahmedabad",1600,1067,4,2026-08-18T10:00:00+05:30
hmd_4948b79a,htl_85d1f924,,hero,media/hotels/htl_85d1f924/hero.jpg,"Hero view at Casa Sanctuary, Bhuj",1600,1067,0,2026-08-18T10:00:00+05:30
hmd_6aed12d2,htl_85d1f924,,exterior,media/hotels/htl_85d1f924/exterior.jpg,"Exterior view at Casa Sanctuary, Bhuj",1600,1067,1,2026-08-18T10:00:00+05:30
hmd_43eafd40,htl_85d1f924,,lobby,media/hotels/htl_85d1f924/lobby.jpg,"Lobby view at Casa Sanctuary, Bhuj",1600,1067,2,2026-08-18T10:00:00+05:30
hmd_e56b5a5b,htl_85d1f924,rmt_5226ac27,room,media/hotels/htl_85d1f924/room.jpg,"Room view at Casa Sanctuary, Bhuj",1600,1067,3,2026-08-18T10:00:00+05:30
hmd_5a5b7f05,htl_85d1f924,,dining,media/hotels/htl_85d1f924/dining.jpg,"Dining view at Casa Sanctuary, Bhuj",1600,1067,4,2026-08-18T10:00:00+05:30
hmd_c1f43853,htl_fa769a3e,,hero,media/hotels/htl_fa769a3e/hero.jpg,"Hero view at The Old Bagh Resort, Bhuj",1600,1067,0,2026-08-18T10:00:00+05:30
hmd_59e9fb53,htl_fa769a3e,,exterior,media/hotels/htl_fa769a3e/exterior.jpg,"Exterior view at The Old Bagh Resort, Bhuj",1600,1067,1,2026-08-18T10:00:00+05:30
hmd_9c35415e,htl_fa769a3e,,lobby,media/hotels/htl_fa769a3e/lobby.jpg,"Lobby view at The Old Bagh Resort, Bhuj",1600,1067,2,2026-08-18T10:00:00+05:30
hmd_bd79b51f,htl_fa769a3e,rmt_c81be325,room,media/hotels/htl_fa769a3e/room.jpg,"Room view at The Old Bagh Resort, Bhuj",1600,1067,3,2026-08-18T10:00:00+05:30
hmd_9901c97f,htl_fa769a3e,,dining,media/hotels/htl_fa769a3e/dining.jpg,"Dining view at The Old Bagh Resort, Bhuj",1600,1067,4,2026-08-18T10:00:00+05:30
hmd_ff162e83,htl_4906f5ef,,hero,media/hotels/htl_4906f5ef/hero.jpg,"Hero view at The Vihar Suites, Bhuj",1600,1067,0,2026-08-18T10:00:00+05:30
hmd_a1e9016e,htl_4906f5ef,,exterior,media/hotels/htl_4906f5ef/exterior.jpg,"Exterior view at The Vihar Suites, Bhuj",1600,1067,1,2026-08-18T10:00:00+05:30
hmd_1039e35d,htl_4906f5ef,,lobby,media/hotels/htl_4906f5ef/lobby.jpg,"Lobby view at The Vihar Suites, Bhuj",1600,1067,2,2026-08-18T10:00:00+05:30
hmd_9b8bdd50,htl_4906f5ef,rmt_17ee9eea,room,media/hotels/htl_4906f5ef/room.jpg,"Room view at The Vihar Suites, Bhuj",1600,1067,3,2026-08-18T10:00:00+05:30
hmd_4cd2d249,htl_4906f5ef,,dining,media/hotels/htl_4906f5ef/dining.jpg,"Dining view at The Vihar Suites, Bhuj",1600,1067,4,2026-08-18T10:00:00+05:30
hmd_f2c02e8c,htl_722f8202,,hero,media/hotels/htl_722f8202/hero.jpg,"Hero view at Hillview Haveli Heritage, Bhuj",1600,1067,0,2026-08-18T10:00:00+05:30
hmd_d6f51155,htl_722f8202,,exterior,media/hotels/htl_722f8202/exterior.jpg,"Exterior view at Hillview Haveli Heritage, Bhuj",1600,1067,1,2026-08-18T10:00:00+05:30
hmd_a3894863,htl_722f8202,,lobby,media/hotels/htl_722f8202/lobby.jpg,"Lobby view at Hillview Haveli Heritage, Bhuj",1600,1067,2,2026-08-18T10:00:00+05:30
hmd_9686cad0,htl_722f8202,rmt_a1f469aa,room,media/hotels/htl_722f8202/room.jpg,"Room view at Hillview Haveli Heritage, Bhuj",1600,1067,3,2026-08-18T10:00:00+05:30
hmd_478bb0e7,htl_722f8202,,dining,media/hotels/htl_722f8202/dining.jpg,"Dining view at Hillview Haveli Heritage, Bhuj",1600,1067,4,2026-08-18T10:00:00+05:30
hmd_c0c5afd5,htl_f8fc5376,,hero,media/hotels/htl_f8fc5376/hero.jpg,"Hero view at Casa Vihar Homestay, Bhuj",1600,1067,0,2026-08-18T10:00:00+05:30
hmd_fcaf18b0,htl_f8fc5376,,exterior,media/hotels/htl_f8fc5376/exterior.jpg,"Exterior view at Casa Vihar Homestay, Bhuj",1600,1067,1,2026-08-18T10:00:00+05:30
hmd_689da651,htl_f8fc5376,,lobby,media/hotels/htl_f8fc5376/lobby.jpg,"Lobby view at Casa Vihar Homestay, Bhuj",1600,1067,2,2026-08-18T10:00:00+05:30
hmd_1251c577,htl_f8fc5376,rmt_c5694dba,room,media/hotels/htl_f8fc5376/room.jpg,"Room view at Casa Vihar Homestay, Bhuj",1600,1067,3,2026-08-18T10:00:00+05:30
hmd_60ff849f,htl_f8fc5376,,dining,media/hotels/htl_f8fc5376/dining.jpg,"Dining view at Casa Vihar Homestay, Bhuj",1600,1067,4,2026-08-18T10:00:00+05:30
hmd_45ca6e94,htl_704d96f5,,hero,media/hotels/htl_704d96f5/hero.jpg,"Hero view at Riverside Residency Boutique Stay, Panaji",1600,1067,0,2026-08-18T10:00:00+05:30
hmd_3b912e65,htl_704d96f5,,exterior,media/hotels/htl_704d96f5/exterior.jpg,"Exterior view at Riverside Residency Boutique Stay, Panaji",1600,1067,1,2026-08-18T10:00:00+05:30
hmd_e0f00845,htl_704d96f5,,lobby,media/hotels/htl_704d96f5/lobby.jpg,"Lobby view at Riverside Residency Boutique Stay, Panaji",1600,1067,2,2026-08-18T10:00:00+05:30
hmd_36dbc2c7,htl_704d96f5,rmt_2c314286,room,media/hotels/htl_704d96f5/room.jpg,"Room view at Riverside Residency Boutique Stay, Panaji",1600,1067,3,2026-08-18T10:00:00+05:30
hmd_a5969f48,htl_704d96f5,,dining,media/hotels/htl_704d96f5/dining.jpg,"Dining view at Riverside Residency Boutique Stay, Panaji",1600,1067,4,2026-08-18T10:00:00+05:30
hmd_5f70eda5,htl_14aa3026,,hero,media/hotels/htl_14aa3026/hero.jpg,"Hero view at The Sanctuary Homestay, Panaji",1600,1067,0,2026-08-18T10:00:00+05:30
hmd_3fd9d8e1,htl_14aa3026,,exterior,media/hotels/htl_14aa3026/exterior.jpg,"Exterior view at The Sanctuary Homestay, Panaji",1600,1067,1,2026-08-18T10:00:00+05:30
hmd_51c70ec3,htl_14aa3026,,lobby,media/hotels/htl_14aa3026/lobby.jpg,"Lobby view at The Sanctuary Homestay, Panaji",1600,1067,2,2026-08-18T10:00:00+05:30
hmd_1ff0a9b7,htl_14aa3026,rmt_bd238dcb,room,media/hotels/htl_14aa3026/room.jpg,"Room view at The Sanctuary Homestay, Panaji",1600,1067,3,2026-08-18T10:00:00+05:30
hmd_c0a68bd7,htl_14aa3026,,dining,media/hotels/htl_14aa3026/dining.jpg,"Dining view at The Sanctuary Homestay, Panaji",1600,1067,4,2026-08-18T10:00:00+05:30
hmd_4e5d7636,htl_1ef3de6b,,hero,media/hotels/htl_1ef3de6b/hero.jpg,"Hero view at Indigo Retreat by the Lake, Panaji",1600,1067,0,2026-08-18T10:00:00+05:30
hmd_9e9ad77b,htl_1ef3de6b,,exterior,media/hotels/htl_1ef3de6b/exterior.jpg,"Exterior view at Indigo Retreat by the Lake, Panaji",1600,1067,1,2026-08-18T10:00:00+05:30
hmd_a6d09963,htl_1ef3de6b,,lobby,media/hotels/htl_1ef3de6b/lobby.jpg,"Lobby view at Indigo Retreat by the Lake, Panaji",1600,1067,2,2026-08-18T10:00:00+05:30
hmd_bc26c257,htl_1ef3de6b,rmt_06ea2b02,room,media/hotels/htl_1ef3de6b/room.jpg,"Room view at Indigo Retreat by the Lake, Panaji",1600,1067,3,2026-08-18T10:00:00+05:30
hmd_483a6a81,htl_1ef3de6b,,dining,media/hotels/htl_1ef3de6b/dining.jpg,"Dining view at Indigo Retreat by the Lake, Panaji",1600,1067,4,2026-08-18T10:00:00+05:30
hmd_dc061a9d,htl_13ad06f2,,hero,media/hotels/htl_13ad06f2/hero.jpg,"Hero view at Lake Ghat House Boutique Stay, Panaji",1600,1067,0,2026-08-18T10:00:00+05:30
hmd_e4d123c2,htl_13ad06f2,,exterior,media/hotels/htl_13ad06f2/exterior.jpg,"Exterior view at Lake Ghat House Boutique Stay, Panaji",1600,1067,1,2026-08-18T10:00:00+05:30
hmd_9626f34c,htl_13ad06f2,,lobby,media/hotels/htl_13ad06f2/lobby.jpg,"Lobby view at Lake Ghat House Boutique Stay, Panaji",1600,1067,2,2026-08-18T10:00:00+05:30
hmd_55298b06,htl_13ad06f2,rmt_14ca2773,room,media/hotels/htl_13ad06f2/room.jpg,"Room view at Lake Ghat House Boutique Stay, Panaji",1600,1067,3,2026-08-18T10:00:00+05:30
hmd_123c192a,htl_13ad06f2,,dining,media/hotels/htl_13ad06f2/dining.jpg,"Dining view at Lake Ghat House Boutique Stay, Panaji",1600,1067,4,2026-08-18T10:00:00+05:30
hmd_099fb52d,htl_5488ed63,,hero,media/hotels/htl_5488ed63/hero.jpg,"Hero view at Indigo Kothi Heritage, Panaji",1600,1067,0,2026-08-18T10:00:00+05:30
hmd_e2029eec,htl_5488ed63,,exterior,media/hotels/htl_5488ed63/exterior.jpg,"Exterior view at Indigo Kothi Heritage, Panaji",1600,1067,1,2026-08-18T10:00:00+05:30
hmd_f45c90a4,htl_5488ed63,,lobby,media/hotels/htl_5488ed63/lobby.jpg,"Lobby view at Indigo Kothi Heritage, Panaji",1600,1067,2,2026-08-18T10:00:00+05:30
hmd_2a6edc1b,htl_5488ed63,rmt_c4bbb0c6,room,media/hotels/htl_5488ed63/room.jpg,"Room view at Indigo Kothi Heritage, Panaji",1600,1067,3,2026-08-18T10:00:00+05:30
hmd_dc8d0e5e,htl_5488ed63,,dining,media/hotels/htl_5488ed63/dining.jpg,"Dining view at Indigo Kothi Heritage, Panaji",1600,1067,4,2026-08-18T10:00:00+05:30
hmd_7446ce28,htl_ed48c7a2,,hero,media/hotels/htl_ed48c7a2/hero.jpg,"Hero view at Hillview Kothi Boutique Stay, Bengaluru",1600,1067,0,2026-08-18T10:00:00+05:30
hmd_4f9a0dbf,htl_ed48c7a2,,exterior,media/hotels/htl_ed48c7a2/exterior.jpg,"Exterior view at Hillview Kothi Boutique Stay, Bengaluru",1600,1067,1,2026-08-18T10:00:00+05:30
hmd_aa12c2c3,htl_ed48c7a2,,lobby,media/hotels/htl_ed48c7a2/lobby.jpg,"Lobby view at Hillview Kothi Boutique Stay, Bengaluru",1600,1067,2,2026-08-18T10:00:00+05:30
hmd_606a9e77,htl_ed48c7a2,rmt_4d4b46ba,room,media/hotels/htl_ed48c7a2/room.jpg,"Room view at Hillview Kothi Boutique Stay, Bengaluru",1600,1067,3,2026-08-18T10:00:00+05:30
hmd_3ea80a48,htl_ed48c7a2,,dining,media/hotels/htl_ed48c7a2/dining.jpg,"Dining view at Hillview Kothi Boutique Stay, Bengaluru",1600,1067,4,2026-08-18T10:00:00+05:30
hmd_4e953dae,htl_aceeb75d,,hero,media/hotels/htl_aceeb75d/hero.jpg,"Hero view at Hotel Residency Homestay, Bengaluru",1600,1067,0,2026-08-18T10:00:00+05:30
hmd_3f2efa17,htl_aceeb75d,,exterior,media/hotels/htl_aceeb75d/exterior.jpg,"Exterior view at Hotel Residency Homestay, Bengaluru",1600,1067,1,2026-08-18T10:00:00+05:30
hmd_fd8bedef,htl_aceeb75d,,lobby,media/hotels/htl_aceeb75d/lobby.jpg,"Lobby view at Hotel Residency Homestay, Bengaluru",1600,1067,2,2026-08-18T10:00:00+05:30
hmd_2c46c8a6,htl_aceeb75d,rmt_e1b24db7,room,media/hotels/htl_aceeb75d/room.jpg,"Room view at Hotel Residency Homestay, Bengaluru",1600,1067,3,2026-08-18T10:00:00+05:30
hmd_b2a31f90,htl_aceeb75d,,dining,media/hotels/htl_aceeb75d/dining.jpg,"Dining view at Hotel Residency Homestay, Bengaluru",1600,1067,4,2026-08-18T10:00:00+05:30
hmd_86ab591b,htl_df0a4506,,hero,media/hotels/htl_df0a4506/hero.jpg,"Hero view at Lake Residency Suites, Bengaluru",1600,1067,0,2026-08-18T10:00:00+05:30
hmd_6e9bc9ff,htl_df0a4506,,exterior,media/hotels/htl_df0a4506/exterior.jpg,"Exterior view at Lake Residency Suites, Bengaluru",1600,1067,1,2026-08-18T10:00:00+05:30
hmd_11cae564,htl_df0a4506,,lobby,media/hotels/htl_df0a4506/lobby.jpg,"Lobby view at Lake Residency Suites, Bengaluru",1600,1067,2,2026-08-18T10:00:00+05:30
hmd_800569a7,htl_df0a4506,rmt_3cd04cb9,room,media/hotels/htl_df0a4506/room.jpg,"Room view at Lake Residency Suites, Bengaluru",1600,1067,3,2026-08-18T10:00:00+05:30
hmd_ad4eb554,htl_df0a4506,,dining,media/hotels/htl_df0a4506/dining.jpg,"Dining view at Lake Residency Suites, Bengaluru",1600,1067,4,2026-08-18T10:00:00+05:30
hmd_6b418406,htl_5cc7b022,,hero,media/hotels/htl_5cc7b022/hero.jpg,"Hero view at Grand Meadows Boutique Stay, Bengaluru",1600,1067,0,2026-08-18T10:00:00+05:30
hmd_725eeb79,htl_5cc7b022,,exterior,media/hotels/htl_5cc7b022/exterior.jpg,"Exterior view at Grand Meadows Boutique Stay, Bengaluru",1600,1067,1,2026-08-18T10:00:00+05:30
hmd_8906a6c2,htl_5cc7b022,,lobby,media/hotels/htl_5cc7b022/lobby.jpg,"Lobby view at Grand Meadows Boutique Stay, Bengaluru",1600,1067,2,2026-08-18T10:00:00+05:30
hmd_ca3c7d52,htl_5cc7b022,rmt_32fa9828,room,media/hotels/htl_5cc7b022/room.jpg,"Room view at Grand Meadows Boutique Stay, Bengaluru",1600,1067,3,2026-08-18T10:00:00+05:30
hmd_accaf080,htl_5cc7b022,,dining,media/hotels/htl_5cc7b022/dining.jpg,"Dining view at Grand Meadows Boutique Stay, Bengaluru",1600,1067,4,2026-08-18T10:00:00+05:30
hmd_4b11445c,htl_436d4430,,hero,media/hotels/htl_436d4430/hero.jpg,"Hero view at The Old Mahal Inn, Bengaluru",1600,1067,0,2026-08-18T10:00:00+05:30
hmd_f8f9e6f6,htl_436d4430,,exterior,media/hotels/htl_436d4430/exterior.jpg,"Exterior view at The Old Mahal Inn, Bengaluru",1600,1067,1,2026-08-18T10:00:00+05:30
hmd_d1b572bf,htl_436d4430,,lobby,media/hotels/htl_436d4430/lobby.jpg,"Lobby view at The Old Mahal Inn, Bengaluru",1600,1067,2,2026-08-18T10:00:00+05:30
hmd_a0ffb7f4,htl_436d4430,rmt_3cb6cd30,room,media/hotels/htl_436d4430/room.jpg,"Room view at The Old Mahal Inn, Bengaluru",1600,1067,3,2026-08-18T10:00:00+05:30
hmd_5b5b6b0b,htl_436d4430,,dining,media/hotels/htl_436d4430/dining.jpg,"Dining view at The Old Mahal Inn, Bengaluru",1600,1067,4,2026-08-18T10:00:00+05:30
hmd_20c3c027,htl_ee1f6167,,hero,media/hotels/htl_ee1f6167/hero.jpg,"Hero view at The Old Sarovar Resort, Mysuru",1600,1067,0,2026-08-18T10:00:00+05:30
hmd_336b330d,htl_ee1f6167,,exterior,media/hotels/htl_ee1f6167/exterior.jpg,"Exterior view at The Old Sarovar Resort, Mysuru",1600,1067,1,2026-08-18T10:00:00+05:30
hmd_be81ea26,htl_ee1f6167,,lobby,media/hotels/htl_ee1f6167/lobby.jpg,"Lobby view at The Old Sarovar Resort, Mysuru",1600,1067,2,2026-08-18T10:00:00+05:30
hmd_a50f2799,htl_ee1f6167,rmt_63be6614,room,media/hotels/htl_ee1f6167/room.jpg,"Room view at The Old Sarovar Resort, Mysuru",1600,1067,3,2026-08-18T10:00:00+05:30
hmd_599026f9,htl_ee1f6167,,dining,media/hotels/htl_ee1f6167/dining.jpg,"Dining view at The Old Sarovar Resort, Mysuru",1600,1067,4,2026-08-18T10:00:00+05:30
hmd_9d203662,htl_6f9c55b9,,hero,media/hotels/htl_6f9c55b9/hero.jpg,"Hero view at Heritage Residency Inn, Mysuru",1600,1067,0,2026-08-18T10:00:00+05:30
hmd_aa5a3932,htl_6f9c55b9,,exterior,media/hotels/htl_6f9c55b9/exterior.jpg,"Exterior view at Heritage Residency Inn, Mysuru",1600,1067,1,2026-08-18T10:00:00+05:30
hmd_d0b9eada,htl_6f9c55b9,,lobby,media/hotels/htl_6f9c55b9/lobby.jpg,"Lobby view at Heritage Residency Inn, Mysuru",1600,1067,2,2026-08-18T10:00:00+05:30
hmd_7ab4b2eb,htl_6f9c55b9,rmt_d2516451,room,media/hotels/htl_6f9c55b9/room.jpg,"Room view at Heritage Residency Inn, Mysuru",1600,1067,3,2026-08-18T10:00:00+05:30
hmd_4e40e8ca,htl_6f9c55b9,,dining,media/hotels/htl_6f9c55b9/dining.jpg,"Dining view at Heritage Residency Inn, Mysuru",1600,1067,4,2026-08-18T10:00:00+05:30
hmd_d11be717,htl_e7f80c48,,hero,media/hotels/htl_e7f80c48/hero.jpg,"Hero view at Amber Palms by the Lake, Mysuru",1600,1067,0,2026-08-18T10:00:00+05:30
hmd_56da21b2,htl_e7f80c48,,exterior,media/hotels/htl_e7f80c48/exterior.jpg,"Exterior view at Amber Palms by the Lake, Mysuru",1600,1067,1,2026-08-18T10:00:00+05:30
hmd_43729cea,htl_e7f80c48,,lobby,media/hotels/htl_e7f80c48/lobby.jpg,"Lobby view at Amber Palms by the Lake, Mysuru",1600,1067,2,2026-08-18T10:00:00+05:30
hmd_199da663,htl_e7f80c48,rmt_f0cd7fd7,room,media/hotels/htl_e7f80c48/room.jpg,"Room view at Amber Palms by the Lake, Mysuru",1600,1067,3,2026-08-18T10:00:00+05:30
hmd_babeff6c,htl_e7f80c48,,dining,media/hotels/htl_e7f80c48/dining.jpg,"Dining view at Amber Palms by the Lake, Mysuru",1600,1067,4,2026-08-18T10:00:00+05:30
hmd_7e399a91,htl_a7836911,,hero,media/hotels/htl_a7836911/hero.jpg,"Hero view at Heritage Vihar by the Lake, Mysuru",1600,1067,0,2026-08-18T10:00:00+05:30
hmd_750c1a35,htl_a7836911,,exterior,media/hotels/htl_a7836911/exterior.jpg,"Exterior view at Heritage Vihar by the Lake, Mysuru",1600,1067,1,2026-08-18T10:00:00+05:30
hmd_b50d1e84,htl_a7836911,,lobby,media/hotels/htl_a7836911/lobby.jpg,"Lobby view at Heritage Vihar by the Lake, Mysuru",1600,1067,2,2026-08-18T10:00:00+05:30
hmd_b44c8919,htl_a7836911,rmt_2ee21607,room,media/hotels/htl_a7836911/room.jpg,"Room view at Heritage Vihar by the Lake, Mysuru",1600,1067,3,2026-08-18T10:00:00+05:30
hmd_2776f374,htl_a7836911,,dining,media/hotels/htl_a7836911/dining.jpg,"Dining view at Heritage Vihar by the Lake, Mysuru",1600,1067,4,2026-08-18T10:00:00+05:30
hmd_456d4368,htl_c649fa89,,hero,media/hotels/htl_c649fa89/hero.jpg,"Hero view at Lake Regency Inn, Mysuru",1600,1067,0,2026-08-18T10:00:00+05:30
hmd_a0c29916,htl_c649fa89,,exterior,media/hotels/htl_c649fa89/exterior.jpg,"Exterior view at Lake Regency Inn, Mysuru",1600,1067,1,2026-08-18T10:00:00+05:30
hmd_11e6589c,htl_c649fa89,,lobby,media/hotels/htl_c649fa89/lobby.jpg,"Lobby view at Lake Regency Inn, Mysuru",1600,1067,2,2026-08-18T10:00:00+05:30
hmd_2a2e442c,htl_c649fa89,rmt_49bdf69e,room,media/hotels/htl_c649fa89/room.jpg,"Room view at Lake Regency Inn, Mysuru",1600,1067,3,2026-08-18T10:00:00+05:30
hmd_d1afe5db,htl_c649fa89,,dining,media/hotels/htl_c649fa89/dining.jpg,"Dining view at Lake Regency Inn, Mysuru",1600,1067,4,2026-08-18T10:00:00+05:30
hmd_253aff18,htl_62ba5d99,,hero,media/hotels/htl_62ba5d99/hero.jpg,"Hero view at Grand Kothi & Spa, Hampi",1600,1067,0,2026-08-18T10:00:00+05:30
hmd_e8a5b898,htl_62ba5d99,,exterior,media/hotels/htl_62ba5d99/exterior.jpg,"Exterior view at Grand Kothi & Spa, Hampi",1600,1067,1,2026-08-18T10:00:00+05:30
hmd_ef8ad749,htl_62ba5d99,,lobby,media/hotels/htl_62ba5d99/lobby.jpg,"Lobby view at Grand Kothi & Spa, Hampi",1600,1067,2,2026-08-18T10:00:00+05:30
hmd_cb6493b6,htl_62ba5d99,rmt_7edee5da,room,media/hotels/htl_62ba5d99/room.jpg,"Room view at Grand Kothi & Spa, Hampi",1600,1067,3,2026-08-18T10:00:00+05:30
hmd_a2a2a0f6,htl_62ba5d99,,dining,media/hotels/htl_62ba5d99/dining.jpg,"Dining view at Grand Kothi & Spa, Hampi",1600,1067,4,2026-08-18T10:00:00+05:30
hmd_0b53ca4a,htl_a131f5ce,,hero,media/hotels/htl_a131f5ce/hero.jpg,"Hero view at The Courtyard by the Lake, Hampi",1600,1067,0,2026-08-18T10:00:00+05:30
hmd_f8606dff,htl_a131f5ce,,exterior,media/hotels/htl_a131f5ce/exterior.jpg,"Exterior view at The Courtyard by the Lake, Hampi",1600,1067,1,2026-08-18T10:00:00+05:30
hmd_4b9dbd32,htl_a131f5ce,,lobby,media/hotels/htl_a131f5ce/lobby.jpg,"Lobby view at The Courtyard by the Lake, Hampi",1600,1067,2,2026-08-18T10:00:00+05:30
hmd_98fd838f,htl_a131f5ce,rmt_0a6f68c7,room,media/hotels/htl_a131f5ce/room.jpg,"Room view at The Courtyard by the Lake, Hampi",1600,1067,3,2026-08-18T10:00:00+05:30
hmd_0d820537,htl_a131f5ce,,dining,media/hotels/htl_a131f5ce/dining.jpg,"Dining view at The Courtyard by the Lake, Hampi",1600,1067,4,2026-08-18T10:00:00+05:30
hmd_23e7e655,htl_5f017daa,,hero,media/hotels/htl_5f017daa/hero.jpg,"Hero view at Amber Palms, Hampi",1600,1067,0,2026-08-18T10:00:00+05:30
hmd_ec840737,htl_5f017daa,,exterior,media/hotels/htl_5f017daa/exterior.jpg,"Exterior view at Amber Palms, Hampi",1600,1067,1,2026-08-18T10:00:00+05:30
hmd_1f70a0b4,htl_5f017daa,,lobby,media/hotels/htl_5f017daa/lobby.jpg,"Lobby view at Amber Palms, Hampi",1600,1067,2,2026-08-18T10:00:00+05:30
hmd_0f00d3b3,htl_5f017daa,rmt_e45d6f7e,room,media/hotels/htl_5f017daa/room.jpg,"Room view at Amber Palms, Hampi",1600,1067,3,2026-08-18T10:00:00+05:30
hmd_eb810f6e,htl_5f017daa,,dining,media/hotels/htl_5f017daa/dining.jpg,"Dining view at Amber Palms, Hampi",1600,1067,4,2026-08-18T10:00:00+05:30
hmd_06876079,htl_b58f3951,,hero,media/hotels/htl_b58f3951/hero.jpg,"Hero view at Palm Regency Boutique Stay, Hampi",1600,1067,0,2026-08-18T10:00:00+05:30
hmd_c8110081,htl_b58f3951,,exterior,media/hotels/htl_b58f3951/exterior.jpg,"Exterior view at Palm Regency Boutique Stay, Hampi",1600,1067,1,2026-08-18T10:00:00+05:30
hmd_92390224,htl_b58f3951,,lobby,media/hotels/htl_b58f3951/lobby.jpg,"Lobby view at Palm Regency Boutique Stay, Hampi",1600,1067,2,2026-08-18T10:00:00+05:30
hmd_44527e4d,htl_b58f3951,rmt_eede5ffe,room,media/hotels/htl_b58f3951/room.jpg,"Room view at Palm Regency Boutique Stay, Hampi",1600,1067,3,2026-08-18T10:00:00+05:30
hmd_15c93154,htl_b58f3951,,dining,media/hotels/htl_b58f3951/dining.jpg,"Dining view at Palm Regency Boutique Stay, Hampi",1600,1067,4,2026-08-18T10:00:00+05:30
hmd_a7c946a7,htl_f415989a,,hero,media/hotels/htl_f415989a/hero.jpg,"Hero view at Indigo Niwas Resort, Hampi",1600,1067,0,2026-08-18T10:00:00+05:30
hmd_cd6dfe21,htl_f415989a,,exterior,media/hotels/htl_f415989a/exterior.jpg,"Exterior view at Indigo Niwas Resort, Hampi",1600,1067,1,2026-08-18T10:00:00+05:30
hmd_237bf0b5,htl_f415989a,,lobby,media/hotels/htl_f415989a/lobby.jpg,"Lobby view at Indigo Niwas Resort, Hampi",1600,1067,2,2026-08-18T10:00:00+05:30
hmd_7fd17c04,htl_f415989a,rmt_d5d1225e,room,media/hotels/htl_f415989a/room.jpg,"Room view at Indigo Niwas Resort, Hampi",1600,1067,3,2026-08-18T10:00:00+05:30
hmd_88d8f72b,htl_f415989a,,dining,media/hotels/htl_f415989a/dining.jpg,"Dining view at Indigo Niwas Resort, Hampi",1600,1067,4,2026-08-18T10:00:00+05:30
hmd_33ad27a2,htl_d1b123ad,,hero,media/hotels/htl_d1b123ad/hero.jpg,"Hero view at Palm Kothi Inn, Gokarna",1600,1067,0,2026-08-18T10:00:00+05:30
hmd_de13a751,htl_d1b123ad,,exterior,media/hotels/htl_d1b123ad/exterior.jpg,"Exterior view at Palm Kothi Inn, Gokarna",1600,1067,1,2026-08-18T10:00:00+05:30
hmd_af1d5b4b,htl_d1b123ad,,lobby,media/hotels/htl_d1b123ad/lobby.jpg,"Lobby view at Palm Kothi Inn, Gokarna",1600,1067,2,2026-08-18T10:00:00+05:30
hmd_f77112b3,htl_d1b123ad,rmt_6548e2cd,room,media/hotels/htl_d1b123ad/room.jpg,"Room view at Palm Kothi Inn, Gokarna",1600,1067,3,2026-08-18T10:00:00+05:30
hmd_62876d50,htl_d1b123ad,,dining,media/hotels/htl_d1b123ad/dining.jpg,"Dining view at Palm Kothi Inn, Gokarna",1600,1067,4,2026-08-18T10:00:00+05:30
hmd_813d8298,htl_0c108c67,,hero,media/hotels/htl_0c108c67/hero.jpg,"Hero view at Heritage Mahal Resort, Gokarna",1600,1067,0,2026-08-18T10:00:00+05:30
hmd_aeafadbe,htl_0c108c67,,exterior,media/hotels/htl_0c108c67/exterior.jpg,"Exterior view at Heritage Mahal Resort, Gokarna",1600,1067,1,2026-08-18T10:00:00+05:30
hmd_367355cd,htl_0c108c67,,lobby,media/hotels/htl_0c108c67/lobby.jpg,"Lobby view at Heritage Mahal Resort, Gokarna",1600,1067,2,2026-08-18T10:00:00+05:30
hmd_59fb43d7,htl_0c108c67,rmt_905576da,room,media/hotels/htl_0c108c67/room.jpg,"Room view at Heritage Mahal Resort, Gokarna",1600,1067,3,2026-08-18T10:00:00+05:30
hmd_22c5deb9,htl_0c108c67,,dining,media/hotels/htl_0c108c67/dining.jpg,"Dining view at Heritage Mahal Resort, Gokarna",1600,1067,4,2026-08-18T10:00:00+05:30
hmd_03cc3189,htl_3e63856a,,hero,media/hotels/htl_3e63856a/hero.jpg,"Hero view at The Bagh Resort, Gokarna",1600,1067,0,2026-08-18T10:00:00+05:30
hmd_dfe0153f,htl_3e63856a,,exterior,media/hotels/htl_3e63856a/exterior.jpg,"Exterior view at The Bagh Resort, Gokarna",1600,1067,1,2026-08-18T10:00:00+05:30
hmd_27f3013d,htl_3e63856a,,lobby,media/hotels/htl_3e63856a/lobby.jpg,"Lobby view at The Bagh Resort, Gokarna",1600,1067,2,2026-08-18T10:00:00+05:30
hmd_8ce6a1b0,htl_3e63856a,rmt_1b34ab4d,room,media/hotels/htl_3e63856a/room.jpg,"Room view at The Bagh Resort, Gokarna",1600,1067,3,2026-08-18T10:00:00+05:30
hmd_0226e5d1,htl_3e63856a,,dining,media/hotels/htl_3e63856a/dining.jpg,"Dining view at The Bagh Resort, Gokarna",1600,1067,4,2026-08-18T10:00:00+05:30
hmd_3732a485,htl_b1b494c7,,hero,media/hotels/htl_b1b494c7/hero.jpg,"Hero view at The Old Orchard & Spa, Gokarna",1600,1067,0,2026-08-18T10:00:00+05:30
hmd_db2a8a6c,htl_b1b494c7,,exterior,media/hotels/htl_b1b494c7/exterior.jpg,"Exterior view at The Old Orchard & Spa, Gokarna",1600,1067,1,2026-08-18T10:00:00+05:30
hmd_37d6d51f,htl_b1b494c7,,lobby,media/hotels/htl_b1b494c7/lobby.jpg,"Lobby view at The Old Orchard & Spa, Gokarna",1600,1067,2,2026-08-18T10:00:00+05:30
hmd_f45eae80,htl_b1b494c7,rmt_709c7acc,room,media/hotels/htl_b1b494c7/room.jpg,"Room view at The Old Orchard & Spa, Gokarna",1600,1067,3,2026-08-18T10:00:00+05:30
hmd_3336e058,htl_b1b494c7,,dining,media/hotels/htl_b1b494c7/dining.jpg,"Dining view at The Old Orchard & Spa, Gokarna",1600,1067,4,2026-08-18T10:00:00+05:30
hmd_bcf5a96d,htl_c134b947,,hero,media/hotels/htl_c134b947/hero.jpg,"Hero view at Casa Meadows Heritage, Gokarna",1600,1067,0,2026-08-18T10:00:00+05:30
hmd_0817a521,htl_c134b947,,exterior,media/hotels/htl_c134b947/exterior.jpg,"Exterior view at Casa Meadows Heritage, Gokarna",1600,1067,1,2026-08-18T10:00:00+05:30
hmd_c431d65c,htl_c134b947,,lobby,media/hotels/htl_c134b947/lobby.jpg,"Lobby view at Casa Meadows Heritage, Gokarna",1600,1067,2,2026-08-18T10:00:00+05:30
hmd_471e4bc0,htl_c134b947,rmt_39bad24e,room,media/hotels/htl_c134b947/room.jpg,"Room view at Casa Meadows Heritage, Gokarna",1600,1067,3,2026-08-18T10:00:00+05:30
hmd_bf777492,htl_c134b947,,dining,media/hotels/htl_c134b947/dining.jpg,"Dining view at Casa Meadows Heritage, Gokarna",1600,1067,4,2026-08-18T10:00:00+05:30
hmd_f3bfe02b,htl_040c557e,,hero,media/hotels/htl_040c557e/hero.jpg,"Hero view at The Old Niwas Boutique Stay, Chennai",1600,1067,0,2026-08-18T10:00:00+05:30
hmd_6e2d65f8,htl_040c557e,,exterior,media/hotels/htl_040c557e/exterior.jpg,"Exterior view at The Old Niwas Boutique Stay, Chennai",1600,1067,1,2026-08-18T10:00:00+05:30
hmd_8d9a4b80,htl_040c557e,,lobby,media/hotels/htl_040c557e/lobby.jpg,"Lobby view at The Old Niwas Boutique Stay, Chennai",1600,1067,2,2026-08-18T10:00:00+05:30
hmd_ca975297,htl_040c557e,rmt_9731daf4,room,media/hotels/htl_040c557e/room.jpg,"Room view at The Old Niwas Boutique Stay, Chennai",1600,1067,3,2026-08-18T10:00:00+05:30
hmd_d4184052,htl_040c557e,,dining,media/hotels/htl_040c557e/dining.jpg,"Dining view at The Old Niwas Boutique Stay, Chennai",1600,1067,4,2026-08-18T10:00:00+05:30
hmd_07b4d751,htl_8179b205,,hero,media/hotels/htl_8179b205/hero.jpg,"Hero view at Grand Courtyard, Chennai",1600,1067,0,2026-08-18T10:00:00+05:30
hmd_d53db5e6,htl_8179b205,,exterior,media/hotels/htl_8179b205/exterior.jpg,"Exterior view at Grand Courtyard, Chennai",1600,1067,1,2026-08-18T10:00:00+05:30
hmd_b06fc8ce,htl_8179b205,,lobby,media/hotels/htl_8179b205/lobby.jpg,"Lobby view at Grand Courtyard, Chennai",1600,1067,2,2026-08-18T10:00:00+05:30
hmd_6d730c87,htl_8179b205,rmt_0eac32b1,room,media/hotels/htl_8179b205/room.jpg,"Room view at Grand Courtyard, Chennai",1600,1067,3,2026-08-18T10:00:00+05:30
hmd_2d13da73,htl_8179b205,,dining,media/hotels/htl_8179b205/dining.jpg,"Dining view at Grand Courtyard, Chennai",1600,1067,4,2026-08-18T10:00:00+05:30
hmd_94b2da96,htl_9b015642,,hero,media/hotels/htl_9b015642/hero.jpg,"Hero view at Palm Retreat Heritage, Chennai",1600,1067,0,2026-08-18T10:00:00+05:30
hmd_0a857961,htl_9b015642,,exterior,media/hotels/htl_9b015642/exterior.jpg,"Exterior view at Palm Retreat Heritage, Chennai",1600,1067,1,2026-08-18T10:00:00+05:30
hmd_8a257d69,htl_9b015642,,lobby,media/hotels/htl_9b015642/lobby.jpg,"Lobby view at Palm Retreat Heritage, Chennai",1600,1067,2,2026-08-18T10:00:00+05:30
hmd_2c74d174,htl_9b015642,rmt_013959d4,room,media/hotels/htl_9b015642/room.jpg,"Room view at Palm Retreat Heritage, Chennai",1600,1067,3,2026-08-18T10:00:00+05:30
hmd_5b9d2eb3,htl_9b015642,,dining,media/hotels/htl_9b015642/dining.jpg,"Dining view at Palm Retreat Heritage, Chennai",1600,1067,4,2026-08-18T10:00:00+05:30
hmd_12d47ec8,htl_e13e7c6e,,hero,media/hotels/htl_e13e7c6e/hero.jpg,"Hero view at Hotel Niwas by the Lake, Chennai",1600,1067,0,2026-08-18T10:00:00+05:30
hmd_e58cc162,htl_e13e7c6e,,exterior,media/hotels/htl_e13e7c6e/exterior.jpg,"Exterior view at Hotel Niwas by the Lake, Chennai",1600,1067,1,2026-08-18T10:00:00+05:30
hmd_ae8d693b,htl_e13e7c6e,,lobby,media/hotels/htl_e13e7c6e/lobby.jpg,"Lobby view at Hotel Niwas by the Lake, Chennai",1600,1067,2,2026-08-18T10:00:00+05:30
hmd_46785e01,htl_e13e7c6e,rmt_bc84cb85,room,media/hotels/htl_e13e7c6e/room.jpg,"Room view at Hotel Niwas by the Lake, Chennai",1600,1067,3,2026-08-18T10:00:00+05:30
hmd_096ea0ff,htl_e13e7c6e,,dining,media/hotels/htl_e13e7c6e/dining.jpg,"Dining view at Hotel Niwas by the Lake, Chennai",1600,1067,4,2026-08-18T10:00:00+05:30
hmd_4e210507,htl_b93e42eb,,hero,media/hotels/htl_b93e42eb/hero.jpg,"Hero view at Heritage Manor Homestay, Chennai",1600,1067,0,2026-08-18T10:00:00+05:30
hmd_98b8df80,htl_b93e42eb,,exterior,media/hotels/htl_b93e42eb/exterior.jpg,"Exterior view at Heritage Manor Homestay, Chennai",1600,1067,1,2026-08-18T10:00:00+05:30
hmd_b29514d4,htl_b93e42eb,,lobby,media/hotels/htl_b93e42eb/lobby.jpg,"Lobby view at Heritage Manor Homestay, Chennai",1600,1067,2,2026-08-18T10:00:00+05:30
hmd_a12944cb,htl_b93e42eb,rmt_cf661344,room,media/hotels/htl_b93e42eb/room.jpg,"Room view at Heritage Manor Homestay, Chennai",1600,1067,3,2026-08-18T10:00:00+05:30
hmd_cadbd4b8,htl_b93e42eb,,dining,media/hotels/htl_b93e42eb/dining.jpg,"Dining view at Heritage Manor Homestay, Chennai",1600,1067,4,2026-08-18T10:00:00+05:30
hmd_9b5885c4,htl_9643ee61,,hero,media/hotels/htl_9643ee61/hero.jpg,"Hero view at Riverside Mahal Homestay, Madurai",1600,1067,0,2026-08-18T10:00:00+05:30
hmd_46de1b5a,htl_9643ee61,,exterior,media/hotels/htl_9643ee61/exterior.jpg,"Exterior view at Riverside Mahal Homestay, Madurai",1600,1067,1,2026-08-18T10:00:00+05:30
hmd_113c6403,htl_9643ee61,,lobby,media/hotels/htl_9643ee61/lobby.jpg,"Lobby view at Riverside Mahal Homestay, Madurai",1600,1067,2,2026-08-18T10:00:00+05:30
hmd_10913845,htl_9643ee61,rmt_dd8fc98d,room,media/hotels/htl_9643ee61/room.jpg,"Room view at Riverside Mahal Homestay, Madurai",1600,1067,3,2026-08-18T10:00:00+05:30
hmd_adb2f5ac,htl_9643ee61,,dining,media/hotels/htl_9643ee61/dining.jpg,"Dining view at Riverside Mahal Homestay, Madurai",1600,1067,4,2026-08-18T10:00:00+05:30
hmd_c6b2d574,htl_c9bc505f,,hero,media/hotels/htl_c9bc505f/hero.jpg,"Hero view at Lake Nest Boutique Stay, Madurai",1600,1067,0,2026-08-18T10:00:00+05:30
hmd_14436624,htl_c9bc505f,,exterior,media/hotels/htl_c9bc505f/exterior.jpg,"Exterior view at Lake Nest Boutique Stay, Madurai",1600,1067,1,2026-08-18T10:00:00+05:30
hmd_9c08791d,htl_c9bc505f,,lobby,media/hotels/htl_c9bc505f/lobby.jpg,"Lobby view at Lake Nest Boutique Stay, Madurai",1600,1067,2,2026-08-18T10:00:00+05:30
hmd_3bee7987,htl_c9bc505f,rmt_22e18967,room,media/hotels/htl_c9bc505f/room.jpg,"Room view at Lake Nest Boutique Stay, Madurai",1600,1067,3,2026-08-18T10:00:00+05:30
hmd_e6bdda93,htl_c9bc505f,,dining,media/hotels/htl_c9bc505f/dining.jpg,"Dining view at Lake Nest Boutique Stay, Madurai",1600,1067,4,2026-08-18T10:00:00+05:30
hmd_68659283,htl_7aa20f17,,hero,media/hotels/htl_7aa20f17/hero.jpg,"Hero view at The Old Nest Homestay, Madurai",1600,1067,0,2026-08-18T10:00:00+05:30
hmd_95e00a37,htl_7aa20f17,,exterior,media/hotels/htl_7aa20f17/exterior.jpg,"Exterior view at The Old Nest Homestay, Madurai",1600,1067,1,2026-08-18T10:00:00+05:30
hmd_34e81ca6,htl_7aa20f17,,lobby,media/hotels/htl_7aa20f17/lobby.jpg,"Lobby view at The Old Nest Homestay, Madurai",1600,1067,2,2026-08-18T10:00:00+05:30
hmd_3bd4061b,htl_7aa20f17,rmt_3661f45e,room,media/hotels/htl_7aa20f17/room.jpg,"Room view at The Old Nest Homestay, Madurai",1600,1067,3,2026-08-18T10:00:00+05:30
hmd_446c17f6,htl_7aa20f17,,dining,media/hotels/htl_7aa20f17/dining.jpg,"Dining view at The Old Nest Homestay, Madurai",1600,1067,4,2026-08-18T10:00:00+05:30
hmd_52544447,htl_ec9ef535,,hero,media/hotels/htl_ec9ef535/hero.jpg,"Hero view at The Old Sanctuary Homestay, Madurai",1600,1067,0,2026-08-18T10:00:00+05:30
hmd_a661dbbd,htl_ec9ef535,,exterior,media/hotels/htl_ec9ef535/exterior.jpg,"Exterior view at The Old Sanctuary Homestay, Madurai",1600,1067,1,2026-08-18T10:00:00+05:30
hmd_33524e45,htl_ec9ef535,,lobby,media/hotels/htl_ec9ef535/lobby.jpg,"Lobby view at The Old Sanctuary Homestay, Madurai",1600,1067,2,2026-08-18T10:00:00+05:30
hmd_90e812ba,htl_ec9ef535,rmt_6b108445,room,media/hotels/htl_ec9ef535/room.jpg,"Room view at The Old Sanctuary Homestay, Madurai",1600,1067,3,2026-08-18T10:00:00+05:30
hmd_83b3ca6f,htl_ec9ef535,,dining,media/hotels/htl_ec9ef535/dining.jpg,"Dining view at The Old Sanctuary Homestay, Madurai",1600,1067,4,2026-08-18T10:00:00+05:30
hmd_03724f86,htl_bc107f55,,hero,media/hotels/htl_bc107f55/hero.jpg,"Hero view at Hotel Nest Suites, Madurai",1600,1067,0,2026-08-18T10:00:00+05:30
hmd_2c256eeb,htl_bc107f55,,exterior,media/hotels/htl_bc107f55/exterior.jpg,"Exterior view at Hotel Nest Suites, Madurai",1600,1067,1,2026-08-18T10:00:00+05:30
hmd_6499bfb4,htl_bc107f55,,lobby,media/hotels/htl_bc107f55/lobby.jpg,"Lobby view at Hotel Nest Suites, Madurai",1600,1067,2,2026-08-18T10:00:00+05:30
hmd_b74bbb63,htl_bc107f55,rmt_adfde93d,room,media/hotels/htl_bc107f55/room.jpg,"Room view at Hotel Nest Suites, Madurai",1600,1067,3,2026-08-18T10:00:00+05:30
hmd_69fec6f2,htl_bc107f55,,dining,media/hotels/htl_bc107f55/dining.jpg,"Dining view at Hotel Nest Suites, Madurai",1600,1067,4,2026-08-18T10:00:00+05:30
hmd_fd453f1f,htl_7bdd1aff,,hero,media/hotels/htl_7bdd1aff/hero.jpg,"Hero view at Riverside Sarovar Boutique Stay, Ooty",1600,1067,0,2026-08-18T10:00:00+05:30
hmd_10f4c834,htl_7bdd1aff,,exterior,media/hotels/htl_7bdd1aff/exterior.jpg,"Exterior view at Riverside Sarovar Boutique Stay, Ooty",1600,1067,1,2026-08-18T10:00:00+05:30
hmd_f6ebccb6,htl_7bdd1aff,,lobby,media/hotels/htl_7bdd1aff/lobby.jpg,"Lobby view at Riverside Sarovar Boutique Stay, Ooty",1600,1067,2,2026-08-18T10:00:00+05:30
hmd_a9e41828,htl_7bdd1aff,rmt_5b220b9c,room,media/hotels/htl_7bdd1aff/room.jpg,"Room view at Riverside Sarovar Boutique Stay, Ooty",1600,1067,3,2026-08-18T10:00:00+05:30
hmd_13449134,htl_7bdd1aff,,dining,media/hotels/htl_7bdd1aff/dining.jpg,"Dining view at Riverside Sarovar Boutique Stay, Ooty",1600,1067,4,2026-08-18T10:00:00+05:30
hmd_988d7e44,htl_e3c2d87b,,hero,media/hotels/htl_e3c2d87b/hero.jpg,"Hero view at Royal Orchard Heritage, Ooty",1600,1067,0,2026-08-18T10:00:00+05:30
hmd_d6c614dc,htl_e3c2d87b,,exterior,media/hotels/htl_e3c2d87b/exterior.jpg,"Exterior view at Royal Orchard Heritage, Ooty",1600,1067,1,2026-08-18T10:00:00+05:30
hmd_2069e556,htl_e3c2d87b,,lobby,media/hotels/htl_e3c2d87b/lobby.jpg,"Lobby view at Royal Orchard Heritage, Ooty",1600,1067,2,2026-08-18T10:00:00+05:30
hmd_c9a3d950,htl_e3c2d87b,rmt_5b68a891,room,media/hotels/htl_e3c2d87b/room.jpg,"Room view at Royal Orchard Heritage, Ooty",1600,1067,3,2026-08-18T10:00:00+05:30
hmd_ec169d70,htl_e3c2d87b,,dining,media/hotels/htl_e3c2d87b/dining.jpg,"Dining view at Royal Orchard Heritage, Ooty",1600,1067,4,2026-08-18T10:00:00+05:30
hmd_52df2e1b,htl_bf678135,,hero,media/hotels/htl_bf678135/hero.jpg,"Hero view at The Vihar Suites  , Ooty",1600,1067,0,2026-08-18T10:00:00+05:30
hmd_c0b44c39,htl_bf678135,,exterior,media/hotels/htl_bf678135/exterior.jpg,"Exterior view at The Vihar Suites  , Ooty",1600,1067,1,2026-08-18T10:00:00+05:30
hmd_a1524a97,htl_bf678135,,lobby,media/hotels/htl_bf678135/lobby.jpg,"Lobby view at The Vihar Suites  , Ooty",1600,1067,2,2026-08-18T10:00:00+05:30
hmd_fa29530a,htl_bf678135,rmt_b91c7e7c,room,media/hotels/htl_bf678135/room.jpg,"Room view at The Vihar Suites  , Ooty",1600,1067,3,2026-08-18T10:00:00+05:30
hmd_6f10cbe7,htl_bf678135,,dining,media/hotels/htl_bf678135/dining.jpg,"Dining view at The Vihar Suites  , Ooty",1600,1067,4,2026-08-18T10:00:00+05:30
hmd_81e9e06a,htl_13418139,,hero,media/hotels/htl_13418139/hero.jpg,"Hero view at Royal Meadows Boutique Stay, Ooty",1600,1067,0,2026-08-18T10:00:00+05:30
hmd_ce8cc3d5,htl_13418139,,exterior,media/hotels/htl_13418139/exterior.jpg,"Exterior view at Royal Meadows Boutique Stay, Ooty",1600,1067,1,2026-08-18T10:00:00+05:30
hmd_aa4944c4,htl_13418139,,lobby,media/hotels/htl_13418139/lobby.jpg,"Lobby view at Royal Meadows Boutique Stay, Ooty",1600,1067,2,2026-08-18T10:00:00+05:30
hmd_705b9b92,htl_13418139,rmt_da87f9bd,room,media/hotels/htl_13418139/room.jpg,"Room view at Royal Meadows Boutique Stay, Ooty",1600,1067,3,2026-08-18T10:00:00+05:30
hmd_bd280eb9,htl_13418139,,dining,media/hotels/htl_13418139/dining.jpg,"Dining view at Royal Meadows Boutique Stay, Ooty",1600,1067,4,2026-08-18T10:00:00+05:30
hmd_e5fd9460,htl_5a20d360,,hero,media/hotels/htl_5a20d360/hero.jpg,"Hero view at Casa Courtyard Boutique Stay, Ooty",1600,1067,0,2026-08-18T10:00:00+05:30
hmd_9ea75ae1,htl_5a20d360,,exterior,media/hotels/htl_5a20d360/exterior.jpg,"Exterior view at Casa Courtyard Boutique Stay, Ooty",1600,1067,1,2026-08-18T10:00:00+05:30
hmd_591dee14,htl_5a20d360,,lobby,media/hotels/htl_5a20d360/lobby.jpg,"Lobby view at Casa Courtyard Boutique Stay, Ooty",1600,1067,2,2026-08-18T10:00:00+05:30
hmd_40805944,htl_5a20d360,rmt_800763ea,room,media/hotels/htl_5a20d360/room.jpg,"Room view at Casa Courtyard Boutique Stay, Ooty",1600,1067,3,2026-08-18T10:00:00+05:30
hmd_f0313af8,htl_5a20d360,,dining,media/hotels/htl_5a20d360/dining.jpg,"Dining view at Casa Courtyard Boutique Stay, Ooty",1600,1067,4,2026-08-18T10:00:00+05:30
hmd_16e1336f,htl_b9dc154f,,hero,media/hotels/htl_b9dc154f/hero.jpg,"Hero view at The Old Mahal Resort, Pondicherry",1600,1067,0,2026-08-18T10:00:00+05:30
hmd_83b3197d,htl_b9dc154f,,exterior,media/hotels/htl_b9dc154f/exterior.jpg,"Exterior view at The Old Mahal Resort, Pondicherry",1600,1067,1,2026-08-18T10:00:00+05:30
hmd_0e72c401,htl_b9dc154f,,lobby,media/hotels/htl_b9dc154f/lobby.jpg,"Lobby view at The Old Mahal Resort, Pondicherry",1600,1067,2,2026-08-18T10:00:00+05:30
hmd_466cdc2e,htl_b9dc154f,rmt_e561c575,room,media/hotels/htl_b9dc154f/room.jpg,"Room view at The Old Mahal Resort, Pondicherry",1600,1067,3,2026-08-18T10:00:00+05:30
hmd_240c30fe,htl_b9dc154f,,dining,media/hotels/htl_b9dc154f/dining.jpg,"Dining view at The Old Mahal Resort, Pondicherry",1600,1067,4,2026-08-18T10:00:00+05:30
hmd_5dc5c239,htl_7bb07d85,,hero,media/hotels/htl_7bb07d85/hero.jpg,"Hero view at Villa Verandah Resort, Pondicherry",1600,1067,0,2026-08-18T10:00:00+05:30
hmd_07e7fbc6,htl_7bb07d85,,exterior,media/hotels/htl_7bb07d85/exterior.jpg,"Exterior view at Villa Verandah Resort, Pondicherry",1600,1067,1,2026-08-18T10:00:00+05:30
hmd_364e5655,htl_7bb07d85,,lobby,media/hotels/htl_7bb07d85/lobby.jpg,"Lobby view at Villa Verandah Resort, Pondicherry",1600,1067,2,2026-08-18T10:00:00+05:30
hmd_f7f3dd6b,htl_7bb07d85,rmt_528294fe,room,media/hotels/htl_7bb07d85/room.jpg,"Room view at Villa Verandah Resort, Pondicherry",1600,1067,3,2026-08-18T10:00:00+05:30
hmd_624734f1,htl_7bb07d85,,dining,media/hotels/htl_7bb07d85/dining.jpg,"Dining view at Villa Verandah Resort, Pondicherry",1600,1067,4,2026-08-18T10:00:00+05:30
hmd_0dc0237a,htl_718f3718,,hero,media/hotels/htl_718f3718/hero.jpg,"Hero view at Amber Manor & Spa, Pondicherry",1600,1067,0,2026-08-18T10:00:00+05:30
hmd_21574807,htl_718f3718,,exterior,media/hotels/htl_718f3718/exterior.jpg,"Exterior view at Amber Manor & Spa, Pondicherry",1600,1067,1,2026-08-18T10:00:00+05:30
hmd_6f2f66b6,htl_718f3718,,lobby,media/hotels/htl_718f3718/lobby.jpg,"Lobby view at Amber Manor & Spa, Pondicherry",1600,1067,2,2026-08-18T10:00:00+05:30
hmd_bf18e469,htl_718f3718,rmt_94c7cd5d,room,media/hotels/htl_718f3718/room.jpg,"Room view at Amber Manor & Spa, Pondicherry",1600,1067,3,2026-08-18T10:00:00+05:30
hmd_428a081d,htl_718f3718,,dining,media/hotels/htl_718f3718/dining.jpg,"Dining view at Amber Manor & Spa, Pondicherry",1600,1067,4,2026-08-18T10:00:00+05:30
hmd_5d011880,htl_4aef7a7a,,hero,media/hotels/htl_4aef7a7a/hero.jpg,"Hero view at Heritage Meadows Boutique Stay, Pondicherry",1600,1067,0,2026-08-18T10:00:00+05:30
hmd_ba7cd34e,htl_4aef7a7a,,exterior,media/hotels/htl_4aef7a7a/exterior.jpg,"Exterior view at Heritage Meadows Boutique Stay, Pondicherry",1600,1067,1,2026-08-18T10:00:00+05:30
hmd_d6da9e19,htl_4aef7a7a,,lobby,media/hotels/htl_4aef7a7a/lobby.jpg,"Lobby view at Heritage Meadows Boutique Stay, Pondicherry",1600,1067,2,2026-08-18T10:00:00+05:30
hmd_93ab2193,htl_4aef7a7a,rmt_0be75b1e,room,media/hotels/htl_4aef7a7a/room.jpg,"Room view at Heritage Meadows Boutique Stay, Pondicherry",1600,1067,3,2026-08-18T10:00:00+05:30
hmd_9bca0335,htl_4aef7a7a,,dining,media/hotels/htl_4aef7a7a/dining.jpg,"Dining view at Heritage Meadows Boutique Stay, Pondicherry",1600,1067,4,2026-08-18T10:00:00+05:30
hmd_c37f9671,htl_101afcbe,,hero,media/hotels/htl_101afcbe/hero.jpg,"Hero view at The Sarovar Inn, Pondicherry",1600,1067,0,2026-08-18T10:00:00+05:30
hmd_90ba689a,htl_101afcbe,,exterior,media/hotels/htl_101afcbe/exterior.jpg,"Exterior view at The Sarovar Inn, Pondicherry",1600,1067,1,2026-08-18T10:00:00+05:30
hmd_222d5ab5,htl_101afcbe,,lobby,media/hotels/htl_101afcbe/lobby.jpg,"Lobby view at The Sarovar Inn, Pondicherry",1600,1067,2,2026-08-18T10:00:00+05:30
hmd_dc1b052f,htl_101afcbe,rmt_688b73f3,room,media/hotels/htl_101afcbe/room.jpg,"Room view at The Sarovar Inn, Pondicherry",1600,1067,3,2026-08-18T10:00:00+05:30
hmd_db5ba127,htl_101afcbe,,dining,media/hotels/htl_101afcbe/dining.jpg,"Dining view at The Sarovar Inn, Pondicherry",1600,1067,4,2026-08-18T10:00:00+05:30
hmd_f955aa47,htl_ddccdc31,,hero,media/hotels/htl_ddccdc31/hero.jpg,"Hero view at Riverside Kothi Suites, Thanjavur",1600,1067,0,2026-08-18T10:00:00+05:30
hmd_94b03ec1,htl_ddccdc31,,exterior,media/hotels/htl_ddccdc31/exterior.jpg,"Exterior view at Riverside Kothi Suites, Thanjavur",1600,1067,1,2026-08-18T10:00:00+05:30
hmd_63dfd5e2,htl_ddccdc31,,lobby,media/hotels/htl_ddccdc31/lobby.jpg,"Lobby view at Riverside Kothi Suites, Thanjavur",1600,1067,2,2026-08-18T10:00:00+05:30
hmd_fe2f66f1,htl_ddccdc31,rmt_167f1e72,room,media/hotels/htl_ddccdc31/room.jpg,"Room view at Riverside Kothi Suites, Thanjavur",1600,1067,3,2026-08-18T10:00:00+05:30
hmd_bb1aa54e,htl_ddccdc31,,dining,media/hotels/htl_ddccdc31/dining.jpg,"Dining view at Riverside Kothi Suites, Thanjavur",1600,1067,4,2026-08-18T10:00:00+05:30
hmd_8e2a45ee,htl_960025d2,,hero,media/hotels/htl_960025d2/hero.jpg,"Hero view at Hillview Bungalow Homestay, Thanjavur",1600,1067,0,2026-08-18T10:00:00+05:30
hmd_b7706f18,htl_960025d2,,exterior,media/hotels/htl_960025d2/exterior.jpg,"Exterior view at Hillview Bungalow Homestay, Thanjavur",1600,1067,1,2026-08-18T10:00:00+05:30
hmd_8dd28cae,htl_960025d2,,lobby,media/hotels/htl_960025d2/lobby.jpg,"Lobby view at Hillview Bungalow Homestay, Thanjavur",1600,1067,2,2026-08-18T10:00:00+05:30
hmd_55e68b78,htl_960025d2,rmt_26f40faa,room,media/hotels/htl_960025d2/room.jpg,"Room view at Hillview Bungalow Homestay, Thanjavur",1600,1067,3,2026-08-18T10:00:00+05:30
hmd_3e2528ac,htl_960025d2,,dining,media/hotels/htl_960025d2/dining.jpg,"Dining view at Hillview Bungalow Homestay, Thanjavur",1600,1067,4,2026-08-18T10:00:00+05:30
hmd_78796fb4,htl_c8a743dd,,hero,media/hotels/htl_c8a743dd/hero.jpg,"Hero view at Indigo Verandah Homestay, Thanjavur",1600,1067,0,2026-08-18T10:00:00+05:30
hmd_d229e2da,htl_c8a743dd,,exterior,media/hotels/htl_c8a743dd/exterior.jpg,"Exterior view at Indigo Verandah Homestay, Thanjavur",1600,1067,1,2026-08-18T10:00:00+05:30
hmd_0f71ae3a,htl_c8a743dd,,lobby,media/hotels/htl_c8a743dd/lobby.jpg,"Lobby view at Indigo Verandah Homestay, Thanjavur",1600,1067,2,2026-08-18T10:00:00+05:30
hmd_b082800e,htl_c8a743dd,rmt_2fe512ad,room,media/hotels/htl_c8a743dd/room.jpg,"Room view at Indigo Verandah Homestay, Thanjavur",1600,1067,3,2026-08-18T10:00:00+05:30
hmd_7c3b9a9b,htl_c8a743dd,,dining,media/hotels/htl_c8a743dd/dining.jpg,"Dining view at Indigo Verandah Homestay, Thanjavur",1600,1067,4,2026-08-18T10:00:00+05:30
hmd_20123483,htl_cebc7d14,,hero,media/hotels/htl_cebc7d14/hero.jpg,"Hero view at Hotel Kothi & Spa, Thanjavur",1600,1067,0,2026-08-18T10:00:00+05:30
hmd_488fe1a2,htl_cebc7d14,,exterior,media/hotels/htl_cebc7d14/exterior.jpg,"Exterior view at Hotel Kothi & Spa, Thanjavur",1600,1067,1,2026-08-18T10:00:00+05:30
hmd_cdfa81d3,htl_cebc7d14,,lobby,media/hotels/htl_cebc7d14/lobby.jpg,"Lobby view at Hotel Kothi & Spa, Thanjavur",1600,1067,2,2026-08-18T10:00:00+05:30
hmd_95e678a5,htl_cebc7d14,rmt_110f3683,room,media/hotels/htl_cebc7d14/room.jpg,"Room view at Hotel Kothi & Spa, Thanjavur",1600,1067,3,2026-08-18T10:00:00+05:30
hmd_87ed7f96,htl_cebc7d14,,dining,media/hotels/htl_cebc7d14/dining.jpg,"Dining view at Hotel Kothi & Spa, Thanjavur",1600,1067,4,2026-08-18T10:00:00+05:30
hmd_8a19f616,htl_0271c63d,,hero,media/hotels/htl_0271c63d/hero.jpg,"Hero view at The Old Regency Inn, Thanjavur",1600,1067,0,2026-08-18T10:00:00+05:30
hmd_76450f45,htl_0271c63d,,exterior,media/hotels/htl_0271c63d/exterior.jpg,"Exterior view at The Old Regency Inn, Thanjavur",1600,1067,1,2026-08-18T10:00:00+05:30
hmd_397b95f3,htl_0271c63d,,lobby,media/hotels/htl_0271c63d/lobby.jpg,"Lobby view at The Old Regency Inn, Thanjavur",1600,1067,2,2026-08-18T10:00:00+05:30
hmd_82d17a56,htl_0271c63d,rmt_4e6c1c8f,room,media/hotels/htl_0271c63d/room.jpg,"Room view at The Old Regency Inn, Thanjavur",1600,1067,3,2026-08-18T10:00:00+05:30
hmd_e827aee5,htl_0271c63d,,dining,media/hotels/htl_0271c63d/dining.jpg,"Dining view at The Old Regency Inn, Thanjavur",1600,1067,4,2026-08-18T10:00:00+05:30
hmd_46994d24,htl_90bb6e48,,hero,media/hotels/htl_90bb6e48/hero.jpg,"Hero view at Palm Mahal Inn, Kochi",1600,1067,0,2026-08-18T10:00:00+05:30
hmd_6a483053,htl_90bb6e48,,exterior,media/hotels/htl_90bb6e48/exterior.jpg,"Exterior view at Palm Mahal Inn, Kochi",1600,1067,1,2026-08-18T10:00:00+05:30
hmd_e03fe6ad,htl_90bb6e48,,lobby,media/hotels/htl_90bb6e48/lobby.jpg,"Lobby view at Palm Mahal Inn, Kochi",1600,1067,2,2026-08-18T10:00:00+05:30
hmd_ca186ea7,htl_90bb6e48,rmt_f52bde0d,room,media/hotels/htl_90bb6e48/room.jpg,"Room view at Palm Mahal Inn, Kochi",1600,1067,3,2026-08-18T10:00:00+05:30
hmd_827d4b9b,htl_90bb6e48,,dining,media/hotels/htl_90bb6e48/dining.jpg,"Dining view at Palm Mahal Inn, Kochi",1600,1067,4,2026-08-18T10:00:00+05:30
hmd_4341af6b,htl_871f7548,,hero,media/hotels/htl_871f7548/hero.jpg,"Hero view at Casa Bungalow Boutique Stay, Kochi",1600,1067,0,2026-08-18T10:00:00+05:30
hmd_af32802e,htl_871f7548,,exterior,media/hotels/htl_871f7548/exterior.jpg,"Exterior view at Casa Bungalow Boutique Stay, Kochi",1600,1067,1,2026-08-18T10:00:00+05:30
hmd_5959bbad,htl_871f7548,,lobby,media/hotels/htl_871f7548/lobby.jpg,"Lobby view at Casa Bungalow Boutique Stay, Kochi",1600,1067,2,2026-08-18T10:00:00+05:30
hmd_b153f6d2,htl_871f7548,rmt_3fea1993,room,media/hotels/htl_871f7548/room.jpg,"Room view at Casa Bungalow Boutique Stay, Kochi",1600,1067,3,2026-08-18T10:00:00+05:30
hmd_8c606815,htl_871f7548,,dining,media/hotels/htl_871f7548/dining.jpg,"Dining view at Casa Bungalow Boutique Stay, Kochi",1600,1067,4,2026-08-18T10:00:00+05:30
hmd_d90189d6,htl_fd99a5e3,,hero,media/hotels/htl_fd99a5e3/hero.jpg,"Hero view at Amber Bagh Resort, Kochi",1600,1067,0,2026-08-18T10:00:00+05:30
hmd_829e2423,htl_fd99a5e3,,exterior,media/hotels/htl_fd99a5e3/exterior.jpg,"Exterior view at Amber Bagh Resort, Kochi",1600,1067,1,2026-08-18T10:00:00+05:30
hmd_e6b50043,htl_fd99a5e3,,lobby,media/hotels/htl_fd99a5e3/lobby.jpg,"Lobby view at Amber Bagh Resort, Kochi",1600,1067,2,2026-08-18T10:00:00+05:30
hmd_98a35ea5,htl_fd99a5e3,rmt_77174029,room,media/hotels/htl_fd99a5e3/room.jpg,"Room view at Amber Bagh Resort, Kochi",1600,1067,3,2026-08-18T10:00:00+05:30
hmd_4b0d2b89,htl_fd99a5e3,,dining,media/hotels/htl_fd99a5e3/dining.jpg,"Dining view at Amber Bagh Resort, Kochi",1600,1067,4,2026-08-18T10:00:00+05:30
hmd_6128061a,htl_02220bb1,,hero,media/hotels/htl_02220bb1/hero.jpg,"Hero view at Amber Bungalow Resort, Kochi",1600,1067,0,2026-08-18T10:00:00+05:30
hmd_9ee41c48,htl_02220bb1,,exterior,media/hotels/htl_02220bb1/exterior.jpg,"Exterior view at Amber Bungalow Resort, Kochi",1600,1067,1,2026-08-18T10:00:00+05:30
hmd_30903f2e,htl_02220bb1,,lobby,media/hotels/htl_02220bb1/lobby.jpg,"Lobby view at Amber Bungalow Resort, Kochi",1600,1067,2,2026-08-18T10:00:00+05:30
hmd_7528ada8,htl_02220bb1,rmt_b56bcaf9,room,media/hotels/htl_02220bb1/room.jpg,"Room view at Amber Bungalow Resort, Kochi",1600,1067,3,2026-08-18T10:00:00+05:30
hmd_19f55993,htl_02220bb1,,dining,media/hotels/htl_02220bb1/dining.jpg,"Dining view at Amber Bungalow Resort, Kochi",1600,1067,4,2026-08-18T10:00:00+05:30
hmd_fb14e3b9,htl_068a2e31,,hero,media/hotels/htl_068a2e31/hero.jpg,"Hero view at Amber Ghat House, Kochi",1600,1067,0,2026-08-18T10:00:00+05:30
hmd_17e64667,htl_068a2e31,,exterior,media/hotels/htl_068a2e31/exterior.jpg,"Exterior view at Amber Ghat House, Kochi",1600,1067,1,2026-08-18T10:00:00+05:30
hmd_e6dc9cea,htl_068a2e31,,lobby,media/hotels/htl_068a2e31/lobby.jpg,"Lobby view at Amber Ghat House, Kochi",1600,1067,2,2026-08-18T10:00:00+05:30
hmd_45e5ef34,htl_068a2e31,rmt_e50b47af,room,media/hotels/htl_068a2e31/room.jpg,"Room view at Amber Ghat House, Kochi",1600,1067,3,2026-08-18T10:00:00+05:30
hmd_c288ddd5,htl_068a2e31,,dining,media/hotels/htl_068a2e31/dining.jpg,"Dining view at Amber Ghat House, Kochi",1600,1067,4,2026-08-18T10:00:00+05:30
hmd_9ed0a14c,htl_8dd76814,,hero,media/hotels/htl_8dd76814/hero.jpg,"Hero view at The Verandah Heritage, Alleppey",1600,1067,0,2026-08-18T10:00:00+05:30
hmd_9e8b8e0d,htl_8dd76814,,exterior,media/hotels/htl_8dd76814/exterior.jpg,"Exterior view at The Verandah Heritage, Alleppey",1600,1067,1,2026-08-18T10:00:00+05:30
hmd_68c6b27a,htl_8dd76814,,lobby,media/hotels/htl_8dd76814/lobby.jpg,"Lobby view at The Verandah Heritage, Alleppey",1600,1067,2,2026-08-18T10:00:00+05:30
hmd_4b142053,htl_8dd76814,rmt_8d89007b,room,media/hotels/htl_8dd76814/room.jpg,"Room view at The Verandah Heritage, Alleppey",1600,1067,3,2026-08-18T10:00:00+05:30
hmd_b1b8a978,htl_8dd76814,,dining,media/hotels/htl_8dd76814/dining.jpg,"Dining view at The Verandah Heritage, Alleppey",1600,1067,4,2026-08-18T10:00:00+05:30
hmd_c4c01f12,htl_ea1d6629,,hero,media/hotels/htl_ea1d6629/hero.jpg,"Hero view at The Old Residency, Alleppey",1600,1067,0,2026-08-18T10:00:00+05:30
hmd_1fe7a7c6,htl_ea1d6629,,exterior,media/hotels/htl_ea1d6629/exterior.jpg,"Exterior view at The Old Residency, Alleppey",1600,1067,1,2026-08-18T10:00:00+05:30
hmd_4b7a6241,htl_ea1d6629,,lobby,media/hotels/htl_ea1d6629/lobby.jpg,"Lobby view at The Old Residency, Alleppey",1600,1067,2,2026-08-18T10:00:00+05:30
hmd_8477ce92,htl_ea1d6629,rmt_fe825282,room,media/hotels/htl_ea1d6629/room.jpg,"Room view at The Old Residency, Alleppey",1600,1067,3,2026-08-18T10:00:00+05:30
hmd_f6f1a0c2,htl_ea1d6629,,dining,media/hotels/htl_ea1d6629/dining.jpg,"Dining view at The Old Residency, Alleppey",1600,1067,4,2026-08-18T10:00:00+05:30
hmd_5d23414d,htl_8f2c9fd3,,hero,media/hotels/htl_8f2c9fd3/hero.jpg,"Hero view at Hotel Bagh Homestay, Alleppey",1600,1067,0,2026-08-18T10:00:00+05:30
hmd_724c5f95,htl_8f2c9fd3,,exterior,media/hotels/htl_8f2c9fd3/exterior.jpg,"Exterior view at Hotel Bagh Homestay, Alleppey",1600,1067,1,2026-08-18T10:00:00+05:30
hmd_2db0d912,htl_8f2c9fd3,,lobby,media/hotels/htl_8f2c9fd3/lobby.jpg,"Lobby view at Hotel Bagh Homestay, Alleppey",1600,1067,2,2026-08-18T10:00:00+05:30
hmd_32078145,htl_8f2c9fd3,rmt_ff264dc6,room,media/hotels/htl_8f2c9fd3/room.jpg,"Room view at Hotel Bagh Homestay, Alleppey",1600,1067,3,2026-08-18T10:00:00+05:30
hmd_61018484,htl_8f2c9fd3,,dining,media/hotels/htl_8f2c9fd3/dining.jpg,"Dining view at Hotel Bagh Homestay, Alleppey",1600,1067,4,2026-08-18T10:00:00+05:30
hmd_13fd7f42,htl_25648fce,,hero,media/hotels/htl_25648fce/hero.jpg,"Hero view at Royal Nest Inn, Alleppey",1600,1067,0,2026-08-18T10:00:00+05:30
hmd_692edaea,htl_25648fce,,exterior,media/hotels/htl_25648fce/exterior.jpg,"Exterior view at Royal Nest Inn, Alleppey",1600,1067,1,2026-08-18T10:00:00+05:30
hmd_2aa2a238,htl_25648fce,,lobby,media/hotels/htl_25648fce/lobby.jpg,"Lobby view at Royal Nest Inn, Alleppey",1600,1067,2,2026-08-18T10:00:00+05:30
hmd_0387ca1e,htl_25648fce,rmt_d68490f5,room,media/hotels/htl_25648fce/room.jpg,"Room view at Royal Nest Inn, Alleppey",1600,1067,3,2026-08-18T10:00:00+05:30
hmd_ecc9aeab,htl_25648fce,,dining,media/hotels/htl_25648fce/dining.jpg,"Dining view at Royal Nest Inn, Alleppey",1600,1067,4,2026-08-18T10:00:00+05:30
hmd_f9197409,htl_2755e47d,,hero,media/hotels/htl_2755e47d/hero.jpg,"Hero view at Garden Niwas Resort, Alleppey",1600,1067,0,2026-08-18T10:00:00+05:30
hmd_f7dccb0d,htl_2755e47d,,exterior,media/hotels/htl_2755e47d/exterior.jpg,"Exterior view at Garden Niwas Resort, Alleppey",1600,1067,1,2026-08-18T10:00:00+05:30
hmd_f659963e,htl_2755e47d,,lobby,media/hotels/htl_2755e47d/lobby.jpg,"Lobby view at Garden Niwas Resort, Alleppey",1600,1067,2,2026-08-18T10:00:00+05:30
hmd_1399d057,htl_2755e47d,rmt_f5240945,room,media/hotels/htl_2755e47d/room.jpg,"Room view at Garden Niwas Resort, Alleppey",1600,1067,3,2026-08-18T10:00:00+05:30
hmd_36b432ee,htl_2755e47d,,dining,media/hotels/htl_2755e47d/dining.jpg,"Dining view at Garden Niwas Resort, Alleppey",1600,1067,4,2026-08-18T10:00:00+05:30
hmd_452f2307,htl_84019428,,hero,media/hotels/htl_84019428/hero.jpg,"Hero view at Lake Sanctuary Heritage, Munnar",1600,1067,0,2026-08-18T10:00:00+05:30
hmd_9b82ab53,htl_84019428,,exterior,media/hotels/htl_84019428/exterior.jpg,"Exterior view at Lake Sanctuary Heritage, Munnar",1600,1067,1,2026-08-18T10:00:00+05:30
hmd_35c4ec88,htl_84019428,,lobby,media/hotels/htl_84019428/lobby.jpg,"Lobby view at Lake Sanctuary Heritage, Munnar",1600,1067,2,2026-08-18T10:00:00+05:30
hmd_68031d6a,htl_84019428,rmt_a1864caa,room,media/hotels/htl_84019428/room.jpg,"Room view at Lake Sanctuary Heritage, Munnar",1600,1067,3,2026-08-18T10:00:00+05:30
hmd_e97db8f2,htl_84019428,,dining,media/hotels/htl_84019428/dining.jpg,"Dining view at Lake Sanctuary Heritage, Munnar",1600,1067,4,2026-08-18T10:00:00+05:30
hmd_b94231e3,htl_4e72ba4d,,hero,media/hotels/htl_4e72ba4d/hero.jpg,"Hero view at Villa Terraces Suites, Munnar",1600,1067,0,2026-08-18T10:00:00+05:30
hmd_71caff87,htl_4e72ba4d,,exterior,media/hotels/htl_4e72ba4d/exterior.jpg,"Exterior view at Villa Terraces Suites, Munnar",1600,1067,1,2026-08-18T10:00:00+05:30
hmd_da597066,htl_4e72ba4d,,lobby,media/hotels/htl_4e72ba4d/lobby.jpg,"Lobby view at Villa Terraces Suites, Munnar",1600,1067,2,2026-08-18T10:00:00+05:30
hmd_fb51b452,htl_4e72ba4d,rmt_c0bde6cb,room,media/hotels/htl_4e72ba4d/room.jpg,"Room view at Villa Terraces Suites, Munnar",1600,1067,3,2026-08-18T10:00:00+05:30
hmd_17b89ae7,htl_4e72ba4d,,dining,media/hotels/htl_4e72ba4d/dining.jpg,"Dining view at Villa Terraces Suites, Munnar",1600,1067,4,2026-08-18T10:00:00+05:30
hmd_01d03c91,htl_a47cd4c7,,hero,media/hotels/htl_a47cd4c7/hero.jpg,"Hero view at Villa Vihar Homestay, Munnar",1600,1067,0,2026-08-18T10:00:00+05:30
hmd_5dae034a,htl_a47cd4c7,,exterior,media/hotels/htl_a47cd4c7/exterior.jpg,"Exterior view at Villa Vihar Homestay, Munnar",1600,1067,1,2026-08-18T10:00:00+05:30
hmd_9cf9fef1,htl_a47cd4c7,,lobby,media/hotels/htl_a47cd4c7/lobby.jpg,"Lobby view at Villa Vihar Homestay, Munnar",1600,1067,2,2026-08-18T10:00:00+05:30
hmd_2bbaf86c,htl_a47cd4c7,rmt_0f2f5bb4,room,media/hotels/htl_a47cd4c7/room.jpg,"Room view at Villa Vihar Homestay, Munnar",1600,1067,3,2026-08-18T10:00:00+05:30
hmd_2dbad20e,htl_a47cd4c7,,dining,media/hotels/htl_a47cd4c7/dining.jpg,"Dining view at Villa Vihar Homestay, Munnar",1600,1067,4,2026-08-18T10:00:00+05:30
hmd_19758afb,htl_48fec9af,,hero,media/hotels/htl_48fec9af/hero.jpg,"Hero view at Royal Nest & Spa, Munnar",1600,1067,0,2026-08-18T10:00:00+05:30
hmd_5f25b31a,htl_48fec9af,,exterior,media/hotels/htl_48fec9af/exterior.jpg,"Exterior view at Royal Nest & Spa, Munnar",1600,1067,1,2026-08-18T10:00:00+05:30
hmd_9e399e6d,htl_48fec9af,,lobby,media/hotels/htl_48fec9af/lobby.jpg,"Lobby view at Royal Nest & Spa, Munnar",1600,1067,2,2026-08-18T10:00:00+05:30
hmd_6cd6c3a2,htl_48fec9af,rmt_8159f767,room,media/hotels/htl_48fec9af/room.jpg,"Room view at Royal Nest & Spa, Munnar",1600,1067,3,2026-08-18T10:00:00+05:30
hmd_f0843616,htl_48fec9af,,dining,media/hotels/htl_48fec9af/dining.jpg,"Dining view at Royal Nest & Spa, Munnar",1600,1067,4,2026-08-18T10:00:00+05:30
hmd_8a02bb82,htl_b36fd517,,hero,media/hotels/htl_b36fd517/hero.jpg,"Hero view at Garden Vihar Suites, Munnar",1600,1067,0,2026-08-18T10:00:00+05:30
hmd_b8dcb99a,htl_b36fd517,,exterior,media/hotels/htl_b36fd517/exterior.jpg,"Exterior view at Garden Vihar Suites, Munnar",1600,1067,1,2026-08-18T10:00:00+05:30
hmd_ec756538,htl_b36fd517,,lobby,media/hotels/htl_b36fd517/lobby.jpg,"Lobby view at Garden Vihar Suites, Munnar",1600,1067,2,2026-08-18T10:00:00+05:30
hmd_0b156989,htl_b36fd517,rmt_dac67beb,room,media/hotels/htl_b36fd517/room.jpg,"Room view at Garden Vihar Suites, Munnar",1600,1067,3,2026-08-18T10:00:00+05:30
hmd_ae53583f,htl_b36fd517,,dining,media/hotels/htl_b36fd517/dining.jpg,"Dining view at Garden Vihar Suites, Munnar",1600,1067,4,2026-08-18T10:00:00+05:30
hmd_5f577280,htl_298b4ec1,,hero,media/hotels/htl_298b4ec1/hero.jpg,"Hero view at Garden Palms, Thiruvananthapuram",1600,1067,0,2026-08-18T10:00:00+05:30
hmd_26be42fe,htl_298b4ec1,,exterior,media/hotels/htl_298b4ec1/exterior.jpg,"Exterior view at Garden Palms, Thiruvananthapuram",1600,1067,1,2026-08-18T10:00:00+05:30
hmd_ababff1c,htl_298b4ec1,,lobby,media/hotels/htl_298b4ec1/lobby.jpg,"Lobby view at Garden Palms, Thiruvananthapuram",1600,1067,2,2026-08-18T10:00:00+05:30
hmd_9218b52c,htl_298b4ec1,rmt_ff6ee93d,room,media/hotels/htl_298b4ec1/room.jpg,"Room view at Garden Palms, Thiruvananthapuram",1600,1067,3,2026-08-18T10:00:00+05:30
hmd_0907af5b,htl_298b4ec1,,dining,media/hotels/htl_298b4ec1/dining.jpg,"Dining view at Garden Palms, Thiruvananthapuram",1600,1067,4,2026-08-18T10:00:00+05:30
hmd_ff57f58e,htl_d205a5e4,,hero,media/hotels/htl_d205a5e4/hero.jpg,"Hero view at Hillview Residency Resort, Thiruvananthapuram",1600,1067,0,2026-08-18T10:00:00+05:30
hmd_97015fde,htl_d205a5e4,,exterior,media/hotels/htl_d205a5e4/exterior.jpg,"Exterior view at Hillview Residency Resort, Thiruvananthapuram",1600,1067,1,2026-08-18T10:00:00+05:30
hmd_3b76d9f4,htl_d205a5e4,,lobby,media/hotels/htl_d205a5e4/lobby.jpg,"Lobby view at Hillview Residency Resort, Thiruvananthapuram",1600,1067,2,2026-08-18T10:00:00+05:30
hmd_ead5a9d0,htl_d205a5e4,rmt_4fd23018,room,media/hotels/htl_d205a5e4/room.jpg,"Room view at Hillview Residency Resort, Thiruvananthapuram",1600,1067,3,2026-08-18T10:00:00+05:30
hmd_31402ea7,htl_d205a5e4,,dining,media/hotels/htl_d205a5e4/dining.jpg,"Dining view at Hillview Residency Resort, Thiruvananthapuram",1600,1067,4,2026-08-18T10:00:00+05:30
hmd_bad3a175,htl_c0de65d4,,hero,media/hotels/htl_c0de65d4/hero.jpg,"Hero view at Indigo Residency & Spa, Thiruvananthapuram",1600,1067,0,2026-08-18T10:00:00+05:30
hmd_1acfa481,htl_c0de65d4,,exterior,media/hotels/htl_c0de65d4/exterior.jpg,"Exterior view at Indigo Residency & Spa, Thiruvananthapuram",1600,1067,1,2026-08-18T10:00:00+05:30
hmd_a905aa26,htl_c0de65d4,,lobby,media/hotels/htl_c0de65d4/lobby.jpg,"Lobby view at Indigo Residency & Spa, Thiruvananthapuram",1600,1067,2,2026-08-18T10:00:00+05:30
hmd_ee7f24ad,htl_c0de65d4,rmt_4a338652,room,media/hotels/htl_c0de65d4/room.jpg,"Room view at Indigo Residency & Spa, Thiruvananthapuram",1600,1067,3,2026-08-18T10:00:00+05:30
hmd_47c56a4f,htl_c0de65d4,,dining,media/hotels/htl_c0de65d4/dining.jpg,"Dining view at Indigo Residency & Spa, Thiruvananthapuram",1600,1067,4,2026-08-18T10:00:00+05:30
hmd_eb33b10a,htl_dc149b42,,hero,media/hotels/htl_dc149b42/hero.jpg,"Hero view at The Old Regency, Thiruvananthapuram",1600,1067,0,2026-08-18T10:00:00+05:30
hmd_b27ced5e,htl_dc149b42,,exterior,media/hotels/htl_dc149b42/exterior.jpg,"Exterior view at The Old Regency, Thiruvananthapuram",1600,1067,1,2026-08-18T10:00:00+05:30
hmd_69ffaaa1,htl_dc149b42,,lobby,media/hotels/htl_dc149b42/lobby.jpg,"Lobby view at The Old Regency, Thiruvananthapuram",1600,1067,2,2026-08-18T10:00:00+05:30
hmd_52cab904,htl_dc149b42,rmt_fdc49e70,room,media/hotels/htl_dc149b42/room.jpg,"Room view at The Old Regency, Thiruvananthapuram",1600,1067,3,2026-08-18T10:00:00+05:30
hmd_6d4e2b53,htl_dc149b42,,dining,media/hotels/htl_dc149b42/dining.jpg,"Dining view at The Old Regency, Thiruvananthapuram",1600,1067,4,2026-08-18T10:00:00+05:30
hmd_659a8239,htl_4d461be6,,hero,media/hotels/htl_4d461be6/hero.jpg,"Hero view at Palm Meadows Suites, Thiruvananthapuram",1600,1067,0,2026-08-18T10:00:00+05:30
hmd_84f5141f,htl_4d461be6,,exterior,media/hotels/htl_4d461be6/exterior.jpg,"Exterior view at Palm Meadows Suites, Thiruvananthapuram",1600,1067,1,2026-08-18T10:00:00+05:30
hmd_06aa4c33,htl_4d461be6,,lobby,media/hotels/htl_4d461be6/lobby.jpg,"Lobby view at Palm Meadows Suites, Thiruvananthapuram",1600,1067,2,2026-08-18T10:00:00+05:30
hmd_69e8af38,htl_4d461be6,rmt_95014fdd,room,media/hotels/htl_4d461be6/room.jpg,"Room view at Palm Meadows Suites, Thiruvananthapuram",1600,1067,3,2026-08-18T10:00:00+05:30
hmd_bf9d60e2,htl_4d461be6,,dining,media/hotels/htl_4d461be6/dining.jpg,"Dining view at Palm Meadows Suites, Thiruvananthapuram",1600,1067,4,2026-08-18T10:00:00+05:30
hmd_acdfa5b9,htl_273028a1,,hero,media/hotels/htl_273028a1/hero.jpg,"Hero view at Grand Kothi & Spa, Wayanad",1600,1067,0,2026-08-18T10:00:00+05:30
hmd_859e9028,htl_273028a1,,exterior,media/hotels/htl_273028a1/exterior.jpg,"Exterior view at Grand Kothi & Spa, Wayanad",1600,1067,1,2026-08-18T10:00:00+05:30
hmd_2515d466,htl_273028a1,,lobby,media/hotels/htl_273028a1/lobby.jpg,"Lobby view at Grand Kothi & Spa, Wayanad",1600,1067,2,2026-08-18T10:00:00+05:30
hmd_434e6c70,htl_273028a1,rmt_1e991e8e,room,media/hotels/htl_273028a1/room.jpg,"Room view at Grand Kothi & Spa, Wayanad",1600,1067,3,2026-08-18T10:00:00+05:30
hmd_a86ef2db,htl_273028a1,,dining,media/hotels/htl_273028a1/dining.jpg,"Dining view at Grand Kothi & Spa, Wayanad",1600,1067,4,2026-08-18T10:00:00+05:30
hmd_1633d840,htl_30653890,,hero,media/hotels/htl_30653890/hero.jpg,"Hero view at Royal Verandah & Spa, Wayanad",1600,1067,0,2026-08-18T10:00:00+05:30
hmd_baa04a90,htl_30653890,,exterior,media/hotels/htl_30653890/exterior.jpg,"Exterior view at Royal Verandah & Spa, Wayanad",1600,1067,1,2026-08-18T10:00:00+05:30
hmd_3d31b5b0,htl_30653890,,lobby,media/hotels/htl_30653890/lobby.jpg,"Lobby view at Royal Verandah & Spa, Wayanad",1600,1067,2,2026-08-18T10:00:00+05:30
hmd_df73c4bf,htl_30653890,rmt_012c2d17,room,media/hotels/htl_30653890/room.jpg,"Room view at Royal Verandah & Spa, Wayanad",1600,1067,3,2026-08-18T10:00:00+05:30
hmd_bcce1e1c,htl_30653890,,dining,media/hotels/htl_30653890/dining.jpg,"Dining view at Royal Verandah & Spa, Wayanad",1600,1067,4,2026-08-18T10:00:00+05:30
hmd_3f39db98,htl_bfce4849,,hero,media/hotels/htl_bfce4849/hero.jpg,"Hero view at Palm Sanctuary Boutique Stay, Wayanad",1600,1067,0,2026-08-18T10:00:00+05:30
hmd_c641a6dd,htl_bfce4849,,exterior,media/hotels/htl_bfce4849/exterior.jpg,"Exterior view at Palm Sanctuary Boutique Stay, Wayanad",1600,1067,1,2026-08-18T10:00:00+05:30
hmd_dacde480,htl_bfce4849,,lobby,media/hotels/htl_bfce4849/lobby.jpg,"Lobby view at Palm Sanctuary Boutique Stay, Wayanad",1600,1067,2,2026-08-18T10:00:00+05:30
hmd_01f96830,htl_bfce4849,rmt_62a96035,room,media/hotels/htl_bfce4849/room.jpg,"Room view at Palm Sanctuary Boutique Stay, Wayanad",1600,1067,3,2026-08-18T10:00:00+05:30
hmd_dc9f3a64,htl_bfce4849,,dining,media/hotels/htl_bfce4849/dining.jpg,"Dining view at Palm Sanctuary Boutique Stay, Wayanad",1600,1067,4,2026-08-18T10:00:00+05:30
hmd_576bbab8,htl_bf31f384,,hero,media/hotels/htl_bf31f384/hero.jpg,"Hero view at The Terraces Resort, Wayanad",1600,1067,0,2026-08-18T10:00:00+05:30
hmd_cc7d5652,htl_bf31f384,,exterior,media/hotels/htl_bf31f384/exterior.jpg,"Exterior view at The Terraces Resort, Wayanad",1600,1067,1,2026-08-18T10:00:00+05:30
hmd_0f38a7d5,htl_bf31f384,,lobby,media/hotels/htl_bf31f384/lobby.jpg,"Lobby view at The Terraces Resort, Wayanad",1600,1067,2,2026-08-18T10:00:00+05:30
hmd_e5dd5719,htl_bf31f384,rmt_9eb5053c,room,media/hotels/htl_bf31f384/room.jpg,"Room view at The Terraces Resort, Wayanad",1600,1067,3,2026-08-18T10:00:00+05:30
hmd_002f688a,htl_bf31f384,,dining,media/hotels/htl_bf31f384/dining.jpg,"Dining view at The Terraces Resort, Wayanad",1600,1067,4,2026-08-18T10:00:00+05:30
hmd_d39d4ba2,htl_48b38cd2,,hero,media/hotels/htl_48b38cd2/hero.jpg,"Hero view at Lake Bagh Suites, Wayanad",1600,1067,0,2026-08-18T10:00:00+05:30
hmd_f46ee5cf,htl_48b38cd2,,exterior,media/hotels/htl_48b38cd2/exterior.jpg,"Exterior view at Lake Bagh Suites, Wayanad",1600,1067,1,2026-08-18T10:00:00+05:30
hmd_e0941799,htl_48b38cd2,,lobby,media/hotels/htl_48b38cd2/lobby.jpg,"Lobby view at Lake Bagh Suites, Wayanad",1600,1067,2,2026-08-18T10:00:00+05:30
hmd_d8b69234,htl_48b38cd2,rmt_807baba0,room,media/hotels/htl_48b38cd2/room.jpg,"Room view at Lake Bagh Suites, Wayanad",1600,1067,3,2026-08-18T10:00:00+05:30
hmd_e6b64da8,htl_48b38cd2,,dining,media/hotels/htl_48b38cd2/dining.jpg,"Dining view at Lake Bagh Suites, Wayanad",1600,1067,4,2026-08-18T10:00:00+05:30
hmd_1d4c87d8,htl_9591edb5,,hero,media/hotels/htl_9591edb5/hero.jpg,"Hero view at Garden Residency & Spa, Hyderabad",1600,1067,0,2026-08-18T10:00:00+05:30
hmd_decbb1e4,htl_9591edb5,,exterior,media/hotels/htl_9591edb5/exterior.jpg,"Exterior view at Garden Residency & Spa, Hyderabad",1600,1067,1,2026-08-18T10:00:00+05:30
hmd_0a3aed07,htl_9591edb5,,lobby,media/hotels/htl_9591edb5/lobby.jpg,"Lobby view at Garden Residency & Spa, Hyderabad",1600,1067,2,2026-08-18T10:00:00+05:30
hmd_8accc21f,htl_9591edb5,rmt_04e2744e,room,media/hotels/htl_9591edb5/room.jpg,"Room view at Garden Residency & Spa, Hyderabad",1600,1067,3,2026-08-18T10:00:00+05:30
hmd_f852bafd,htl_9591edb5,,dining,media/hotels/htl_9591edb5/dining.jpg,"Dining view at Garden Residency & Spa, Hyderabad",1600,1067,4,2026-08-18T10:00:00+05:30
hmd_15f64c9f,htl_44f1ae8b,,hero,media/hotels/htl_44f1ae8b/hero.jpg,"Hero view at Casa Meadows Inn, Hyderabad",1600,1067,0,2026-08-18T10:00:00+05:30
hmd_1f3cb622,htl_44f1ae8b,,exterior,media/hotels/htl_44f1ae8b/exterior.jpg,"Exterior view at Casa Meadows Inn, Hyderabad",1600,1067,1,2026-08-18T10:00:00+05:30
hmd_d0e6cca2,htl_44f1ae8b,,lobby,media/hotels/htl_44f1ae8b/lobby.jpg,"Lobby view at Casa Meadows Inn, Hyderabad",1600,1067,2,2026-08-18T10:00:00+05:30
hmd_92e9d16a,htl_44f1ae8b,rmt_4a96fc9e,room,media/hotels/htl_44f1ae8b/room.jpg,"Room view at Casa Meadows Inn, Hyderabad",1600,1067,3,2026-08-18T10:00:00+05:30
hmd_f3f0797f,htl_44f1ae8b,,dining,media/hotels/htl_44f1ae8b/dining.jpg,"Dining view at Casa Meadows Inn, Hyderabad",1600,1067,4,2026-08-18T10:00:00+05:30
hmd_ee53cc43,htl_01cc0635,,hero,media/hotels/htl_01cc0635/hero.jpg,"Hero view at Amber Ghat House Heritage, Hyderabad",1600,1067,0,2026-08-18T10:00:00+05:30
hmd_e2ef52d3,htl_01cc0635,,exterior,media/hotels/htl_01cc0635/exterior.jpg,"Exterior view at Amber Ghat House Heritage, Hyderabad",1600,1067,1,2026-08-18T10:00:00+05:30
hmd_a1026e55,htl_01cc0635,,lobby,media/hotels/htl_01cc0635/lobby.jpg,"Lobby view at Amber Ghat House Heritage, Hyderabad",1600,1067,2,2026-08-18T10:00:00+05:30
hmd_c3bd6bf1,htl_01cc0635,rmt_8fde2496,room,media/hotels/htl_01cc0635/room.jpg,"Room view at Amber Ghat House Heritage, Hyderabad",1600,1067,3,2026-08-18T10:00:00+05:30
hmd_89d22e6a,htl_01cc0635,,dining,media/hotels/htl_01cc0635/dining.jpg,"Dining view at Amber Ghat House Heritage, Hyderabad",1600,1067,4,2026-08-18T10:00:00+05:30
hmd_91172e99,htl_14e0ebdc,,hero,media/hotels/htl_14e0ebdc/hero.jpg,"Hero view at Hillview Bagh Resort, Hyderabad",1600,1067,0,2026-08-18T10:00:00+05:30
hmd_aab60a99,htl_14e0ebdc,,exterior,media/hotels/htl_14e0ebdc/exterior.jpg,"Exterior view at Hillview Bagh Resort, Hyderabad",1600,1067,1,2026-08-18T10:00:00+05:30
hmd_5dfd20c5,htl_14e0ebdc,,lobby,media/hotels/htl_14e0ebdc/lobby.jpg,"Lobby view at Hillview Bagh Resort, Hyderabad",1600,1067,2,2026-08-18T10:00:00+05:30
hmd_8f202645,htl_14e0ebdc,rmt_bb74f599,room,media/hotels/htl_14e0ebdc/room.jpg,"Room view at Hillview Bagh Resort, Hyderabad",1600,1067,3,2026-08-18T10:00:00+05:30
hmd_fa0fe742,htl_14e0ebdc,,dining,media/hotels/htl_14e0ebdc/dining.jpg,"Dining view at Hillview Bagh Resort, Hyderabad",1600,1067,4,2026-08-18T10:00:00+05:30
hmd_4387f0d2,htl_b24e5527,,hero,media/hotels/htl_b24e5527/hero.jpg,"Hero view at Palm Mahal Heritage, Hyderabad",1600,1067,0,2026-08-18T10:00:00+05:30
hmd_6c0b0e05,htl_b24e5527,,exterior,media/hotels/htl_b24e5527/exterior.jpg,"Exterior view at Palm Mahal Heritage, Hyderabad",1600,1067,1,2026-08-18T10:00:00+05:30
hmd_75dbbd00,htl_b24e5527,,lobby,media/hotels/htl_b24e5527/lobby.jpg,"Lobby view at Palm Mahal Heritage, Hyderabad",1600,1067,2,2026-08-18T10:00:00+05:30
hmd_d4b10348,htl_b24e5527,rmt_ca2fad13,room,media/hotels/htl_b24e5527/room.jpg,"Room view at Palm Mahal Heritage, Hyderabad",1600,1067,3,2026-08-18T10:00:00+05:30
hmd_17fa8b04,htl_b24e5527,,dining,media/hotels/htl_b24e5527/dining.jpg,"Dining view at Palm Mahal Heritage, Hyderabad",1600,1067,4,2026-08-18T10:00:00+05:30
hmd_0da87efb,htl_33999106,,hero,media/hotels/htl_33999106/hero.jpg,"Hero view at Grand Regency Homestay, Visakhapatnam",1600,1067,0,2026-08-18T10:00:00+05:30
hmd_5cfc721c,htl_33999106,,exterior,media/hotels/htl_33999106/exterior.jpg,"Exterior view at Grand Regency Homestay, Visakhapatnam",1600,1067,1,2026-08-18T10:00:00+05:30
hmd_e520acc8,htl_33999106,,lobby,media/hotels/htl_33999106/lobby.jpg,"Lobby view at Grand Regency Homestay, Visakhapatnam",1600,1067,2,2026-08-18T10:00:00+05:30
hmd_04a61684,htl_33999106,rmt_86c135a7,room,media/hotels/htl_33999106/room.jpg,"Room view at Grand Regency Homestay, Visakhapatnam",1600,1067,3,2026-08-18T10:00:00+05:30
hmd_d4097fc6,htl_33999106,,dining,media/hotels/htl_33999106/dining.jpg,"Dining view at Grand Regency Homestay, Visakhapatnam",1600,1067,4,2026-08-18T10:00:00+05:30
hmd_a7cc7140,htl_0a785439,,hero,media/hotels/htl_0a785439/hero.jpg,"Hero view at Garden Sarovar Homestay, Visakhapatnam",1600,1067,0,2026-08-18T10:00:00+05:30
hmd_8bba3ce4,htl_0a785439,,exterior,media/hotels/htl_0a785439/exterior.jpg,"Exterior view at Garden Sarovar Homestay, Visakhapatnam",1600,1067,1,2026-08-18T10:00:00+05:30
hmd_48a395e0,htl_0a785439,,lobby,media/hotels/htl_0a785439/lobby.jpg,"Lobby view at Garden Sarovar Homestay, Visakhapatnam",1600,1067,2,2026-08-18T10:00:00+05:30
hmd_0f102f27,htl_0a785439,rmt_7e669087,room,media/hotels/htl_0a785439/room.jpg,"Room view at Garden Sarovar Homestay, Visakhapatnam",1600,1067,3,2026-08-18T10:00:00+05:30
hmd_1b639efb,htl_0a785439,,dining,media/hotels/htl_0a785439/dining.jpg,"Dining view at Garden Sarovar Homestay, Visakhapatnam",1600,1067,4,2026-08-18T10:00:00+05:30
hmd_1d5e48e4,htl_b3c102fc,,hero,media/hotels/htl_b3c102fc/hero.jpg,"Hero view at The Old Meadows by the Lake, Visakhapatnam",1600,1067,0,2026-08-18T10:00:00+05:30
hmd_d28c1a6b,htl_b3c102fc,,exterior,media/hotels/htl_b3c102fc/exterior.jpg,"Exterior view at The Old Meadows by the Lake, Visakhapatnam",1600,1067,1,2026-08-18T10:00:00+05:30
hmd_fae574f4,htl_b3c102fc,,lobby,media/hotels/htl_b3c102fc/lobby.jpg,"Lobby view at The Old Meadows by the Lake, Visakhapatnam",1600,1067,2,2026-08-18T10:00:00+05:30
hmd_2d730886,htl_b3c102fc,rmt_bcb91a76,room,media/hotels/htl_b3c102fc/room.jpg,"Room view at The Old Meadows by the Lake, Visakhapatnam",1600,1067,3,2026-08-18T10:00:00+05:30
hmd_016b69ae,htl_b3c102fc,,dining,media/hotels/htl_b3c102fc/dining.jpg,"Dining view at The Old Meadows by the Lake, Visakhapatnam",1600,1067,4,2026-08-18T10:00:00+05:30
hmd_b6482266,htl_76cb1dd1,,hero,media/hotels/htl_76cb1dd1/hero.jpg,"Hero view at Villa Haveli Suites, Visakhapatnam",1600,1067,0,2026-08-18T10:00:00+05:30
hmd_04be0837,htl_76cb1dd1,,exterior,media/hotels/htl_76cb1dd1/exterior.jpg,"Exterior view at Villa Haveli Suites, Visakhapatnam",1600,1067,1,2026-08-18T10:00:00+05:30
hmd_d1e765ed,htl_76cb1dd1,,lobby,media/hotels/htl_76cb1dd1/lobby.jpg,"Lobby view at Villa Haveli Suites, Visakhapatnam",1600,1067,2,2026-08-18T10:00:00+05:30
hmd_248dc7ab,htl_76cb1dd1,rmt_d2829726,room,media/hotels/htl_76cb1dd1/room.jpg,"Room view at Villa Haveli Suites, Visakhapatnam",1600,1067,3,2026-08-18T10:00:00+05:30
hmd_ec7c4400,htl_76cb1dd1,,dining,media/hotels/htl_76cb1dd1/dining.jpg,"Dining view at Villa Haveli Suites, Visakhapatnam",1600,1067,4,2026-08-18T10:00:00+05:30
hmd_9bd16385,htl_dfe97fda,,hero,media/hotels/htl_dfe97fda/hero.jpg,"Hero view at Villa Verandah by the Lake, Visakhapatnam",1600,1067,0,2026-08-18T10:00:00+05:30
hmd_fff45247,htl_dfe97fda,,exterior,media/hotels/htl_dfe97fda/exterior.jpg,"Exterior view at Villa Verandah by the Lake, Visakhapatnam",1600,1067,1,2026-08-18T10:00:00+05:30
hmd_4c9a1d17,htl_dfe97fda,,lobby,media/hotels/htl_dfe97fda/lobby.jpg,"Lobby view at Villa Verandah by the Lake, Visakhapatnam",1600,1067,2,2026-08-18T10:00:00+05:30
hmd_31221137,htl_dfe97fda,rmt_ec1be9b1,room,media/hotels/htl_dfe97fda/room.jpg,"Room view at Villa Verandah by the Lake, Visakhapatnam",1600,1067,3,2026-08-18T10:00:00+05:30
hmd_9495b255,htl_dfe97fda,,dining,media/hotels/htl_dfe97fda/dining.jpg,"Dining view at Villa Verandah by the Lake, Visakhapatnam",1600,1067,4,2026-08-18T10:00:00+05:30
hmd_3025f28b,htl_245a6528,,hero,media/hotels/htl_245a6528/hero.jpg,"Hero view at The Old Niwas & Spa, Tirupati",1600,1067,0,2026-08-18T10:00:00+05:30
hmd_1e98d3dd,htl_245a6528,,exterior,media/hotels/htl_245a6528/exterior.jpg,"Exterior view at The Old Niwas & Spa, Tirupati",1600,1067,1,2026-08-18T10:00:00+05:30
hmd_5786cd0d,htl_245a6528,,lobby,media/hotels/htl_245a6528/lobby.jpg,"Lobby view at The Old Niwas & Spa, Tirupati",1600,1067,2,2026-08-18T10:00:00+05:30
hmd_51a19236,htl_245a6528,rmt_4613ddfe,room,media/hotels/htl_245a6528/room.jpg,"Room view at The Old Niwas & Spa, Tirupati",1600,1067,3,2026-08-18T10:00:00+05:30
hmd_7ce6a953,htl_245a6528,,dining,media/hotels/htl_245a6528/dining.jpg,"Dining view at The Old Niwas & Spa, Tirupati",1600,1067,4,2026-08-18T10:00:00+05:30
hmd_d3b03952,htl_79d42624,,hero,media/hotels/htl_79d42624/hero.jpg,"Hero view at Palm Kothi, Tirupati",1600,1067,0,2026-08-18T10:00:00+05:30
hmd_270d928f,htl_79d42624,,exterior,media/hotels/htl_79d42624/exterior.jpg,"Exterior view at Palm Kothi, Tirupati",1600,1067,1,2026-08-18T10:00:00+05:30
hmd_3e03c5f7,htl_79d42624,,lobby,media/hotels/htl_79d42624/lobby.jpg,"Lobby view at Palm Kothi, Tirupati",1600,1067,2,2026-08-18T10:00:00+05:30
hmd_ecb77518,htl_79d42624,rmt_02b3a69d,room,media/hotels/htl_79d42624/room.jpg,"Room view at Palm Kothi, Tirupati",1600,1067,3,2026-08-18T10:00:00+05:30
hmd_d0199454,htl_79d42624,,dining,media/hotels/htl_79d42624/dining.jpg,"Dining view at Palm Kothi, Tirupati",1600,1067,4,2026-08-18T10:00:00+05:30
hmd_e616bfe1,htl_764cb54e,,hero,media/hotels/htl_764cb54e/hero.jpg,"Hero view at Palm Sanctuary Resort, Tirupati",1600,1067,0,2026-08-18T10:00:00+05:30
hmd_7d0fe111,htl_764cb54e,,exterior,media/hotels/htl_764cb54e/exterior.jpg,"Exterior view at Palm Sanctuary Resort, Tirupati",1600,1067,1,2026-08-18T10:00:00+05:30
hmd_6d654cc8,htl_764cb54e,,lobby,media/hotels/htl_764cb54e/lobby.jpg,"Lobby view at Palm Sanctuary Resort, Tirupati",1600,1067,2,2026-08-18T10:00:00+05:30
hmd_bcaf0eb9,htl_764cb54e,rmt_f0ddcc24,room,media/hotels/htl_764cb54e/room.jpg,"Room view at Palm Sanctuary Resort, Tirupati",1600,1067,3,2026-08-18T10:00:00+05:30
hmd_75f3a88b,htl_764cb54e,,dining,media/hotels/htl_764cb54e/dining.jpg,"Dining view at Palm Sanctuary Resort, Tirupati",1600,1067,4,2026-08-18T10:00:00+05:30
hmd_8de5fed6,htl_abb24469,,hero,media/hotels/htl_abb24469/hero.jpg,"Hero view at Royal Ghat House Boutique Stay, Tirupati",1600,1067,0,2026-08-18T10:00:00+05:30
hmd_2d1c9c42,htl_abb24469,,exterior,media/hotels/htl_abb24469/exterior.jpg,"Exterior view at Royal Ghat House Boutique Stay, Tirupati",1600,1067,1,2026-08-18T10:00:00+05:30
hmd_ca7f574c,htl_abb24469,,lobby,media/hotels/htl_abb24469/lobby.jpg,"Lobby view at Royal Ghat House Boutique Stay, Tirupati",1600,1067,2,2026-08-18T10:00:00+05:30
hmd_bcfad6d1,htl_abb24469,rmt_51a62204,room,media/hotels/htl_abb24469/room.jpg,"Room view at Royal Ghat House Boutique Stay, Tirupati",1600,1067,3,2026-08-18T10:00:00+05:30
hmd_40fa9b15,htl_abb24469,,dining,media/hotels/htl_abb24469/dining.jpg,"Dining view at Royal Ghat House Boutique Stay, Tirupati",1600,1067,4,2026-08-18T10:00:00+05:30
hmd_6d577d26,htl_02acd495,,hero,media/hotels/htl_02acd495/hero.jpg,"Hero view at Grand Verandah Boutique Stay, Tirupati",1600,1067,0,2026-08-18T10:00:00+05:30
hmd_93238e24,htl_02acd495,,exterior,media/hotels/htl_02acd495/exterior.jpg,"Exterior view at Grand Verandah Boutique Stay, Tirupati",1600,1067,1,2026-08-18T10:00:00+05:30
hmd_c0fc962f,htl_02acd495,,lobby,media/hotels/htl_02acd495/lobby.jpg,"Lobby view at Grand Verandah Boutique Stay, Tirupati",1600,1067,2,2026-08-18T10:00:00+05:30
hmd_fd0f6788,htl_02acd495,rmt_4fb25af9,room,media/hotels/htl_02acd495/room.jpg,"Room view at Grand Verandah Boutique Stay, Tirupati",1600,1067,3,2026-08-18T10:00:00+05:30
hmd_fcaeeb95,htl_02acd495,,dining,media/hotels/htl_02acd495/dining.jpg,"Dining view at Grand Verandah Boutique Stay, Tirupati",1600,1067,4,2026-08-18T10:00:00+05:30
hmd_275b404b,htl_47d978bd,,hero,media/hotels/htl_47d978bd/hero.jpg,"Hero view at Heritage Kothi Inn, Kolkata",1600,1067,0,2026-08-18T10:00:00+05:30
hmd_2159e524,htl_47d978bd,,exterior,media/hotels/htl_47d978bd/exterior.jpg,"Exterior view at Heritage Kothi Inn, Kolkata",1600,1067,1,2026-08-18T10:00:00+05:30
hmd_15c34076,htl_47d978bd,,lobby,media/hotels/htl_47d978bd/lobby.jpg,"Lobby view at Heritage Kothi Inn, Kolkata",1600,1067,2,2026-08-18T10:00:00+05:30
hmd_fb1b82e0,htl_47d978bd,rmt_d080184a,room,media/hotels/htl_47d978bd/room.jpg,"Room view at Heritage Kothi Inn, Kolkata",1600,1067,3,2026-08-18T10:00:00+05:30
hmd_464793c3,htl_47d978bd,,dining,media/hotels/htl_47d978bd/dining.jpg,"Dining view at Heritage Kothi Inn, Kolkata",1600,1067,4,2026-08-18T10:00:00+05:30
hmd_6d4e902b,htl_3ae2dcdc,,hero,media/hotels/htl_3ae2dcdc/hero.jpg,"Hero view at Heritage Verandah Resort, Kolkata",1600,1067,0,2026-08-18T10:00:00+05:30
hmd_63d7328c,htl_3ae2dcdc,,exterior,media/hotels/htl_3ae2dcdc/exterior.jpg,"Exterior view at Heritage Verandah Resort, Kolkata",1600,1067,1,2026-08-18T10:00:00+05:30
hmd_47bf543c,htl_3ae2dcdc,,lobby,media/hotels/htl_3ae2dcdc/lobby.jpg,"Lobby view at Heritage Verandah Resort, Kolkata",1600,1067,2,2026-08-18T10:00:00+05:30
hmd_d09485be,htl_3ae2dcdc,rmt_7b889ec3,room,media/hotels/htl_3ae2dcdc/room.jpg,"Room view at Heritage Verandah Resort, Kolkata",1600,1067,3,2026-08-18T10:00:00+05:30
hmd_c668b6bf,htl_3ae2dcdc,,dining,media/hotels/htl_3ae2dcdc/dining.jpg,"Dining view at Heritage Verandah Resort, Kolkata",1600,1067,4,2026-08-18T10:00:00+05:30
hmd_691f0a61,htl_e2de8e67,,hero,media/hotels/htl_e2de8e67/hero.jpg,"Hero view at Indigo Sarovar Heritage, Kolkata",1600,1067,0,2026-08-18T10:00:00+05:30
hmd_1c53d1d4,htl_e2de8e67,,exterior,media/hotels/htl_e2de8e67/exterior.jpg,"Exterior view at Indigo Sarovar Heritage, Kolkata",1600,1067,1,2026-08-18T10:00:00+05:30
hmd_4192bee6,htl_e2de8e67,,lobby,media/hotels/htl_e2de8e67/lobby.jpg,"Lobby view at Indigo Sarovar Heritage, Kolkata",1600,1067,2,2026-08-18T10:00:00+05:30
hmd_9dd12463,htl_e2de8e67,rmt_261249fc,room,media/hotels/htl_e2de8e67/room.jpg,"Room view at Indigo Sarovar Heritage, Kolkata",1600,1067,3,2026-08-18T10:00:00+05:30
hmd_df43bd3f,htl_e2de8e67,,dining,media/hotels/htl_e2de8e67/dining.jpg,"Dining view at Indigo Sarovar Heritage, Kolkata",1600,1067,4,2026-08-18T10:00:00+05:30
hmd_0fc999ff,htl_bae73dee,,hero,media/hotels/htl_bae73dee/hero.jpg,"Hero view at The Old Residency Suites, Kolkata",1600,1067,0,2026-08-18T10:00:00+05:30
hmd_6336c181,htl_bae73dee,,exterior,media/hotels/htl_bae73dee/exterior.jpg,"Exterior view at The Old Residency Suites, Kolkata",1600,1067,1,2026-08-18T10:00:00+05:30
hmd_94334c54,htl_bae73dee,,lobby,media/hotels/htl_bae73dee/lobby.jpg,"Lobby view at The Old Residency Suites, Kolkata",1600,1067,2,2026-08-18T10:00:00+05:30
hmd_14555034,htl_bae73dee,rmt_4278ac16,room,media/hotels/htl_bae73dee/room.jpg,"Room view at The Old Residency Suites, Kolkata",1600,1067,3,2026-08-18T10:00:00+05:30
hmd_1b5f3c0d,htl_bae73dee,,dining,media/hotels/htl_bae73dee/dining.jpg,"Dining view at The Old Residency Suites, Kolkata",1600,1067,4,2026-08-18T10:00:00+05:30
hmd_3ed16cf9,htl_f240ca58,,hero,media/hotels/htl_f240ca58/hero.jpg,"Hero view at Garden Vihar Homestay, Kolkata",1600,1067,0,2026-08-18T10:00:00+05:30
hmd_f49fce31,htl_f240ca58,,exterior,media/hotels/htl_f240ca58/exterior.jpg,"Exterior view at Garden Vihar Homestay, Kolkata",1600,1067,1,2026-08-18T10:00:00+05:30
hmd_9c87082d,htl_f240ca58,,lobby,media/hotels/htl_f240ca58/lobby.jpg,"Lobby view at Garden Vihar Homestay, Kolkata",1600,1067,2,2026-08-18T10:00:00+05:30
hmd_75183e6d,htl_f240ca58,rmt_9bee6be6,room,media/hotels/htl_f240ca58/room.jpg,"Room view at Garden Vihar Homestay, Kolkata",1600,1067,3,2026-08-18T10:00:00+05:30
hmd_17fff6e0,htl_f240ca58,,dining,media/hotels/htl_f240ca58/dining.jpg,"Dining view at Garden Vihar Homestay, Kolkata",1600,1067,4,2026-08-18T10:00:00+05:30
hmd_f693db3c,htl_8355f0e8,,hero,media/hotels/htl_8355f0e8/hero.jpg,"Hero view at Riverside Retreat Homestay, Darjeeling",1600,1067,0,2026-08-18T10:00:00+05:30
hmd_36c69323,htl_8355f0e8,,exterior,media/hotels/htl_8355f0e8/exterior.jpg,"Exterior view at Riverside Retreat Homestay, Darjeeling",1600,1067,1,2026-08-18T10:00:00+05:30
hmd_6da03bc5,htl_8355f0e8,,lobby,media/hotels/htl_8355f0e8/lobby.jpg,"Lobby view at Riverside Retreat Homestay, Darjeeling",1600,1067,2,2026-08-18T10:00:00+05:30
hmd_f38c7b8d,htl_8355f0e8,rmt_051ebbd9,room,media/hotels/htl_8355f0e8/room.jpg,"Room view at Riverside Retreat Homestay, Darjeeling",1600,1067,3,2026-08-18T10:00:00+05:30
hmd_511b11ac,htl_8355f0e8,,dining,media/hotels/htl_8355f0e8/dining.jpg,"Dining view at Riverside Retreat Homestay, Darjeeling",1600,1067,4,2026-08-18T10:00:00+05:30
hmd_9f68a610,htl_56eca5af,,hero,media/hotels/htl_56eca5af/hero.jpg,"Hero view at Royal Sarovar Boutique Stay, Darjeeling",1600,1067,0,2026-08-18T10:00:00+05:30
hmd_357c0abd,htl_56eca5af,,exterior,media/hotels/htl_56eca5af/exterior.jpg,"Exterior view at Royal Sarovar Boutique Stay, Darjeeling",1600,1067,1,2026-08-18T10:00:00+05:30
hmd_9cd0048c,htl_56eca5af,,lobby,media/hotels/htl_56eca5af/lobby.jpg,"Lobby view at Royal Sarovar Boutique Stay, Darjeeling",1600,1067,2,2026-08-18T10:00:00+05:30
hmd_f72a7978,htl_56eca5af,rmt_d1a084e4,room,media/hotels/htl_56eca5af/room.jpg,"Room view at Royal Sarovar Boutique Stay, Darjeeling",1600,1067,3,2026-08-18T10:00:00+05:30
hmd_35529a71,htl_56eca5af,,dining,media/hotels/htl_56eca5af/dining.jpg,"Dining view at Royal Sarovar Boutique Stay, Darjeeling",1600,1067,4,2026-08-18T10:00:00+05:30
hmd_e4b14b50,htl_436b30f2,,hero,media/hotels/htl_436b30f2/hero.jpg,"Hero view at Lake Mahal by the Lake, Darjeeling",1600,1067,0,2026-08-18T10:00:00+05:30
hmd_3b1637f2,htl_436b30f2,,exterior,media/hotels/htl_436b30f2/exterior.jpg,"Exterior view at Lake Mahal by the Lake, Darjeeling",1600,1067,1,2026-08-18T10:00:00+05:30
hmd_ce07e2d6,htl_436b30f2,,lobby,media/hotels/htl_436b30f2/lobby.jpg,"Lobby view at Lake Mahal by the Lake, Darjeeling",1600,1067,2,2026-08-18T10:00:00+05:30
hmd_75828896,htl_436b30f2,rmt_a18229b0,room,media/hotels/htl_436b30f2/room.jpg,"Room view at Lake Mahal by the Lake, Darjeeling",1600,1067,3,2026-08-18T10:00:00+05:30
hmd_2314a573,htl_436b30f2,,dining,media/hotels/htl_436b30f2/dining.jpg,"Dining view at Lake Mahal by the Lake, Darjeeling",1600,1067,4,2026-08-18T10:00:00+05:30
hmd_bdb27366,htl_856e726b,,hero,media/hotels/htl_856e726b/hero.jpg,"Hero view at Hotel Verandah Heritage, Darjeeling",1600,1067,0,2026-08-18T10:00:00+05:30
hmd_e050746a,htl_856e726b,,exterior,media/hotels/htl_856e726b/exterior.jpg,"Exterior view at Hotel Verandah Heritage, Darjeeling",1600,1067,1,2026-08-18T10:00:00+05:30
hmd_3ec7db56,htl_856e726b,,lobby,media/hotels/htl_856e726b/lobby.jpg,"Lobby view at Hotel Verandah Heritage, Darjeeling",1600,1067,2,2026-08-18T10:00:00+05:30
hmd_d134d428,htl_856e726b,rmt_03c53624,room,media/hotels/htl_856e726b/room.jpg,"Room view at Hotel Verandah Heritage, Darjeeling",1600,1067,3,2026-08-18T10:00:00+05:30
hmd_6d808a9b,htl_856e726b,,dining,media/hotels/htl_856e726b/dining.jpg,"Dining view at Hotel Verandah Heritage, Darjeeling",1600,1067,4,2026-08-18T10:00:00+05:30
hmd_a2b5dfac,htl_8af8dc5e,,hero,media/hotels/htl_8af8dc5e/hero.jpg,"Hero view at Heritage Palms, Darjeeling",1600,1067,0,2026-08-18T10:00:00+05:30
hmd_68f8f2f6,htl_8af8dc5e,,exterior,media/hotels/htl_8af8dc5e/exterior.jpg,"Exterior view at Heritage Palms, Darjeeling",1600,1067,1,2026-08-18T10:00:00+05:30
hmd_0aa905b9,htl_8af8dc5e,,lobby,media/hotels/htl_8af8dc5e/lobby.jpg,"Lobby view at Heritage Palms, Darjeeling",1600,1067,2,2026-08-18T10:00:00+05:30
hmd_f72bf78e,htl_8af8dc5e,rmt_f42e207b,room,media/hotels/htl_8af8dc5e/room.jpg,"Room view at Heritage Palms, Darjeeling",1600,1067,3,2026-08-18T10:00:00+05:30
hmd_bd3eec5a,htl_8af8dc5e,,dining,media/hotels/htl_8af8dc5e/dining.jpg,"Dining view at Heritage Palms, Darjeeling",1600,1067,4,2026-08-18T10:00:00+05:30
hmd_99b2b1ad,htl_a4e3bbe6,,hero,media/hotels/htl_a4e3bbe6/hero.jpg,"Hero view at The Old Vihar Resort, Puri",1600,1067,0,2026-08-18T10:00:00+05:30
hmd_1034f0c6,htl_a4e3bbe6,,exterior,media/hotels/htl_a4e3bbe6/exterior.jpg,"Exterior view at The Old Vihar Resort, Puri",1600,1067,1,2026-08-18T10:00:00+05:30
hmd_0da70356,htl_a4e3bbe6,,lobby,media/hotels/htl_a4e3bbe6/lobby.jpg,"Lobby view at The Old Vihar Resort, Puri",1600,1067,2,2026-08-18T10:00:00+05:30
hmd_10ade1a3,htl_a4e3bbe6,rmt_8a9eaa37,room,media/hotels/htl_a4e3bbe6/room.jpg,"Room view at The Old Vihar Resort, Puri",1600,1067,3,2026-08-18T10:00:00+05:30
hmd_16af770e,htl_a4e3bbe6,,dining,media/hotels/htl_a4e3bbe6/dining.jpg,"Dining view at The Old Vihar Resort, Puri",1600,1067,4,2026-08-18T10:00:00+05:30
hmd_46e068e4,htl_601e876f,,hero,media/hotels/htl_601e876f/hero.jpg,"Hero view at Casa Verandah Resort, Puri",1600,1067,0,2026-08-18T10:00:00+05:30
hmd_d8415f6e,htl_601e876f,,exterior,media/hotels/htl_601e876f/exterior.jpg,"Exterior view at Casa Verandah Resort, Puri",1600,1067,1,2026-08-18T10:00:00+05:30
hmd_079f25e2,htl_601e876f,,lobby,media/hotels/htl_601e876f/lobby.jpg,"Lobby view at Casa Verandah Resort, Puri",1600,1067,2,2026-08-18T10:00:00+05:30
hmd_0ac0827c,htl_601e876f,rmt_7bae76fc,room,media/hotels/htl_601e876f/room.jpg,"Room view at Casa Verandah Resort, Puri",1600,1067,3,2026-08-18T10:00:00+05:30
hmd_7fafb291,htl_601e876f,,dining,media/hotels/htl_601e876f/dining.jpg,"Dining view at Casa Verandah Resort, Puri",1600,1067,4,2026-08-18T10:00:00+05:30
hmd_8d6fa07c,htl_4374ecd9,,hero,media/hotels/htl_4374ecd9/hero.jpg,"Hero view at Grand Bagh Heritage, Puri",1600,1067,0,2026-08-18T10:00:00+05:30
hmd_73f01c59,htl_4374ecd9,,exterior,media/hotels/htl_4374ecd9/exterior.jpg,"Exterior view at Grand Bagh Heritage, Puri",1600,1067,1,2026-08-18T10:00:00+05:30
hmd_1cb9300a,htl_4374ecd9,,lobby,media/hotels/htl_4374ecd9/lobby.jpg,"Lobby view at Grand Bagh Heritage, Puri",1600,1067,2,2026-08-18T10:00:00+05:30
hmd_72c8ef34,htl_4374ecd9,rmt_4150ea86,room,media/hotels/htl_4374ecd9/room.jpg,"Room view at Grand Bagh Heritage, Puri",1600,1067,3,2026-08-18T10:00:00+05:30
hmd_5d40b6cb,htl_4374ecd9,,dining,media/hotels/htl_4374ecd9/dining.jpg,"Dining view at Grand Bagh Heritage, Puri",1600,1067,4,2026-08-18T10:00:00+05:30
hmd_52b2dc4e,htl_33ef8894,,hero,media/hotels/htl_33ef8894/hero.jpg,"Hero view at Royal Residency Inn, Puri",1600,1067,0,2026-08-18T10:00:00+05:30
hmd_6841a188,htl_33ef8894,,exterior,media/hotels/htl_33ef8894/exterior.jpg,"Exterior view at Royal Residency Inn, Puri",1600,1067,1,2026-08-18T10:00:00+05:30
hmd_f0bf8575,htl_33ef8894,,lobby,media/hotels/htl_33ef8894/lobby.jpg,"Lobby view at Royal Residency Inn, Puri",1600,1067,2,2026-08-18T10:00:00+05:30
hmd_ef50854f,htl_33ef8894,rmt_eb03ef2d,room,media/hotels/htl_33ef8894/room.jpg,"Room view at Royal Residency Inn, Puri",1600,1067,3,2026-08-18T10:00:00+05:30
hmd_27926f1f,htl_33ef8894,,dining,media/hotels/htl_33ef8894/dining.jpg,"Dining view at Royal Residency Inn, Puri",1600,1067,4,2026-08-18T10:00:00+05:30
hmd_66fc18b6,htl_2cbf2c51,,hero,media/hotels/htl_2cbf2c51/hero.jpg,"Hero view at Amber Meadows Suites, Puri",1600,1067,0,2026-08-18T10:00:00+05:30
hmd_42230d55,htl_2cbf2c51,,exterior,media/hotels/htl_2cbf2c51/exterior.jpg,"Exterior view at Amber Meadows Suites, Puri",1600,1067,1,2026-08-18T10:00:00+05:30
hmd_ca343dbf,htl_2cbf2c51,,lobby,media/hotels/htl_2cbf2c51/lobby.jpg,"Lobby view at Amber Meadows Suites, Puri",1600,1067,2,2026-08-18T10:00:00+05:30
hmd_5bcf5f58,htl_2cbf2c51,rmt_f10be577,room,media/hotels/htl_2cbf2c51/room.jpg,"Room view at Amber Meadows Suites, Puri",1600,1067,3,2026-08-18T10:00:00+05:30
hmd_f1c617fe,htl_2cbf2c51,,dining,media/hotels/htl_2cbf2c51/dining.jpg,"Dining view at Amber Meadows Suites, Puri",1600,1067,4,2026-08-18T10:00:00+05:30
hmd_e9b53617,htl_134fd9ab,,hero,media/hotels/htl_134fd9ab/hero.jpg,"Hero view at Heritage Orchard Inn, Bhubaneswar",1600,1067,0,2026-08-18T10:00:00+05:30
hmd_b1fcea64,htl_134fd9ab,,exterior,media/hotels/htl_134fd9ab/exterior.jpg,"Exterior view at Heritage Orchard Inn, Bhubaneswar",1600,1067,1,2026-08-18T10:00:00+05:30
hmd_a70bf9fb,htl_134fd9ab,,lobby,media/hotels/htl_134fd9ab/lobby.jpg,"Lobby view at Heritage Orchard Inn, Bhubaneswar",1600,1067,2,2026-08-18T10:00:00+05:30
hmd_f309a595,htl_134fd9ab,rmt_ed786640,room,media/hotels/htl_134fd9ab/room.jpg,"Room view at Heritage Orchard Inn, Bhubaneswar",1600,1067,3,2026-08-18T10:00:00+05:30
hmd_b6178bae,htl_134fd9ab,,dining,media/hotels/htl_134fd9ab/dining.jpg,"Dining view at Heritage Orchard Inn, Bhubaneswar",1600,1067,4,2026-08-18T10:00:00+05:30
hmd_f05cfd99,htl_33095d0f,,hero,media/hotels/htl_33095d0f/hero.jpg,"Hero view at The Courtyard, Bhubaneswar",1600,1067,0,2026-08-18T10:00:00+05:30
hmd_0315cc53,htl_33095d0f,,exterior,media/hotels/htl_33095d0f/exterior.jpg,"Exterior view at The Courtyard, Bhubaneswar",1600,1067,1,2026-08-18T10:00:00+05:30
hmd_c8bf9571,htl_33095d0f,,lobby,media/hotels/htl_33095d0f/lobby.jpg,"Lobby view at The Courtyard, Bhubaneswar",1600,1067,2,2026-08-18T10:00:00+05:30
hmd_b117e6cf,htl_33095d0f,rmt_ff2e3524,room,media/hotels/htl_33095d0f/room.jpg,"Room view at The Courtyard, Bhubaneswar",1600,1067,3,2026-08-18T10:00:00+05:30
hmd_dd36110c,htl_33095d0f,,dining,media/hotels/htl_33095d0f/dining.jpg,"Dining view at The Courtyard, Bhubaneswar",1600,1067,4,2026-08-18T10:00:00+05:30
hmd_d0da39ab,htl_6cf4a14b,,hero,media/hotels/htl_6cf4a14b/hero.jpg,"Hero view at Palm Retreat by the Lake, Bhubaneswar",1600,1067,0,2026-08-18T10:00:00+05:30
hmd_4ea116d5,htl_6cf4a14b,,exterior,media/hotels/htl_6cf4a14b/exterior.jpg,"Exterior view at Palm Retreat by the Lake, Bhubaneswar",1600,1067,1,2026-08-18T10:00:00+05:30
hmd_784d0276,htl_6cf4a14b,,lobby,media/hotels/htl_6cf4a14b/lobby.jpg,"Lobby view at Palm Retreat by the Lake, Bhubaneswar",1600,1067,2,2026-08-18T10:00:00+05:30
hmd_96d1c6a8,htl_6cf4a14b,rmt_66d8cbf0,room,media/hotels/htl_6cf4a14b/room.jpg,"Room view at Palm Retreat by the Lake, Bhubaneswar",1600,1067,3,2026-08-18T10:00:00+05:30
hmd_00a397d3,htl_6cf4a14b,,dining,media/hotels/htl_6cf4a14b/dining.jpg,"Dining view at Palm Retreat by the Lake, Bhubaneswar",1600,1067,4,2026-08-18T10:00:00+05:30
hmd_b6616768,htl_c5416060,,hero,media/hotels/htl_c5416060/hero.jpg,"Hero view at Lake Bagh Homestay, Bhubaneswar",1600,1067,0,2026-08-18T10:00:00+05:30
hmd_5163fc5e,htl_c5416060,,exterior,media/hotels/htl_c5416060/exterior.jpg,"Exterior view at Lake Bagh Homestay, Bhubaneswar",1600,1067,1,2026-08-18T10:00:00+05:30
hmd_49b962e5,htl_c5416060,,lobby,media/hotels/htl_c5416060/lobby.jpg,"Lobby view at Lake Bagh Homestay, Bhubaneswar",1600,1067,2,2026-08-18T10:00:00+05:30
hmd_1ce10cb2,htl_c5416060,rmt_26276dc5,room,media/hotels/htl_c5416060/room.jpg,"Room view at Lake Bagh Homestay, Bhubaneswar",1600,1067,3,2026-08-18T10:00:00+05:30
hmd_9a1dd2b1,htl_c5416060,,dining,media/hotels/htl_c5416060/dining.jpg,"Dining view at Lake Bagh Homestay, Bhubaneswar",1600,1067,4,2026-08-18T10:00:00+05:30
hmd_5c86acfe,htl_886263e9,,hero,media/hotels/htl_886263e9/hero.jpg,"Hero view at Hotel Nest Boutique Stay, Bhubaneswar",1600,1067,0,2026-08-18T10:00:00+05:30
hmd_5feef695,htl_886263e9,,exterior,media/hotels/htl_886263e9/exterior.jpg,"Exterior view at Hotel Nest Boutique Stay, Bhubaneswar",1600,1067,1,2026-08-18T10:00:00+05:30
hmd_96e020d3,htl_886263e9,,lobby,media/hotels/htl_886263e9/lobby.jpg,"Lobby view at Hotel Nest Boutique Stay, Bhubaneswar",1600,1067,2,2026-08-18T10:00:00+05:30
hmd_28327694,htl_886263e9,rmt_576ef766,room,media/hotels/htl_886263e9/room.jpg,"Room view at Hotel Nest Boutique Stay, Bhubaneswar",1600,1067,3,2026-08-18T10:00:00+05:30
hmd_42e4b6ba,htl_886263e9,,dining,media/hotels/htl_886263e9/dining.jpg,"Dining view at Hotel Nest Boutique Stay, Bhubaneswar",1600,1067,4,2026-08-18T10:00:00+05:30
hmd_3d23a14a,htl_29ab8d35,,hero,media/hotels/htl_29ab8d35/hero.jpg,"Hero view at Indigo Palms Boutique Stay, Guwahati",1600,1067,0,2026-08-18T10:00:00+05:30
hmd_ecd0b290,htl_29ab8d35,,exterior,media/hotels/htl_29ab8d35/exterior.jpg,"Exterior view at Indigo Palms Boutique Stay, Guwahati",1600,1067,1,2026-08-18T10:00:00+05:30
hmd_3066e6ec,htl_29ab8d35,,lobby,media/hotels/htl_29ab8d35/lobby.jpg,"Lobby view at Indigo Palms Boutique Stay, Guwahati",1600,1067,2,2026-08-18T10:00:00+05:30
hmd_e10c3506,htl_29ab8d35,rmt_425eabfe,room,media/hotels/htl_29ab8d35/room.jpg,"Room view at Indigo Palms Boutique Stay, Guwahati",1600,1067,3,2026-08-18T10:00:00+05:30
hmd_d6a8be43,htl_29ab8d35,,dining,media/hotels/htl_29ab8d35/dining.jpg,"Dining view at Indigo Palms Boutique Stay, Guwahati",1600,1067,4,2026-08-18T10:00:00+05:30
hmd_a1e8076d,htl_2794421e,,hero,media/hotels/htl_2794421e/hero.jpg,"Hero view at The Old Palms Resort, Guwahati",1600,1067,0,2026-08-18T10:00:00+05:30
hmd_42af5f26,htl_2794421e,,exterior,media/hotels/htl_2794421e/exterior.jpg,"Exterior view at The Old Palms Resort, Guwahati",1600,1067,1,2026-08-18T10:00:00+05:30
hmd_33b26cdf,htl_2794421e,,lobby,media/hotels/htl_2794421e/lobby.jpg,"Lobby view at The Old Palms Resort, Guwahati",1600,1067,2,2026-08-18T10:00:00+05:30
hmd_6df147b1,htl_2794421e,rmt_5d53b983,room,media/hotels/htl_2794421e/room.jpg,"Room view at The Old Palms Resort, Guwahati",1600,1067,3,2026-08-18T10:00:00+05:30
hmd_783ce827,htl_2794421e,,dining,media/hotels/htl_2794421e/dining.jpg,"Dining view at The Old Palms Resort, Guwahati",1600,1067,4,2026-08-18T10:00:00+05:30
hmd_6e1cbe09,htl_c1021bb3,,hero,media/hotels/htl_c1021bb3/hero.jpg,"Hero view at Riverside Mahal Homestay, Guwahati",1600,1067,0,2026-08-18T10:00:00+05:30
hmd_8cea9d6e,htl_c1021bb3,,exterior,media/hotels/htl_c1021bb3/exterior.jpg,"Exterior view at Riverside Mahal Homestay, Guwahati",1600,1067,1,2026-08-18T10:00:00+05:30
hmd_0552aeb1,htl_c1021bb3,,lobby,media/hotels/htl_c1021bb3/lobby.jpg,"Lobby view at Riverside Mahal Homestay, Guwahati",1600,1067,2,2026-08-18T10:00:00+05:30
hmd_b8523bd6,htl_c1021bb3,rmt_18bef650,room,media/hotels/htl_c1021bb3/room.jpg,"Room view at Riverside Mahal Homestay, Guwahati",1600,1067,3,2026-08-18T10:00:00+05:30
hmd_8b3734eb,htl_c1021bb3,,dining,media/hotels/htl_c1021bb3/dining.jpg,"Dining view at Riverside Mahal Homestay, Guwahati",1600,1067,4,2026-08-18T10:00:00+05:30
hmd_df29ac99,htl_f8bfa434,,hero,media/hotels/htl_f8bfa434/hero.jpg,"Hero view at Palm Sarovar, Guwahati",1600,1067,0,2026-08-18T10:00:00+05:30
hmd_27faf114,htl_f8bfa434,,exterior,media/hotels/htl_f8bfa434/exterior.jpg,"Exterior view at Palm Sarovar, Guwahati",1600,1067,1,2026-08-18T10:00:00+05:30
hmd_39b9acf3,htl_f8bfa434,,lobby,media/hotels/htl_f8bfa434/lobby.jpg,"Lobby view at Palm Sarovar, Guwahati",1600,1067,2,2026-08-18T10:00:00+05:30
hmd_841a6dfd,htl_f8bfa434,rmt_2919bbfe,room,media/hotels/htl_f8bfa434/room.jpg,"Room view at Palm Sarovar, Guwahati",1600,1067,3,2026-08-18T10:00:00+05:30
hmd_4dd501c9,htl_f8bfa434,,dining,media/hotels/htl_f8bfa434/dining.jpg,"Dining view at Palm Sarovar, Guwahati",1600,1067,4,2026-08-18T10:00:00+05:30
hmd_267d107f,htl_a8390357,,hero,media/hotels/htl_a8390357/hero.jpg,"Hero view at The Old Haveli & Spa, Guwahati",1600,1067,0,2026-08-18T10:00:00+05:30
hmd_7c4a524a,htl_a8390357,,exterior,media/hotels/htl_a8390357/exterior.jpg,"Exterior view at The Old Haveli & Spa, Guwahati",1600,1067,1,2026-08-18T10:00:00+05:30
hmd_75485711,htl_a8390357,,lobby,media/hotels/htl_a8390357/lobby.jpg,"Lobby view at The Old Haveli & Spa, Guwahati",1600,1067,2,2026-08-18T10:00:00+05:30
hmd_a355cae5,htl_a8390357,rmt_122240ca,room,media/hotels/htl_a8390357/room.jpg,"Room view at The Old Haveli & Spa, Guwahati",1600,1067,3,2026-08-18T10:00:00+05:30
hmd_cf66f4c1,htl_a8390357,,dining,media/hotels/htl_a8390357/dining.jpg,"Dining view at The Old Haveli & Spa, Guwahati",1600,1067,4,2026-08-18T10:00:00+05:30
hmd_d1e84b82,htl_c3b644f4,,hero,media/hotels/htl_c3b644f4/hero.jpg,"Hero view at Heritage Vihar & Spa, Shillong",1600,1067,0,2026-08-18T10:00:00+05:30
hmd_096e920b,htl_c3b644f4,,exterior,media/hotels/htl_c3b644f4/exterior.jpg,"Exterior view at Heritage Vihar & Spa, Shillong",1600,1067,1,2026-08-18T10:00:00+05:30
hmd_af2acf57,htl_c3b644f4,,lobby,media/hotels/htl_c3b644f4/lobby.jpg,"Lobby view at Heritage Vihar & Spa, Shillong",1600,1067,2,2026-08-18T10:00:00+05:30
hmd_0709dd08,htl_c3b644f4,rmt_6cf93c8a,room,media/hotels/htl_c3b644f4/room.jpg,"Room view at Heritage Vihar & Spa, Shillong",1600,1067,3,2026-08-18T10:00:00+05:30
hmd_d2d61493,htl_c3b644f4,,dining,media/hotels/htl_c3b644f4/dining.jpg,"Dining view at Heritage Vihar & Spa, Shillong",1600,1067,4,2026-08-18T10:00:00+05:30
hmd_e64c324e,htl_eb7ff223,,hero,media/hotels/htl_eb7ff223/hero.jpg,"Hero view at Villa Nest Resort, Shillong",1600,1067,0,2026-08-18T10:00:00+05:30
hmd_591e8813,htl_eb7ff223,,exterior,media/hotels/htl_eb7ff223/exterior.jpg,"Exterior view at Villa Nest Resort, Shillong",1600,1067,1,2026-08-18T10:00:00+05:30
hmd_78e8dfbf,htl_eb7ff223,,lobby,media/hotels/htl_eb7ff223/lobby.jpg,"Lobby view at Villa Nest Resort, Shillong",1600,1067,2,2026-08-18T10:00:00+05:30
hmd_623eec17,htl_eb7ff223,rmt_8cffb570,room,media/hotels/htl_eb7ff223/room.jpg,"Room view at Villa Nest Resort, Shillong",1600,1067,3,2026-08-18T10:00:00+05:30
hmd_924295b6,htl_eb7ff223,,dining,media/hotels/htl_eb7ff223/dining.jpg,"Dining view at Villa Nest Resort, Shillong",1600,1067,4,2026-08-18T10:00:00+05:30
hmd_1abc1745,htl_8d39efd7,,hero,media/hotels/htl_8d39efd7/hero.jpg,"Hero view at Grand Orchard & Spa, Shillong",1600,1067,0,2026-08-18T10:00:00+05:30
hmd_154dfd23,htl_8d39efd7,,exterior,media/hotels/htl_8d39efd7/exterior.jpg,"Exterior view at Grand Orchard & Spa, Shillong",1600,1067,1,2026-08-18T10:00:00+05:30
hmd_eaf4ccff,htl_8d39efd7,,lobby,media/hotels/htl_8d39efd7/lobby.jpg,"Lobby view at Grand Orchard & Spa, Shillong",1600,1067,2,2026-08-18T10:00:00+05:30
hmd_ad001b3b,htl_8d39efd7,rmt_ca9540b1,room,media/hotels/htl_8d39efd7/room.jpg,"Room view at Grand Orchard & Spa, Shillong",1600,1067,3,2026-08-18T10:00:00+05:30
hmd_5697599d,htl_8d39efd7,,dining,media/hotels/htl_8d39efd7/dining.jpg,"Dining view at Grand Orchard & Spa, Shillong",1600,1067,4,2026-08-18T10:00:00+05:30
hmd_99c7394b,htl_7c198d6d,,hero,media/hotels/htl_7c198d6d/hero.jpg,"Hero view at Grand Sarovar Resort, Shillong",1600,1067,0,2026-08-18T10:00:00+05:30
hmd_f7b8c059,htl_7c198d6d,,exterior,media/hotels/htl_7c198d6d/exterior.jpg,"Exterior view at Grand Sarovar Resort, Shillong",1600,1067,1,2026-08-18T10:00:00+05:30
hmd_899c7960,htl_7c198d6d,,lobby,media/hotels/htl_7c198d6d/lobby.jpg,"Lobby view at Grand Sarovar Resort, Shillong",1600,1067,2,2026-08-18T10:00:00+05:30
hmd_059c25fd,htl_7c198d6d,rmt_e7196437,room,media/hotels/htl_7c198d6d/room.jpg,"Room view at Grand Sarovar Resort, Shillong",1600,1067,3,2026-08-18T10:00:00+05:30
hmd_5ec4b194,htl_7c198d6d,,dining,media/hotels/htl_7c198d6d/dining.jpg,"Dining view at Grand Sarovar Resort, Shillong",1600,1067,4,2026-08-18T10:00:00+05:30
hmd_044b1a4f,htl_66ddcad3,,hero,media/hotels/htl_66ddcad3/hero.jpg,"Hero view at Royal Retreat Homestay, Shillong",1600,1067,0,2026-08-18T10:00:00+05:30
hmd_9bbb50be,htl_66ddcad3,,exterior,media/hotels/htl_66ddcad3/exterior.jpg,"Exterior view at Royal Retreat Homestay, Shillong",1600,1067,1,2026-08-18T10:00:00+05:30
hmd_68c0f1dd,htl_66ddcad3,,lobby,media/hotels/htl_66ddcad3/lobby.jpg,"Lobby view at Royal Retreat Homestay, Shillong",1600,1067,2,2026-08-18T10:00:00+05:30
hmd_8bb59728,htl_66ddcad3,rmt_81287aa5,room,media/hotels/htl_66ddcad3/room.jpg,"Room view at Royal Retreat Homestay, Shillong",1600,1067,3,2026-08-18T10:00:00+05:30
hmd_9b85f507,htl_66ddcad3,,dining,media/hotels/htl_66ddcad3/dining.jpg,"Dining view at Royal Retreat Homestay, Shillong",1600,1067,4,2026-08-18T10:00:00+05:30
hmd_ab395ef5,htl_15d2dc78,,hero,media/hotels/htl_15d2dc78/hero.jpg,"Hero view at Palm Haveli Inn, Gangtok",1600,1067,0,2026-08-18T10:00:00+05:30
hmd_eccfb7b5,htl_15d2dc78,,exterior,media/hotels/htl_15d2dc78/exterior.jpg,"Exterior view at Palm Haveli Inn, Gangtok",1600,1067,1,2026-08-18T10:00:00+05:30
hmd_271cbce6,htl_15d2dc78,,lobby,media/hotels/htl_15d2dc78/lobby.jpg,"Lobby view at Palm Haveli Inn, Gangtok",1600,1067,2,2026-08-18T10:00:00+05:30
hmd_7039a058,htl_15d2dc78,rmt_3d4805f9,room,media/hotels/htl_15d2dc78/room.jpg,"Room view at Palm Haveli Inn, Gangtok",1600,1067,3,2026-08-18T10:00:00+05:30
hmd_6331b277,htl_15d2dc78,,dining,media/hotels/htl_15d2dc78/dining.jpg,"Dining view at Palm Haveli Inn, Gangtok",1600,1067,4,2026-08-18T10:00:00+05:30
hmd_0805af61,htl_5204cc3f,,hero,media/hotels/htl_5204cc3f/hero.jpg,"Hero view at Indigo Manor Suites, Gangtok",1600,1067,0,2026-08-18T10:00:00+05:30
hmd_fbcf41ae,htl_5204cc3f,,exterior,media/hotels/htl_5204cc3f/exterior.jpg,"Exterior view at Indigo Manor Suites, Gangtok",1600,1067,1,2026-08-18T10:00:00+05:30
hmd_91564b53,htl_5204cc3f,,lobby,media/hotels/htl_5204cc3f/lobby.jpg,"Lobby view at Indigo Manor Suites, Gangtok",1600,1067,2,2026-08-18T10:00:00+05:30
hmd_4e48e8c4,htl_5204cc3f,rmt_aa7eb6d2,room,media/hotels/htl_5204cc3f/room.jpg,"Room view at Indigo Manor Suites, Gangtok",1600,1067,3,2026-08-18T10:00:00+05:30
hmd_f17dafd7,htl_5204cc3f,,dining,media/hotels/htl_5204cc3f/dining.jpg,"Dining view at Indigo Manor Suites, Gangtok",1600,1067,4,2026-08-18T10:00:00+05:30
hmd_81c3d3da,htl_9ce8d068,,hero,media/hotels/htl_9ce8d068/hero.jpg,"Hero view at The Old Verandah Suites, Gangtok",1600,1067,0,2026-08-18T10:00:00+05:30
hmd_61187fa2,htl_9ce8d068,,exterior,media/hotels/htl_9ce8d068/exterior.jpg,"Exterior view at The Old Verandah Suites, Gangtok",1600,1067,1,2026-08-18T10:00:00+05:30
hmd_d3b6b4f0,htl_9ce8d068,,lobby,media/hotels/htl_9ce8d068/lobby.jpg,"Lobby view at The Old Verandah Suites, Gangtok",1600,1067,2,2026-08-18T10:00:00+05:30
hmd_0edc49dc,htl_9ce8d068,rmt_6185fc06,room,media/hotels/htl_9ce8d068/room.jpg,"Room view at The Old Verandah Suites, Gangtok",1600,1067,3,2026-08-18T10:00:00+05:30
hmd_7aa234ac,htl_9ce8d068,,dining,media/hotels/htl_9ce8d068/dining.jpg,"Dining view at The Old Verandah Suites, Gangtok",1600,1067,4,2026-08-18T10:00:00+05:30
hmd_e469bd92,htl_f7f9a831,,hero,media/hotels/htl_f7f9a831/hero.jpg,"Hero view at Garden Bagh Resort, Gangtok",1600,1067,0,2026-08-18T10:00:00+05:30
hmd_d2c22d7b,htl_f7f9a831,,exterior,media/hotels/htl_f7f9a831/exterior.jpg,"Exterior view at Garden Bagh Resort, Gangtok",1600,1067,1,2026-08-18T10:00:00+05:30
hmd_72b9323d,htl_f7f9a831,,lobby,media/hotels/htl_f7f9a831/lobby.jpg,"Lobby view at Garden Bagh Resort, Gangtok",1600,1067,2,2026-08-18T10:00:00+05:30
hmd_df07e7f3,htl_f7f9a831,rmt_c78dc711,room,media/hotels/htl_f7f9a831/room.jpg,"Room view at Garden Bagh Resort, Gangtok",1600,1067,3,2026-08-18T10:00:00+05:30
hmd_d9716db2,htl_f7f9a831,,dining,media/hotels/htl_f7f9a831/dining.jpg,"Dining view at Garden Bagh Resort, Gangtok",1600,1067,4,2026-08-18T10:00:00+05:30
hmd_1d29f3b0,htl_02bb587c,,hero,media/hotels/htl_02bb587c/hero.jpg,"Hero view at Amber Nest by the Lake, Gangtok",1600,1067,0,2026-08-18T10:00:00+05:30
hmd_1c926075,htl_02bb587c,,exterior,media/hotels/htl_02bb587c/exterior.jpg,"Exterior view at Amber Nest by the Lake, Gangtok",1600,1067,1,2026-08-18T10:00:00+05:30
hmd_10322592,htl_02bb587c,,lobby,media/hotels/htl_02bb587c/lobby.jpg,"Lobby view at Amber Nest by the Lake, Gangtok",1600,1067,2,2026-08-18T10:00:00+05:30
hmd_b7d258f9,htl_02bb587c,rmt_c58858c3,room,media/hotels/htl_02bb587c/room.jpg,"Room view at Amber Nest by the Lake, Gangtok",1600,1067,3,2026-08-18T10:00:00+05:30
hmd_55a42d64,htl_02bb587c,,dining,media/hotels/htl_02bb587c/dining.jpg,"Dining view at Amber Nest by the Lake, Gangtok",1600,1067,4,2026-08-18T10:00:00+05:30
hmd_c1b263c1,htl_fe5eb48a,,hero,media/hotels/htl_fe5eb48a/hero.jpg,"Hero view at Garden Ghat House Resort, Colombo",1600,1067,0,2026-08-18T10:00:00+05:30
hmd_7b0d2a40,htl_fe5eb48a,,exterior,media/hotels/htl_fe5eb48a/exterior.jpg,"Exterior view at Garden Ghat House Resort, Colombo",1600,1067,1,2026-08-18T10:00:00+05:30
hmd_3c9d8393,htl_fe5eb48a,,lobby,media/hotels/htl_fe5eb48a/lobby.jpg,"Lobby view at Garden Ghat House Resort, Colombo",1600,1067,2,2026-08-18T10:00:00+05:30
hmd_bf0cbf2e,htl_fe5eb48a,rmt_96f11d2a,room,media/hotels/htl_fe5eb48a/room.jpg,"Room view at Garden Ghat House Resort, Colombo",1600,1067,3,2026-08-18T10:00:00+05:30
hmd_f33aef9a,htl_fe5eb48a,,dining,media/hotels/htl_fe5eb48a/dining.jpg,"Dining view at Garden Ghat House Resort, Colombo",1600,1067,4,2026-08-18T10:00:00+05:30
hmd_8ceb7095,htl_0c78227f,,hero,media/hotels/htl_0c78227f/hero.jpg,"Hero view at Casa Retreat Resort, Colombo",1600,1067,0,2026-08-18T10:00:00+05:30
hmd_c0cc53b3,htl_0c78227f,,exterior,media/hotels/htl_0c78227f/exterior.jpg,"Exterior view at Casa Retreat Resort, Colombo",1600,1067,1,2026-08-18T10:00:00+05:30
hmd_636c7061,htl_0c78227f,,lobby,media/hotels/htl_0c78227f/lobby.jpg,"Lobby view at Casa Retreat Resort, Colombo",1600,1067,2,2026-08-18T10:00:00+05:30
hmd_972dfadd,htl_0c78227f,rmt_2388e4fc,room,media/hotels/htl_0c78227f/room.jpg,"Room view at Casa Retreat Resort, Colombo",1600,1067,3,2026-08-18T10:00:00+05:30
hmd_32363f96,htl_0c78227f,,dining,media/hotels/htl_0c78227f/dining.jpg,"Dining view at Casa Retreat Resort, Colombo",1600,1067,4,2026-08-18T10:00:00+05:30
hmd_7a96bda6,htl_81469f7e,,hero,media/hotels/htl_81469f7e/hero.jpg,"Hero view at Lake Meadows Inn, Colombo",1600,1067,0,2026-08-18T10:00:00+05:30
hmd_409f26c7,htl_81469f7e,,exterior,media/hotels/htl_81469f7e/exterior.jpg,"Exterior view at Lake Meadows Inn, Colombo",1600,1067,1,2026-08-18T10:00:00+05:30
hmd_5102c481,htl_81469f7e,,lobby,media/hotels/htl_81469f7e/lobby.jpg,"Lobby view at Lake Meadows Inn, Colombo",1600,1067,2,2026-08-18T10:00:00+05:30
hmd_6bd841dd,htl_81469f7e,rmt_c5ff567c,room,media/hotels/htl_81469f7e/room.jpg,"Room view at Lake Meadows Inn, Colombo",1600,1067,3,2026-08-18T10:00:00+05:30
hmd_c3ca4a67,htl_81469f7e,,dining,media/hotels/htl_81469f7e/dining.jpg,"Dining view at Lake Meadows Inn, Colombo",1600,1067,4,2026-08-18T10:00:00+05:30
hmd_76a2424e,htl_4ad0f6f7,,hero,media/hotels/htl_4ad0f6f7/hero.jpg,"Hero view at Heritage Haveli, Colombo",1600,1067,0,2026-08-18T10:00:00+05:30
hmd_6bcef838,htl_4ad0f6f7,,exterior,media/hotels/htl_4ad0f6f7/exterior.jpg,"Exterior view at Heritage Haveli, Colombo",1600,1067,1,2026-08-18T10:00:00+05:30
hmd_0dec7497,htl_4ad0f6f7,,lobby,media/hotels/htl_4ad0f6f7/lobby.jpg,"Lobby view at Heritage Haveli, Colombo",1600,1067,2,2026-08-18T10:00:00+05:30
hmd_cf5dd7e1,htl_4ad0f6f7,rmt_b04df287,room,media/hotels/htl_4ad0f6f7/room.jpg,"Room view at Heritage Haveli, Colombo",1600,1067,3,2026-08-18T10:00:00+05:30
hmd_a270cc97,htl_4ad0f6f7,,dining,media/hotels/htl_4ad0f6f7/dining.jpg,"Dining view at Heritage Haveli, Colombo",1600,1067,4,2026-08-18T10:00:00+05:30
hmd_0dbe1438,htl_926da217,,hero,media/hotels/htl_926da217/hero.jpg,"Hero view at Heritage Nest Boutique Stay, Colombo",1600,1067,0,2026-08-18T10:00:00+05:30
hmd_3bd89897,htl_926da217,,exterior,media/hotels/htl_926da217/exterior.jpg,"Exterior view at Heritage Nest Boutique Stay, Colombo",1600,1067,1,2026-08-18T10:00:00+05:30
hmd_fcacda54,htl_926da217,,lobby,media/hotels/htl_926da217/lobby.jpg,"Lobby view at Heritage Nest Boutique Stay, Colombo",1600,1067,2,2026-08-18T10:00:00+05:30
hmd_d2f7d04a,htl_926da217,rmt_9f858e23,room,media/hotels/htl_926da217/room.jpg,"Room view at Heritage Nest Boutique Stay, Colombo",1600,1067,3,2026-08-18T10:00:00+05:30
hmd_0f507f98,htl_926da217,,dining,media/hotels/htl_926da217/dining.jpg,"Dining view at Heritage Nest Boutique Stay, Colombo",1600,1067,4,2026-08-18T10:00:00+05:30
hmd_7a8f9d8e,htl_5e432970,,hero,media/hotels/htl_5e432970/hero.jpg,"Hero view at Hillview Niwas Resort, Kandy",1600,1067,0,2026-08-18T10:00:00+05:30
hmd_32590c2d,htl_5e432970,,exterior,media/hotels/htl_5e432970/exterior.jpg,"Exterior view at Hillview Niwas Resort, Kandy",1600,1067,1,2026-08-18T10:00:00+05:30
hmd_71b95eba,htl_5e432970,,lobby,media/hotels/htl_5e432970/lobby.jpg,"Lobby view at Hillview Niwas Resort, Kandy",1600,1067,2,2026-08-18T10:00:00+05:30
hmd_a0115d1f,htl_5e432970,rmt_066230cc,room,media/hotels/htl_5e432970/room.jpg,"Room view at Hillview Niwas Resort, Kandy",1600,1067,3,2026-08-18T10:00:00+05:30
hmd_0e2faa86,htl_5e432970,,dining,media/hotels/htl_5e432970/dining.jpg,"Dining view at Hillview Niwas Resort, Kandy",1600,1067,4,2026-08-18T10:00:00+05:30
hmd_e4f4858f,htl_c8c81865,,hero,media/hotels/htl_c8c81865/hero.jpg,"Hero view at Grand Mahal by the Lake, Kandy",1600,1067,0,2026-08-18T10:00:00+05:30
hmd_81101cd3,htl_c8c81865,,exterior,media/hotels/htl_c8c81865/exterior.jpg,"Exterior view at Grand Mahal by the Lake, Kandy",1600,1067,1,2026-08-18T10:00:00+05:30
hmd_15408ed9,htl_c8c81865,,lobby,media/hotels/htl_c8c81865/lobby.jpg,"Lobby view at Grand Mahal by the Lake, Kandy",1600,1067,2,2026-08-18T10:00:00+05:30
hmd_3cd79054,htl_c8c81865,rmt_fcdfb4e0,room,media/hotels/htl_c8c81865/room.jpg,"Room view at Grand Mahal by the Lake, Kandy",1600,1067,3,2026-08-18T10:00:00+05:30
hmd_65fd907a,htl_c8c81865,,dining,media/hotels/htl_c8c81865/dining.jpg,"Dining view at Grand Mahal by the Lake, Kandy",1600,1067,4,2026-08-18T10:00:00+05:30
hmd_13f94c17,htl_742928a2,,hero,media/hotels/htl_742928a2/hero.jpg,"Hero view at Garden Regency Inn, Kandy",1600,1067,0,2026-08-18T10:00:00+05:30
hmd_a41969e0,htl_742928a2,,exterior,media/hotels/htl_742928a2/exterior.jpg,"Exterior view at Garden Regency Inn, Kandy",1600,1067,1,2026-08-18T10:00:00+05:30
hmd_5966f01b,htl_742928a2,,lobby,media/hotels/htl_742928a2/lobby.jpg,"Lobby view at Garden Regency Inn, Kandy",1600,1067,2,2026-08-18T10:00:00+05:30
hmd_242bb22e,htl_742928a2,rmt_45e23275,room,media/hotels/htl_742928a2/room.jpg,"Room view at Garden Regency Inn, Kandy",1600,1067,3,2026-08-18T10:00:00+05:30
hmd_faf333b0,htl_742928a2,,dining,media/hotels/htl_742928a2/dining.jpg,"Dining view at Garden Regency Inn, Kandy",1600,1067,4,2026-08-18T10:00:00+05:30
hmd_a7bd6a38,htl_472830e6,,hero,media/hotels/htl_472830e6/hero.jpg,"Hero view at Garden Mahal Boutique Stay, Kandy",1600,1067,0,2026-08-18T10:00:00+05:30
hmd_dd7b3fca,htl_472830e6,,exterior,media/hotels/htl_472830e6/exterior.jpg,"Exterior view at Garden Mahal Boutique Stay, Kandy",1600,1067,1,2026-08-18T10:00:00+05:30
hmd_2346a28f,htl_472830e6,,lobby,media/hotels/htl_472830e6/lobby.jpg,"Lobby view at Garden Mahal Boutique Stay, Kandy",1600,1067,2,2026-08-18T10:00:00+05:30
hmd_81ec2642,htl_472830e6,rmt_92dd27a3,room,media/hotels/htl_472830e6/room.jpg,"Room view at Garden Mahal Boutique Stay, Kandy",1600,1067,3,2026-08-18T10:00:00+05:30
hmd_404cfb72,htl_472830e6,,dining,media/hotels/htl_472830e6/dining.jpg,"Dining view at Garden Mahal Boutique Stay, Kandy",1600,1067,4,2026-08-18T10:00:00+05:30
hmd_cf80c1c6,htl_de3e4a9f,,hero,media/hotels/htl_de3e4a9f/hero.jpg,"Hero view at Lake Courtyard Boutique Stay, Kandy",1600,1067,0,2026-08-18T10:00:00+05:30
hmd_21aa8f32,htl_de3e4a9f,,exterior,media/hotels/htl_de3e4a9f/exterior.jpg,"Exterior view at Lake Courtyard Boutique Stay, Kandy",1600,1067,1,2026-08-18T10:00:00+05:30
hmd_a3f2a833,htl_de3e4a9f,,lobby,media/hotels/htl_de3e4a9f/lobby.jpg,"Lobby view at Lake Courtyard Boutique Stay, Kandy",1600,1067,2,2026-08-18T10:00:00+05:30
hmd_78d10174,htl_de3e4a9f,rmt_93930eb7,room,media/hotels/htl_de3e4a9f/room.jpg,"Room view at Lake Courtyard Boutique Stay, Kandy",1600,1067,3,2026-08-18T10:00:00+05:30
hmd_40598c84,htl_de3e4a9f,,dining,media/hotels/htl_de3e4a9f/dining.jpg,"Dining view at Lake Courtyard Boutique Stay, Kandy",1600,1067,4,2026-08-18T10:00:00+05:30
hmd_e62af22c,htl_bd6ac349,,hero,media/hotels/htl_bd6ac349/hero.jpg,"Hero view at Hotel Orchard Resort, Kathmandu",1600,1067,0,2026-08-18T10:00:00+05:30
hmd_91fad99f,htl_bd6ac349,,exterior,media/hotels/htl_bd6ac349/exterior.jpg,"Exterior view at Hotel Orchard Resort, Kathmandu",1600,1067,1,2026-08-18T10:00:00+05:30
hmd_14dcf464,htl_bd6ac349,,lobby,media/hotels/htl_bd6ac349/lobby.jpg,"Lobby view at Hotel Orchard Resort, Kathmandu",1600,1067,2,2026-08-18T10:00:00+05:30
hmd_75cc4b56,htl_bd6ac349,rmt_40250c2d,room,media/hotels/htl_bd6ac349/room.jpg,"Room view at Hotel Orchard Resort, Kathmandu",1600,1067,3,2026-08-18T10:00:00+05:30
hmd_19b9d684,htl_bd6ac349,,dining,media/hotels/htl_bd6ac349/dining.jpg,"Dining view at Hotel Orchard Resort, Kathmandu",1600,1067,4,2026-08-18T10:00:00+05:30
hmd_330e0b89,htl_b88b0c27,,hero,media/hotels/htl_b88b0c27/hero.jpg,"Hero view at The Sanctuary Heritage, Kathmandu",1600,1067,0,2026-08-18T10:00:00+05:30
hmd_b0f5b649,htl_b88b0c27,,exterior,media/hotels/htl_b88b0c27/exterior.jpg,"Exterior view at The Sanctuary Heritage, Kathmandu",1600,1067,1,2026-08-18T10:00:00+05:30
hmd_86b3887d,htl_b88b0c27,,lobby,media/hotels/htl_b88b0c27/lobby.jpg,"Lobby view at The Sanctuary Heritage, Kathmandu",1600,1067,2,2026-08-18T10:00:00+05:30
hmd_e9047ab6,htl_b88b0c27,rmt_17786d31,room,media/hotels/htl_b88b0c27/room.jpg,"Room view at The Sanctuary Heritage, Kathmandu",1600,1067,3,2026-08-18T10:00:00+05:30
hmd_44260bb1,htl_b88b0c27,,dining,media/hotels/htl_b88b0c27/dining.jpg,"Dining view at The Sanctuary Heritage, Kathmandu",1600,1067,4,2026-08-18T10:00:00+05:30
hmd_005f517f,htl_26fee559,,hero,media/hotels/htl_26fee559/hero.jpg,"Hero view at Casa Meadows Inn, Kathmandu",1600,1067,0,2026-08-18T10:00:00+05:30
hmd_0388d977,htl_26fee559,,exterior,media/hotels/htl_26fee559/exterior.jpg,"Exterior view at Casa Meadows Inn, Kathmandu",1600,1067,1,2026-08-18T10:00:00+05:30
hmd_3e82f112,htl_26fee559,,lobby,media/hotels/htl_26fee559/lobby.jpg,"Lobby view at Casa Meadows Inn, Kathmandu",1600,1067,2,2026-08-18T10:00:00+05:30
hmd_7e7255a0,htl_26fee559,rmt_51187086,room,media/hotels/htl_26fee559/room.jpg,"Room view at Casa Meadows Inn, Kathmandu",1600,1067,3,2026-08-18T10:00:00+05:30
hmd_3bfaacae,htl_26fee559,,dining,media/hotels/htl_26fee559/dining.jpg,"Dining view at Casa Meadows Inn, Kathmandu",1600,1067,4,2026-08-18T10:00:00+05:30
hmd_9759f3b1,htl_c8756032,,hero,media/hotels/htl_c8756032/hero.jpg,"Hero view at Indigo Vihar Inn, Kathmandu",1600,1067,0,2026-08-18T10:00:00+05:30
hmd_09a19b6e,htl_c8756032,,exterior,media/hotels/htl_c8756032/exterior.jpg,"Exterior view at Indigo Vihar Inn, Kathmandu",1600,1067,1,2026-08-18T10:00:00+05:30
hmd_318779e1,htl_c8756032,,lobby,media/hotels/htl_c8756032/lobby.jpg,"Lobby view at Indigo Vihar Inn, Kathmandu",1600,1067,2,2026-08-18T10:00:00+05:30
hmd_3b522865,htl_c8756032,rmt_b281f5c6,room,media/hotels/htl_c8756032/room.jpg,"Room view at Indigo Vihar Inn, Kathmandu",1600,1067,3,2026-08-18T10:00:00+05:30
hmd_95715507,htl_c8756032,,dining,media/hotels/htl_c8756032/dining.jpg,"Dining view at Indigo Vihar Inn, Kathmandu",1600,1067,4,2026-08-18T10:00:00+05:30
hmd_285e4000,htl_fa8543cb,,hero,media/hotels/htl_fa8543cb/hero.jpg,"Hero view at Indigo Courtyard by the Lake, Kathmandu",1600,1067,0,2026-08-18T10:00:00+05:30
hmd_b6438d9f,htl_fa8543cb,,exterior,media/hotels/htl_fa8543cb/exterior.jpg,"Exterior view at Indigo Courtyard by the Lake, Kathmandu",1600,1067,1,2026-08-18T10:00:00+05:30
hmd_b053513c,htl_fa8543cb,,lobby,media/hotels/htl_fa8543cb/lobby.jpg,"Lobby view at Indigo Courtyard by the Lake, Kathmandu",1600,1067,2,2026-08-18T10:00:00+05:30
hmd_cbcd200d,htl_fa8543cb,rmt_42d4a7b7,room,media/hotels/htl_fa8543cb/room.jpg,"Room view at Indigo Courtyard by the Lake, Kathmandu",1600,1067,3,2026-08-18T10:00:00+05:30
hmd_a7e81fa2,htl_fa8543cb,,dining,media/hotels/htl_fa8543cb/dining.jpg,"Dining view at Indigo Courtyard by the Lake, Kathmandu",1600,1067,4,2026-08-18T10:00:00+05:30
hmd_84ee8548,htl_285912dc,,hero,media/hotels/htl_285912dc/hero.jpg,"Hero view at Grand Orchard Resort, Pokhara",1600,1067,0,2026-08-18T10:00:00+05:30
hmd_f10ddfe6,htl_285912dc,,exterior,media/hotels/htl_285912dc/exterior.jpg,"Exterior view at Grand Orchard Resort, Pokhara",1600,1067,1,2026-08-18T10:00:00+05:30
hmd_487e0f43,htl_285912dc,,lobby,media/hotels/htl_285912dc/lobby.jpg,"Lobby view at Grand Orchard Resort, Pokhara",1600,1067,2,2026-08-18T10:00:00+05:30
hmd_29445afd,htl_285912dc,rmt_dfac7623,room,media/hotels/htl_285912dc/room.jpg,"Room view at Grand Orchard Resort, Pokhara",1600,1067,3,2026-08-18T10:00:00+05:30
hmd_53864822,htl_285912dc,,dining,media/hotels/htl_285912dc/dining.jpg,"Dining view at Grand Orchard Resort, Pokhara",1600,1067,4,2026-08-18T10:00:00+05:30
hmd_7af1874d,htl_24e39565,,hero,media/hotels/htl_24e39565/hero.jpg,"Hero view at Villa Courtyard, Pokhara",1600,1067,0,2026-08-18T10:00:00+05:30
hmd_29b55920,htl_24e39565,,exterior,media/hotels/htl_24e39565/exterior.jpg,"Exterior view at Villa Courtyard, Pokhara",1600,1067,1,2026-08-18T10:00:00+05:30
hmd_1922c71c,htl_24e39565,,lobby,media/hotels/htl_24e39565/lobby.jpg,"Lobby view at Villa Courtyard, Pokhara",1600,1067,2,2026-08-18T10:00:00+05:30
hmd_b6dff0eb,htl_24e39565,rmt_46356f5b,room,media/hotels/htl_24e39565/room.jpg,"Room view at Villa Courtyard, Pokhara",1600,1067,3,2026-08-18T10:00:00+05:30
hmd_cb8b21dd,htl_24e39565,,dining,media/hotels/htl_24e39565/dining.jpg,"Dining view at Villa Courtyard, Pokhara",1600,1067,4,2026-08-18T10:00:00+05:30
hmd_9aadeebc,htl_be3b648f,,hero,media/hotels/htl_be3b648f/hero.jpg,"Hero view at Villa Verandah Resort , Pokhara",1600,1067,0,2026-08-18T10:00:00+05:30
hmd_ac60b2a5,htl_be3b648f,,exterior,media/hotels/htl_be3b648f/exterior.jpg,"Exterior view at Villa Verandah Resort , Pokhara",1600,1067,1,2026-08-18T10:00:00+05:30
hmd_6f771459,htl_be3b648f,,lobby,media/hotels/htl_be3b648f/lobby.jpg,"Lobby view at Villa Verandah Resort , Pokhara",1600,1067,2,2026-08-18T10:00:00+05:30
hmd_b1863f03,htl_be3b648f,rmt_b80932d3,room,media/hotels/htl_be3b648f/room.jpg,"Room view at Villa Verandah Resort , Pokhara",1600,1067,3,2026-08-18T10:00:00+05:30
hmd_31ae4b05,htl_be3b648f,,dining,media/hotels/htl_be3b648f/dining.jpg,"Dining view at Villa Verandah Resort , Pokhara",1600,1067,4,2026-08-18T10:00:00+05:30
hmd_91b82164,htl_67190be7,,hero,media/hotels/htl_67190be7/hero.jpg,"Hero view at Casa Niwas & Spa, Pokhara",1600,1067,0,2026-08-18T10:00:00+05:30
hmd_69edd9ed,htl_67190be7,,exterior,media/hotels/htl_67190be7/exterior.jpg,"Exterior view at Casa Niwas & Spa, Pokhara",1600,1067,1,2026-08-18T10:00:00+05:30
hmd_08b0f605,htl_67190be7,,lobby,media/hotels/htl_67190be7/lobby.jpg,"Lobby view at Casa Niwas & Spa, Pokhara",1600,1067,2,2026-08-18T10:00:00+05:30
hmd_52a46af6,htl_67190be7,rmt_e2915c22,room,media/hotels/htl_67190be7/room.jpg,"Room view at Casa Niwas & Spa, Pokhara",1600,1067,3,2026-08-18T10:00:00+05:30
hmd_0e0d2247,htl_67190be7,,dining,media/hotels/htl_67190be7/dining.jpg,"Dining view at Casa Niwas & Spa, Pokhara",1600,1067,4,2026-08-18T10:00:00+05:30
hmd_1c499068,htl_afcb3490,,hero,media/hotels/htl_afcb3490/hero.jpg,"Hero view at Amber Regency Resort, Pokhara",1600,1067,0,2026-08-18T10:00:00+05:30
hmd_97fe5836,htl_afcb3490,,exterior,media/hotels/htl_afcb3490/exterior.jpg,"Exterior view at Amber Regency Resort, Pokhara",1600,1067,1,2026-08-18T10:00:00+05:30
hmd_780dc123,htl_afcb3490,,lobby,media/hotels/htl_afcb3490/lobby.jpg,"Lobby view at Amber Regency Resort, Pokhara",1600,1067,2,2026-08-18T10:00:00+05:30
hmd_2f7965e2,htl_afcb3490,rmt_b726c4f6,room,media/hotels/htl_afcb3490/room.jpg,"Room view at Amber Regency Resort, Pokhara",1600,1067,3,2026-08-18T10:00:00+05:30
hmd_5c6a0a05,htl_afcb3490,,dining,media/hotels/htl_afcb3490/dining.jpg,"Dining view at Amber Regency Resort, Pokhara",1600,1067,4,2026-08-18T10:00:00+05:30
hmd_9b931d45,htl_c91a804e,,hero,media/hotels/htl_c91a804e/hero.jpg,"Hero view at Casa Sarovar Homestay, Thimphu",1600,1067,0,2026-08-18T10:00:00+05:30
hmd_a21c8110,htl_c91a804e,,exterior,media/hotels/htl_c91a804e/exterior.jpg,"Exterior view at Casa Sarovar Homestay, Thimphu",1600,1067,1,2026-08-18T10:00:00+05:30
hmd_34c32a12,htl_c91a804e,,lobby,media/hotels/htl_c91a804e/lobby.jpg,"Lobby view at Casa Sarovar Homestay, Thimphu",1600,1067,2,2026-08-18T10:00:00+05:30
hmd_980eb578,htl_c91a804e,rmt_5da9bf35,room,media/hotels/htl_c91a804e/room.jpg,"Room view at Casa Sarovar Homestay, Thimphu",1600,1067,3,2026-08-18T10:00:00+05:30
hmd_332dbdb7,htl_c91a804e,,dining,media/hotels/htl_c91a804e/dining.jpg,"Dining view at Casa Sarovar Homestay, Thimphu",1600,1067,4,2026-08-18T10:00:00+05:30
hmd_ab410dfc,htl_6eff866f,,hero,media/hotels/htl_6eff866f/hero.jpg,"Hero view at Villa Residency, Thimphu",1600,1067,0,2026-08-18T10:00:00+05:30
hmd_365d0a74,htl_6eff866f,,exterior,media/hotels/htl_6eff866f/exterior.jpg,"Exterior view at Villa Residency, Thimphu",1600,1067,1,2026-08-18T10:00:00+05:30
hmd_825a3f6c,htl_6eff866f,,lobby,media/hotels/htl_6eff866f/lobby.jpg,"Lobby view at Villa Residency, Thimphu",1600,1067,2,2026-08-18T10:00:00+05:30
hmd_6599d5f4,htl_6eff866f,rmt_bfd4e8b2,room,media/hotels/htl_6eff866f/room.jpg,"Room view at Villa Residency, Thimphu",1600,1067,3,2026-08-18T10:00:00+05:30
hmd_194b5c0f,htl_6eff866f,,dining,media/hotels/htl_6eff866f/dining.jpg,"Dining view at Villa Residency, Thimphu",1600,1067,4,2026-08-18T10:00:00+05:30
hmd_422345e6,htl_81c1c288,,hero,media/hotels/htl_81c1c288/hero.jpg,"Hero view at Palm Sarovar by the Lake, Thimphu",1600,1067,0,2026-08-18T10:00:00+05:30
hmd_0d068ce9,htl_81c1c288,,exterior,media/hotels/htl_81c1c288/exterior.jpg,"Exterior view at Palm Sarovar by the Lake, Thimphu",1600,1067,1,2026-08-18T10:00:00+05:30
hmd_4ce81fc8,htl_81c1c288,,lobby,media/hotels/htl_81c1c288/lobby.jpg,"Lobby view at Palm Sarovar by the Lake, Thimphu",1600,1067,2,2026-08-18T10:00:00+05:30
hmd_29446fab,htl_81c1c288,rmt_d3369b73,room,media/hotels/htl_81c1c288/room.jpg,"Room view at Palm Sarovar by the Lake, Thimphu",1600,1067,3,2026-08-18T10:00:00+05:30
hmd_d66f8429,htl_81c1c288,,dining,media/hotels/htl_81c1c288/dining.jpg,"Dining view at Palm Sarovar by the Lake, Thimphu",1600,1067,4,2026-08-18T10:00:00+05:30
hmd_283cac44,htl_d73d2dd8,,hero,media/hotels/htl_d73d2dd8/hero.jpg,"Hero view at Royal Meadows by the Lake, Thimphu",1600,1067,0,2026-08-18T10:00:00+05:30
hmd_9f4b5d13,htl_d73d2dd8,,exterior,media/hotels/htl_d73d2dd8/exterior.jpg,"Exterior view at Royal Meadows by the Lake, Thimphu",1600,1067,1,2026-08-18T10:00:00+05:30
hmd_b9831201,htl_d73d2dd8,,lobby,media/hotels/htl_d73d2dd8/lobby.jpg,"Lobby view at Royal Meadows by the Lake, Thimphu",1600,1067,2,2026-08-18T10:00:00+05:30
hmd_d4609d74,htl_d73d2dd8,rmt_1ddb9e35,room,media/hotels/htl_d73d2dd8/room.jpg,"Room view at Royal Meadows by the Lake, Thimphu",1600,1067,3,2026-08-18T10:00:00+05:30
hmd_83d45448,htl_d73d2dd8,,dining,media/hotels/htl_d73d2dd8/dining.jpg,"Dining view at Royal Meadows by the Lake, Thimphu",1600,1067,4,2026-08-18T10:00:00+05:30
hmd_3efe9da5,htl_25fd9c00,,hero,media/hotels/htl_25fd9c00/hero.jpg,"Hero view at Hillview Meadows Inn, Thimphu",1600,1067,0,2026-08-18T10:00:00+05:30
hmd_edc0951e,htl_25fd9c00,,exterior,media/hotels/htl_25fd9c00/exterior.jpg,"Exterior view at Hillview Meadows Inn, Thimphu",1600,1067,1,2026-08-18T10:00:00+05:30
hmd_be79ccb9,htl_25fd9c00,,lobby,media/hotels/htl_25fd9c00/lobby.jpg,"Lobby view at Hillview Meadows Inn, Thimphu",1600,1067,2,2026-08-18T10:00:00+05:30
hmd_ae5bc0a8,htl_25fd9c00,rmt_f6899a89,room,media/hotels/htl_25fd9c00/room.jpg,"Room view at Hillview Meadows Inn, Thimphu",1600,1067,3,2026-08-18T10:00:00+05:30
hmd_517b0cde,htl_25fd9c00,,dining,media/hotels/htl_25fd9c00/dining.jpg,"Dining view at Hillview Meadows Inn, Thimphu",1600,1067,4,2026-08-18T10:00:00+05:30
hmd_60fa4f9f,htl_15b1ea5e,,hero,media/hotels/htl_15b1ea5e/hero.jpg,"Hero view at Palm Residency by the Lake, Male",1600,1067,0,2026-08-18T10:00:00+05:30
hmd_2788b7d6,htl_15b1ea5e,,exterior,media/hotels/htl_15b1ea5e/exterior.jpg,"Exterior view at Palm Residency by the Lake, Male",1600,1067,1,2026-08-18T10:00:00+05:30
hmd_b255653e,htl_15b1ea5e,,lobby,media/hotels/htl_15b1ea5e/lobby.jpg,"Lobby view at Palm Residency by the Lake, Male",1600,1067,2,2026-08-18T10:00:00+05:30
hmd_0549eebb,htl_15b1ea5e,rmt_4a49715e,room,media/hotels/htl_15b1ea5e/room.jpg,"Room view at Palm Residency by the Lake, Male",1600,1067,3,2026-08-18T10:00:00+05:30
hmd_ce54264a,htl_15b1ea5e,,dining,media/hotels/htl_15b1ea5e/dining.jpg,"Dining view at Palm Residency by the Lake, Male",1600,1067,4,2026-08-18T10:00:00+05:30
hmd_f8146957,htl_2a2ca88d,,hero,media/hotels/htl_2a2ca88d/hero.jpg,"Hero view at Hillview Manor Suites, Male",1600,1067,0,2026-08-18T10:00:00+05:30
hmd_50538d9c,htl_2a2ca88d,,exterior,media/hotels/htl_2a2ca88d/exterior.jpg,"Exterior view at Hillview Manor Suites, Male",1600,1067,1,2026-08-18T10:00:00+05:30
hmd_39ed8573,htl_2a2ca88d,,lobby,media/hotels/htl_2a2ca88d/lobby.jpg,"Lobby view at Hillview Manor Suites, Male",1600,1067,2,2026-08-18T10:00:00+05:30
hmd_caa2e7d7,htl_2a2ca88d,rmt_b88c287c,room,media/hotels/htl_2a2ca88d/room.jpg,"Room view at Hillview Manor Suites, Male",1600,1067,3,2026-08-18T10:00:00+05:30
hmd_4061cbe9,htl_2a2ca88d,,dining,media/hotels/htl_2a2ca88d/dining.jpg,"Dining view at Hillview Manor Suites, Male",1600,1067,4,2026-08-18T10:00:00+05:30
hmd_666d4895,htl_98896cce,,hero,media/hotels/htl_98896cce/hero.jpg,"Hero view at Casa Manor Suites, Male",1600,1067,0,2026-08-18T10:00:00+05:30
hmd_6d906072,htl_98896cce,,exterior,media/hotels/htl_98896cce/exterior.jpg,"Exterior view at Casa Manor Suites, Male",1600,1067,1,2026-08-18T10:00:00+05:30
hmd_b2ec0383,htl_98896cce,,lobby,media/hotels/htl_98896cce/lobby.jpg,"Lobby view at Casa Manor Suites, Male",1600,1067,2,2026-08-18T10:00:00+05:30
hmd_7e6896c0,htl_98896cce,rmt_85f2c357,room,media/hotels/htl_98896cce/room.jpg,"Room view at Casa Manor Suites, Male",1600,1067,3,2026-08-18T10:00:00+05:30
hmd_7e1c68bc,htl_98896cce,,dining,media/hotels/htl_98896cce/dining.jpg,"Dining view at Casa Manor Suites, Male",1600,1067,4,2026-08-18T10:00:00+05:30
hmd_13a9349f,htl_a143dbb9,,hero,media/hotels/htl_a143dbb9/hero.jpg,"Hero view at Hillview Regency by the Lake, Male",1600,1067,0,2026-08-18T10:00:00+05:30
hmd_1308303a,htl_a143dbb9,,exterior,media/hotels/htl_a143dbb9/exterior.jpg,"Exterior view at Hillview Regency by the Lake, Male",1600,1067,1,2026-08-18T10:00:00+05:30
hmd_5d968e32,htl_a143dbb9,,lobby,media/hotels/htl_a143dbb9/lobby.jpg,"Lobby view at Hillview Regency by the Lake, Male",1600,1067,2,2026-08-18T10:00:00+05:30
hmd_8ee1ff31,htl_a143dbb9,rmt_3576973e,room,media/hotels/htl_a143dbb9/room.jpg,"Room view at Hillview Regency by the Lake, Male",1600,1067,3,2026-08-18T10:00:00+05:30
hmd_f34993e9,htl_a143dbb9,,dining,media/hotels/htl_a143dbb9/dining.jpg,"Dining view at Hillview Regency by the Lake, Male",1600,1067,4,2026-08-18T10:00:00+05:30
hmd_b659531b,htl_0cf91d4d,,hero,media/hotels/htl_0cf91d4d/hero.jpg,"Hero view at Hotel Niwas Inn, Male",1600,1067,0,2026-08-18T10:00:00+05:30
hmd_247bec63,htl_0cf91d4d,,exterior,media/hotels/htl_0cf91d4d/exterior.jpg,"Exterior view at Hotel Niwas Inn, Male",1600,1067,1,2026-08-18T10:00:00+05:30
hmd_5ef66c08,htl_0cf91d4d,,lobby,media/hotels/htl_0cf91d4d/lobby.jpg,"Lobby view at Hotel Niwas Inn, Male",1600,1067,2,2026-08-18T10:00:00+05:30
hmd_438d2403,htl_0cf91d4d,rmt_ee411f9f,room,media/hotels/htl_0cf91d4d/room.jpg,"Room view at Hotel Niwas Inn, Male",1600,1067,3,2026-08-18T10:00:00+05:30
hmd_e94b17cb,htl_0cf91d4d,,dining,media/hotels/htl_0cf91d4d/dining.jpg,"Dining view at Hotel Niwas Inn, Male",1600,1067,4,2026-08-18T10:00:00+05:30
hmd_aceb3ccf,htl_12e2327a,,hero,media/hotels/htl_12e2327a/hero.jpg,"Hero view at Garden Ghat House & Spa, Dubai",1600,1067,0,2026-08-18T10:00:00+05:30
hmd_efc07622,htl_12e2327a,,exterior,media/hotels/htl_12e2327a/exterior.jpg,"Exterior view at Garden Ghat House & Spa, Dubai",1600,1067,1,2026-08-18T10:00:00+05:30
hmd_6bccf9d9,htl_12e2327a,,lobby,media/hotels/htl_12e2327a/lobby.jpg,"Lobby view at Garden Ghat House & Spa, Dubai",1600,1067,2,2026-08-18T10:00:00+05:30
hmd_2352290d,htl_12e2327a,rmt_4faddc19,room,media/hotels/htl_12e2327a/room.jpg,"Room view at Garden Ghat House & Spa, Dubai",1600,1067,3,2026-08-18T10:00:00+05:30
hmd_14e9380e,htl_12e2327a,,dining,media/hotels/htl_12e2327a/dining.jpg,"Dining view at Garden Ghat House & Spa, Dubai",1600,1067,4,2026-08-18T10:00:00+05:30
hmd_b9d75c38,htl_a26dc64e,,hero,media/hotels/htl_a26dc64e/hero.jpg,"Hero view at Casa Vihar Suites, Dubai",1600,1067,0,2026-08-18T10:00:00+05:30
hmd_34c9afa2,htl_a26dc64e,,exterior,media/hotels/htl_a26dc64e/exterior.jpg,"Exterior view at Casa Vihar Suites, Dubai",1600,1067,1,2026-08-18T10:00:00+05:30
hmd_964c5e4a,htl_a26dc64e,,lobby,media/hotels/htl_a26dc64e/lobby.jpg,"Lobby view at Casa Vihar Suites, Dubai",1600,1067,2,2026-08-18T10:00:00+05:30
hmd_bc03d80e,htl_a26dc64e,rmt_09e5b767,room,media/hotels/htl_a26dc64e/room.jpg,"Room view at Casa Vihar Suites, Dubai",1600,1067,3,2026-08-18T10:00:00+05:30
hmd_e0792ded,htl_a26dc64e,,dining,media/hotels/htl_a26dc64e/dining.jpg,"Dining view at Casa Vihar Suites, Dubai",1600,1067,4,2026-08-18T10:00:00+05:30
hmd_971e5355,htl_17ac7c07,,hero,media/hotels/htl_17ac7c07/hero.jpg,"Hero view at Indigo Residency Boutique Stay, Dubai",1600,1067,0,2026-08-18T10:00:00+05:30
hmd_8bf19d67,htl_17ac7c07,,exterior,media/hotels/htl_17ac7c07/exterior.jpg,"Exterior view at Indigo Residency Boutique Stay, Dubai",1600,1067,1,2026-08-18T10:00:00+05:30
hmd_7bcd33f8,htl_17ac7c07,,lobby,media/hotels/htl_17ac7c07/lobby.jpg,"Lobby view at Indigo Residency Boutique Stay, Dubai",1600,1067,2,2026-08-18T10:00:00+05:30
hmd_8901fa44,htl_17ac7c07,rmt_07a565b8,room,media/hotels/htl_17ac7c07/room.jpg,"Room view at Indigo Residency Boutique Stay, Dubai",1600,1067,3,2026-08-18T10:00:00+05:30
hmd_6b78c94a,htl_17ac7c07,,dining,media/hotels/htl_17ac7c07/dining.jpg,"Dining view at Indigo Residency Boutique Stay, Dubai",1600,1067,4,2026-08-18T10:00:00+05:30
hmd_d4875986,htl_f9f0bde3,,hero,media/hotels/htl_f9f0bde3/hero.jpg,"Hero view at Indigo Orchard & Spa, Dubai",1600,1067,0,2026-08-18T10:00:00+05:30
hmd_dbd2a356,htl_f9f0bde3,,exterior,media/hotels/htl_f9f0bde3/exterior.jpg,"Exterior view at Indigo Orchard & Spa, Dubai",1600,1067,1,2026-08-18T10:00:00+05:30
hmd_fe44d368,htl_f9f0bde3,,lobby,media/hotels/htl_f9f0bde3/lobby.jpg,"Lobby view at Indigo Orchard & Spa, Dubai",1600,1067,2,2026-08-18T10:00:00+05:30
hmd_95063789,htl_f9f0bde3,rmt_2db75636,room,media/hotels/htl_f9f0bde3/room.jpg,"Room view at Indigo Orchard & Spa, Dubai",1600,1067,3,2026-08-18T10:00:00+05:30
hmd_43ac33a5,htl_f9f0bde3,,dining,media/hotels/htl_f9f0bde3/dining.jpg,"Dining view at Indigo Orchard & Spa, Dubai",1600,1067,4,2026-08-18T10:00:00+05:30
hmd_b711026d,htl_abfe8a53,,hero,media/hotels/htl_abfe8a53/hero.jpg,"Hero view at Amber Ghat House Heritage, Dubai",1600,1067,0,2026-08-18T10:00:00+05:30
hmd_18a7bcb6,htl_abfe8a53,,exterior,media/hotels/htl_abfe8a53/exterior.jpg,"Exterior view at Amber Ghat House Heritage, Dubai",1600,1067,1,2026-08-18T10:00:00+05:30
hmd_73c9fe15,htl_abfe8a53,,lobby,media/hotels/htl_abfe8a53/lobby.jpg,"Lobby view at Amber Ghat House Heritage, Dubai",1600,1067,2,2026-08-18T10:00:00+05:30
hmd_a88eccc6,htl_abfe8a53,rmt_a178be91,room,media/hotels/htl_abfe8a53/room.jpg,"Room view at Amber Ghat House Heritage, Dubai",1600,1067,3,2026-08-18T10:00:00+05:30
hmd_42a7dfbf,htl_abfe8a53,,dining,media/hotels/htl_abfe8a53/dining.jpg,"Dining view at Amber Ghat House Heritage, Dubai",1600,1067,4,2026-08-18T10:00:00+05:30
hmd_93210e48,htl_29faa3d7,,hero,media/hotels/htl_29faa3d7/hero.jpg,"Hero view at Casa Retreat by the Lake, Abu Dhabi",1600,1067,0,2026-08-18T10:00:00+05:30
hmd_cb0951b6,htl_29faa3d7,,exterior,media/hotels/htl_29faa3d7/exterior.jpg,"Exterior view at Casa Retreat by the Lake, Abu Dhabi",1600,1067,1,2026-08-18T10:00:00+05:30
hmd_3aca19ed,htl_29faa3d7,,lobby,media/hotels/htl_29faa3d7/lobby.jpg,"Lobby view at Casa Retreat by the Lake, Abu Dhabi",1600,1067,2,2026-08-18T10:00:00+05:30
hmd_75609882,htl_29faa3d7,rmt_8b43e412,room,media/hotels/htl_29faa3d7/room.jpg,"Room view at Casa Retreat by the Lake, Abu Dhabi",1600,1067,3,2026-08-18T10:00:00+05:30
hmd_08b6b988,htl_29faa3d7,,dining,media/hotels/htl_29faa3d7/dining.jpg,"Dining view at Casa Retreat by the Lake, Abu Dhabi",1600,1067,4,2026-08-18T10:00:00+05:30
hmd_a53c5790,htl_19193f4f,,hero,media/hotels/htl_19193f4f/hero.jpg,"Hero view at Lake Courtyard & Spa, Abu Dhabi",1600,1067,0,2026-08-18T10:00:00+05:30
hmd_328547b0,htl_19193f4f,,exterior,media/hotels/htl_19193f4f/exterior.jpg,"Exterior view at Lake Courtyard & Spa, Abu Dhabi",1600,1067,1,2026-08-18T10:00:00+05:30
hmd_79de2fa6,htl_19193f4f,,lobby,media/hotels/htl_19193f4f/lobby.jpg,"Lobby view at Lake Courtyard & Spa, Abu Dhabi",1600,1067,2,2026-08-18T10:00:00+05:30
hmd_52497cb2,htl_19193f4f,rmt_1a108dbf,room,media/hotels/htl_19193f4f/room.jpg,"Room view at Lake Courtyard & Spa, Abu Dhabi",1600,1067,3,2026-08-18T10:00:00+05:30
hmd_f4867c0b,htl_19193f4f,,dining,media/hotels/htl_19193f4f/dining.jpg,"Dining view at Lake Courtyard & Spa, Abu Dhabi",1600,1067,4,2026-08-18T10:00:00+05:30
hmd_a7855891,htl_885db404,,hero,media/hotels/htl_885db404/hero.jpg,"Hero view at Riverside Bungalow Suites, Abu Dhabi",1600,1067,0,2026-08-18T10:00:00+05:30
hmd_0a9118d6,htl_885db404,,exterior,media/hotels/htl_885db404/exterior.jpg,"Exterior view at Riverside Bungalow Suites, Abu Dhabi",1600,1067,1,2026-08-18T10:00:00+05:30
hmd_f81e924c,htl_885db404,,lobby,media/hotels/htl_885db404/lobby.jpg,"Lobby view at Riverside Bungalow Suites, Abu Dhabi",1600,1067,2,2026-08-18T10:00:00+05:30
hmd_222839e8,htl_885db404,rmt_7b7b4e1f,room,media/hotels/htl_885db404/room.jpg,"Room view at Riverside Bungalow Suites, Abu Dhabi",1600,1067,3,2026-08-18T10:00:00+05:30
hmd_6ba1208e,htl_885db404,,dining,media/hotels/htl_885db404/dining.jpg,"Dining view at Riverside Bungalow Suites, Abu Dhabi",1600,1067,4,2026-08-18T10:00:00+05:30
hmd_337cdb20,htl_58292b84,,hero,media/hotels/htl_58292b84/hero.jpg,"Hero view at Hillview Mahal Suites, Abu Dhabi",1600,1067,0,2026-08-18T10:00:00+05:30
hmd_dbe3fa17,htl_58292b84,,exterior,media/hotels/htl_58292b84/exterior.jpg,"Exterior view at Hillview Mahal Suites, Abu Dhabi",1600,1067,1,2026-08-18T10:00:00+05:30
hmd_7823c2ca,htl_58292b84,,lobby,media/hotels/htl_58292b84/lobby.jpg,"Lobby view at Hillview Mahal Suites, Abu Dhabi",1600,1067,2,2026-08-18T10:00:00+05:30
hmd_a76f7a05,htl_58292b84,rmt_5427e81f,room,media/hotels/htl_58292b84/room.jpg,"Room view at Hillview Mahal Suites, Abu Dhabi",1600,1067,3,2026-08-18T10:00:00+05:30
hmd_85d93165,htl_58292b84,,dining,media/hotels/htl_58292b84/dining.jpg,"Dining view at Hillview Mahal Suites, Abu Dhabi",1600,1067,4,2026-08-18T10:00:00+05:30
hmd_5cc995fb,htl_ace6d341,,hero,media/hotels/htl_ace6d341/hero.jpg,"Hero view at Casa Bungalow by the Lake, Abu Dhabi",1600,1067,0,2026-08-18T10:00:00+05:30
hmd_0bae98c6,htl_ace6d341,,exterior,media/hotels/htl_ace6d341/exterior.jpg,"Exterior view at Casa Bungalow by the Lake, Abu Dhabi",1600,1067,1,2026-08-18T10:00:00+05:30
hmd_5cde9372,htl_ace6d341,,lobby,media/hotels/htl_ace6d341/lobby.jpg,"Lobby view at Casa Bungalow by the Lake, Abu Dhabi",1600,1067,2,2026-08-18T10:00:00+05:30
hmd_09dc7a78,htl_ace6d341,rmt_904f1084,room,media/hotels/htl_ace6d341/room.jpg,"Room view at Casa Bungalow by the Lake, Abu Dhabi",1600,1067,3,2026-08-18T10:00:00+05:30
hmd_baf3e350,htl_ace6d341,,dining,media/hotels/htl_ace6d341/dining.jpg,"Dining view at Casa Bungalow by the Lake, Abu Dhabi",1600,1067,4,2026-08-18T10:00:00+05:30
hmd_07b43cc4,htl_1723889f,,hero,media/hotels/htl_1723889f/hero.jpg,"Hero view at The Retreat Homestay, Doha",1600,1067,0,2026-08-18T10:00:00+05:30
hmd_add46516,htl_1723889f,,exterior,media/hotels/htl_1723889f/exterior.jpg,"Exterior view at The Retreat Homestay, Doha",1600,1067,1,2026-08-18T10:00:00+05:30
hmd_794654d2,htl_1723889f,,lobby,media/hotels/htl_1723889f/lobby.jpg,"Lobby view at The Retreat Homestay, Doha",1600,1067,2,2026-08-18T10:00:00+05:30
hmd_1a7b0458,htl_1723889f,rmt_a11ada2c,room,media/hotels/htl_1723889f/room.jpg,"Room view at The Retreat Homestay, Doha",1600,1067,3,2026-08-18T10:00:00+05:30
hmd_6331244a,htl_1723889f,,dining,media/hotels/htl_1723889f/dining.jpg,"Dining view at The Retreat Homestay, Doha",1600,1067,4,2026-08-18T10:00:00+05:30
hmd_9dafdf08,htl_94be8798,,hero,media/hotels/htl_94be8798/hero.jpg,"Hero view at Indigo Regency Inn, Doha",1600,1067,0,2026-08-18T10:00:00+05:30
hmd_9507e5d2,htl_94be8798,,exterior,media/hotels/htl_94be8798/exterior.jpg,"Exterior view at Indigo Regency Inn, Doha",1600,1067,1,2026-08-18T10:00:00+05:30
hmd_02575caf,htl_94be8798,,lobby,media/hotels/htl_94be8798/lobby.jpg,"Lobby view at Indigo Regency Inn, Doha",1600,1067,2,2026-08-18T10:00:00+05:30
hmd_e5b30022,htl_94be8798,rmt_f75b9cce,room,media/hotels/htl_94be8798/room.jpg,"Room view at Indigo Regency Inn, Doha",1600,1067,3,2026-08-18T10:00:00+05:30
hmd_71297c6a,htl_94be8798,,dining,media/hotels/htl_94be8798/dining.jpg,"Dining view at Indigo Regency Inn, Doha",1600,1067,4,2026-08-18T10:00:00+05:30
hmd_eb820d12,htl_986e57e9,,hero,media/hotels/htl_986e57e9/hero.jpg,"Hero view at Casa Niwas, Doha",1600,1067,0,2026-08-18T10:00:00+05:30
hmd_b114dfbd,htl_986e57e9,,exterior,media/hotels/htl_986e57e9/exterior.jpg,"Exterior view at Casa Niwas, Doha",1600,1067,1,2026-08-18T10:00:00+05:30
hmd_3194c2c4,htl_986e57e9,,lobby,media/hotels/htl_986e57e9/lobby.jpg,"Lobby view at Casa Niwas, Doha",1600,1067,2,2026-08-18T10:00:00+05:30
hmd_f694035a,htl_986e57e9,rmt_ddb1998b,room,media/hotels/htl_986e57e9/room.jpg,"Room view at Casa Niwas, Doha",1600,1067,3,2026-08-18T10:00:00+05:30
hmd_37303b24,htl_986e57e9,,dining,media/hotels/htl_986e57e9/dining.jpg,"Dining view at Casa Niwas, Doha",1600,1067,4,2026-08-18T10:00:00+05:30
hmd_0d663b27,htl_bbafa1bd,,hero,media/hotels/htl_bbafa1bd/hero.jpg,"Hero view at Grand Terraces, Doha",1600,1067,0,2026-08-18T10:00:00+05:30
hmd_b9aeb7c1,htl_bbafa1bd,,exterior,media/hotels/htl_bbafa1bd/exterior.jpg,"Exterior view at Grand Terraces, Doha",1600,1067,1,2026-08-18T10:00:00+05:30
hmd_22f8c88c,htl_bbafa1bd,,lobby,media/hotels/htl_bbafa1bd/lobby.jpg,"Lobby view at Grand Terraces, Doha",1600,1067,2,2026-08-18T10:00:00+05:30
hmd_03b0e1a3,htl_bbafa1bd,rmt_bc2235c7,room,media/hotels/htl_bbafa1bd/room.jpg,"Room view at Grand Terraces, Doha",1600,1067,3,2026-08-18T10:00:00+05:30
hmd_0a3d1947,htl_bbafa1bd,,dining,media/hotels/htl_bbafa1bd/dining.jpg,"Dining view at Grand Terraces, Doha",1600,1067,4,2026-08-18T10:00:00+05:30
hmd_11bfd931,htl_dabb8548,,hero,media/hotels/htl_dabb8548/hero.jpg,"Hero view at Garden Meadows, Doha",1600,1067,0,2026-08-18T10:00:00+05:30
hmd_6e2cdc25,htl_dabb8548,,exterior,media/hotels/htl_dabb8548/exterior.jpg,"Exterior view at Garden Meadows, Doha",1600,1067,1,2026-08-18T10:00:00+05:30
hmd_3a0e295c,htl_dabb8548,,lobby,media/hotels/htl_dabb8548/lobby.jpg,"Lobby view at Garden Meadows, Doha",1600,1067,2,2026-08-18T10:00:00+05:30
hmd_d28b6720,htl_dabb8548,rmt_c6a0cb62,room,media/hotels/htl_dabb8548/room.jpg,"Room view at Garden Meadows, Doha",1600,1067,3,2026-08-18T10:00:00+05:30
hmd_8070dc69,htl_dabb8548,,dining,media/hotels/htl_dabb8548/dining.jpg,"Dining view at Garden Meadows, Doha",1600,1067,4,2026-08-18T10:00:00+05:30
hmd_a6b2579c,htl_6ae380cf,,hero,media/hotels/htl_6ae380cf/hero.jpg,"Hero view at Indigo Nest Heritage, Singapore",1600,1067,0,2026-08-18T10:00:00+05:30
hmd_699bce14,htl_6ae380cf,,exterior,media/hotels/htl_6ae380cf/exterior.jpg,"Exterior view at Indigo Nest Heritage, Singapore",1600,1067,1,2026-08-18T10:00:00+05:30
hmd_fe69a06e,htl_6ae380cf,,lobby,media/hotels/htl_6ae380cf/lobby.jpg,"Lobby view at Indigo Nest Heritage, Singapore",1600,1067,2,2026-08-18T10:00:00+05:30
hmd_9b713036,htl_6ae380cf,rmt_49106d07,room,media/hotels/htl_6ae380cf/room.jpg,"Room view at Indigo Nest Heritage, Singapore",1600,1067,3,2026-08-18T10:00:00+05:30
hmd_72759538,htl_6ae380cf,,dining,media/hotels/htl_6ae380cf/dining.jpg,"Dining view at Indigo Nest Heritage, Singapore",1600,1067,4,2026-08-18T10:00:00+05:30
hmd_b83134ec,htl_521bb81f,,hero,media/hotels/htl_521bb81f/hero.jpg,"Hero view at Amber Manor by the Lake, Singapore",1600,1067,0,2026-08-18T10:00:00+05:30
hmd_a9af897c,htl_521bb81f,,exterior,media/hotels/htl_521bb81f/exterior.jpg,"Exterior view at Amber Manor by the Lake, Singapore",1600,1067,1,2026-08-18T10:00:00+05:30
hmd_59a0cc5c,htl_521bb81f,,lobby,media/hotels/htl_521bb81f/lobby.jpg,"Lobby view at Amber Manor by the Lake, Singapore",1600,1067,2,2026-08-18T10:00:00+05:30
hmd_69b787c4,htl_521bb81f,rmt_a094f957,room,media/hotels/htl_521bb81f/room.jpg,"Room view at Amber Manor by the Lake, Singapore",1600,1067,3,2026-08-18T10:00:00+05:30
hmd_c79e2916,htl_521bb81f,,dining,media/hotels/htl_521bb81f/dining.jpg,"Dining view at Amber Manor by the Lake, Singapore",1600,1067,4,2026-08-18T10:00:00+05:30
hmd_88deb606,htl_30f184fa,,hero,media/hotels/htl_30f184fa/hero.jpg,"Hero view at The Old Residency Resort, Singapore",1600,1067,0,2026-08-18T10:00:00+05:30
hmd_4504a46a,htl_30f184fa,,exterior,media/hotels/htl_30f184fa/exterior.jpg,"Exterior view at The Old Residency Resort, Singapore",1600,1067,1,2026-08-18T10:00:00+05:30
hmd_b05115bd,htl_30f184fa,,lobby,media/hotels/htl_30f184fa/lobby.jpg,"Lobby view at The Old Residency Resort, Singapore",1600,1067,2,2026-08-18T10:00:00+05:30
hmd_14869731,htl_30f184fa,rmt_dc673d27,room,media/hotels/htl_30f184fa/room.jpg,"Room view at The Old Residency Resort, Singapore",1600,1067,3,2026-08-18T10:00:00+05:30
hmd_2735dad7,htl_30f184fa,,dining,media/hotels/htl_30f184fa/dining.jpg,"Dining view at The Old Residency Resort, Singapore",1600,1067,4,2026-08-18T10:00:00+05:30
hmd_c3f71bc9,htl_ef749d59,,hero,media/hotels/htl_ef749d59/hero.jpg,"Hero view at Indigo Manor Suites, Singapore",1600,1067,0,2026-08-18T10:00:00+05:30
hmd_efe9e8fc,htl_ef749d59,,exterior,media/hotels/htl_ef749d59/exterior.jpg,"Exterior view at Indigo Manor Suites, Singapore",1600,1067,1,2026-08-18T10:00:00+05:30
hmd_eba6ce90,htl_ef749d59,,lobby,media/hotels/htl_ef749d59/lobby.jpg,"Lobby view at Indigo Manor Suites, Singapore",1600,1067,2,2026-08-18T10:00:00+05:30
hmd_e9520232,htl_ef749d59,rmt_89dac96b,room,media/hotels/htl_ef749d59/room.jpg,"Room view at Indigo Manor Suites, Singapore",1600,1067,3,2026-08-18T10:00:00+05:30
hmd_e5e550c1,htl_ef749d59,,dining,media/hotels/htl_ef749d59/dining.jpg,"Dining view at Indigo Manor Suites, Singapore",1600,1067,4,2026-08-18T10:00:00+05:30
hmd_f4a2307a,htl_488b1796,,hero,media/hotels/htl_488b1796/hero.jpg,"Hero view at Hotel Manor Boutique Stay, Singapore",1600,1067,0,2026-08-18T10:00:00+05:30
hmd_71320c2a,htl_488b1796,,exterior,media/hotels/htl_488b1796/exterior.jpg,"Exterior view at Hotel Manor Boutique Stay, Singapore",1600,1067,1,2026-08-18T10:00:00+05:30
hmd_b5856e1f,htl_488b1796,,lobby,media/hotels/htl_488b1796/lobby.jpg,"Lobby view at Hotel Manor Boutique Stay, Singapore",1600,1067,2,2026-08-18T10:00:00+05:30
hmd_be16d3be,htl_488b1796,rmt_9c8b8a23,room,media/hotels/htl_488b1796/room.jpg,"Room view at Hotel Manor Boutique Stay, Singapore",1600,1067,3,2026-08-18T10:00:00+05:30
hmd_29712f80,htl_488b1796,,dining,media/hotels/htl_488b1796/dining.jpg,"Dining view at Hotel Manor Boutique Stay, Singapore",1600,1067,4,2026-08-18T10:00:00+05:30
hmd_d5995ced,htl_a0afc350,,hero,media/hotels/htl_a0afc350/hero.jpg,"Hero view at The Old Orchard Boutique Stay, Bangkok",1600,1067,0,2026-08-18T10:00:00+05:30
hmd_6b4b2763,htl_a0afc350,,exterior,media/hotels/htl_a0afc350/exterior.jpg,"Exterior view at The Old Orchard Boutique Stay, Bangkok",1600,1067,1,2026-08-18T10:00:00+05:30
hmd_9dbe7e89,htl_a0afc350,,lobby,media/hotels/htl_a0afc350/lobby.jpg,"Lobby view at The Old Orchard Boutique Stay, Bangkok",1600,1067,2,2026-08-18T10:00:00+05:30
hmd_9965fee9,htl_a0afc350,rmt_ffe36440,room,media/hotels/htl_a0afc350/room.jpg,"Room view at The Old Orchard Boutique Stay, Bangkok",1600,1067,3,2026-08-18T10:00:00+05:30
hmd_071f3372,htl_a0afc350,,dining,media/hotels/htl_a0afc350/dining.jpg,"Dining view at The Old Orchard Boutique Stay, Bangkok",1600,1067,4,2026-08-18T10:00:00+05:30
hmd_ed8b89fa,htl_c4166776,,hero,media/hotels/htl_c4166776/hero.jpg,"Hero view at Garden Nest Suites, Bangkok",1600,1067,0,2026-08-18T10:00:00+05:30
hmd_338a057e,htl_c4166776,,exterior,media/hotels/htl_c4166776/exterior.jpg,"Exterior view at Garden Nest Suites, Bangkok",1600,1067,1,2026-08-18T10:00:00+05:30
hmd_46ec6a53,htl_c4166776,,lobby,media/hotels/htl_c4166776/lobby.jpg,"Lobby view at Garden Nest Suites, Bangkok",1600,1067,2,2026-08-18T10:00:00+05:30
hmd_2609e017,htl_c4166776,rmt_27cc581f,room,media/hotels/htl_c4166776/room.jpg,"Room view at Garden Nest Suites, Bangkok",1600,1067,3,2026-08-18T10:00:00+05:30
hmd_bc336ed4,htl_c4166776,,dining,media/hotels/htl_c4166776/dining.jpg,"Dining view at Garden Nest Suites, Bangkok",1600,1067,4,2026-08-18T10:00:00+05:30
hmd_e487d660,htl_ca1c579e,,hero,media/hotels/htl_ca1c579e/hero.jpg,"Hero view at Hotel Verandah & Spa, Bangkok",1600,1067,0,2026-08-18T10:00:00+05:30
hmd_c9219a3e,htl_ca1c579e,,exterior,media/hotels/htl_ca1c579e/exterior.jpg,"Exterior view at Hotel Verandah & Spa, Bangkok",1600,1067,1,2026-08-18T10:00:00+05:30
hmd_76929bb5,htl_ca1c579e,,lobby,media/hotels/htl_ca1c579e/lobby.jpg,"Lobby view at Hotel Verandah & Spa, Bangkok",1600,1067,2,2026-08-18T10:00:00+05:30
hmd_fdf1594b,htl_ca1c579e,rmt_b68eeee0,room,media/hotels/htl_ca1c579e/room.jpg,"Room view at Hotel Verandah & Spa, Bangkok",1600,1067,3,2026-08-18T10:00:00+05:30
hmd_cf78f6af,htl_ca1c579e,,dining,media/hotels/htl_ca1c579e/dining.jpg,"Dining view at Hotel Verandah & Spa, Bangkok",1600,1067,4,2026-08-18T10:00:00+05:30
hmd_c8b117ab,htl_14e2ae81,,hero,media/hotels/htl_14e2ae81/hero.jpg,"Hero view at Heritage Meadows & Spa, Bangkok",1600,1067,0,2026-08-18T10:00:00+05:30
hmd_4a073854,htl_14e2ae81,,exterior,media/hotels/htl_14e2ae81/exterior.jpg,"Exterior view at Heritage Meadows & Spa, Bangkok",1600,1067,1,2026-08-18T10:00:00+05:30
hmd_d34299e8,htl_14e2ae81,,lobby,media/hotels/htl_14e2ae81/lobby.jpg,"Lobby view at Heritage Meadows & Spa, Bangkok",1600,1067,2,2026-08-18T10:00:00+05:30
hmd_93029a71,htl_14e2ae81,rmt_83c9a6e0,room,media/hotels/htl_14e2ae81/room.jpg,"Room view at Heritage Meadows & Spa, Bangkok",1600,1067,3,2026-08-18T10:00:00+05:30
hmd_c5e6ec37,htl_14e2ae81,,dining,media/hotels/htl_14e2ae81/dining.jpg,"Dining view at Heritage Meadows & Spa, Bangkok",1600,1067,4,2026-08-18T10:00:00+05:30
hmd_99df321e,htl_64d03366,,hero,media/hotels/htl_64d03366/hero.jpg,"Hero view at Grand Verandah & Spa, Bangkok",1600,1067,0,2026-08-18T10:00:00+05:30
hmd_96d915c3,htl_64d03366,,exterior,media/hotels/htl_64d03366/exterior.jpg,"Exterior view at Grand Verandah & Spa, Bangkok",1600,1067,1,2026-08-18T10:00:00+05:30
hmd_a9f7b74f,htl_64d03366,,lobby,media/hotels/htl_64d03366/lobby.jpg,"Lobby view at Grand Verandah & Spa, Bangkok",1600,1067,2,2026-08-18T10:00:00+05:30
hmd_6ba9d715,htl_64d03366,rmt_358bb73f,room,media/hotels/htl_64d03366/room.jpg,"Room view at Grand Verandah & Spa, Bangkok",1600,1067,3,2026-08-18T10:00:00+05:30
hmd_3bf75cfa,htl_64d03366,,dining,media/hotels/htl_64d03366/dining.jpg,"Dining view at Grand Verandah & Spa, Bangkok",1600,1067,4,2026-08-18T10:00:00+05:30
hmd_314041d7,htl_5cf7dd7d,,hero,media/hotels/htl_5cf7dd7d/hero.jpg,"Hero view at The Old Verandah & Spa, Kuala Lumpur",1600,1067,0,2026-08-18T10:00:00+05:30
hmd_d32ee012,htl_5cf7dd7d,,exterior,media/hotels/htl_5cf7dd7d/exterior.jpg,"Exterior view at The Old Verandah & Spa, Kuala Lumpur",1600,1067,1,2026-08-18T10:00:00+05:30
hmd_5b6c38b1,htl_5cf7dd7d,,lobby,media/hotels/htl_5cf7dd7d/lobby.jpg,"Lobby view at The Old Verandah & Spa, Kuala Lumpur",1600,1067,2,2026-08-18T10:00:00+05:30
hmd_9d16417e,htl_5cf7dd7d,rmt_a89c4f37,room,media/hotels/htl_5cf7dd7d/room.jpg,"Room view at The Old Verandah & Spa, Kuala Lumpur",1600,1067,3,2026-08-18T10:00:00+05:30
hmd_bbb4a2ae,htl_5cf7dd7d,,dining,media/hotels/htl_5cf7dd7d/dining.jpg,"Dining view at The Old Verandah & Spa, Kuala Lumpur",1600,1067,4,2026-08-18T10:00:00+05:30
hmd_eaaf5c92,htl_48e9885c,,hero,media/hotels/htl_48e9885c/hero.jpg,"Hero view at Amber Niwas Resort, Kuala Lumpur",1600,1067,0,2026-08-18T10:00:00+05:30
hmd_edcc174b,htl_48e9885c,,exterior,media/hotels/htl_48e9885c/exterior.jpg,"Exterior view at Amber Niwas Resort, Kuala Lumpur",1600,1067,1,2026-08-18T10:00:00+05:30
hmd_656eadb8,htl_48e9885c,,lobby,media/hotels/htl_48e9885c/lobby.jpg,"Lobby view at Amber Niwas Resort, Kuala Lumpur",1600,1067,2,2026-08-18T10:00:00+05:30
hmd_dca769d4,htl_48e9885c,rmt_a2bee2d5,room,media/hotels/htl_48e9885c/room.jpg,"Room view at Amber Niwas Resort, Kuala Lumpur",1600,1067,3,2026-08-18T10:00:00+05:30
hmd_6bacaf47,htl_48e9885c,,dining,media/hotels/htl_48e9885c/dining.jpg,"Dining view at Amber Niwas Resort, Kuala Lumpur",1600,1067,4,2026-08-18T10:00:00+05:30
hmd_7a1c68fb,htl_f5d9d235,,hero,media/hotels/htl_f5d9d235/hero.jpg,"Hero view at Riverside Palms Inn, Kuala Lumpur",1600,1067,0,2026-08-18T10:00:00+05:30
hmd_43f27107,htl_f5d9d235,,exterior,media/hotels/htl_f5d9d235/exterior.jpg,"Exterior view at Riverside Palms Inn, Kuala Lumpur",1600,1067,1,2026-08-18T10:00:00+05:30
hmd_e157c1ee,htl_f5d9d235,,lobby,media/hotels/htl_f5d9d235/lobby.jpg,"Lobby view at Riverside Palms Inn, Kuala Lumpur",1600,1067,2,2026-08-18T10:00:00+05:30
hmd_9104176d,htl_f5d9d235,rmt_a697de82,room,media/hotels/htl_f5d9d235/room.jpg,"Room view at Riverside Palms Inn, Kuala Lumpur",1600,1067,3,2026-08-18T10:00:00+05:30
hmd_1a0d5dc0,htl_f5d9d235,,dining,media/hotels/htl_f5d9d235/dining.jpg,"Dining view at Riverside Palms Inn, Kuala Lumpur",1600,1067,4,2026-08-18T10:00:00+05:30
hmd_9667c5a1,htl_c05586df,,hero,media/hotels/htl_c05586df/hero.jpg,"Hero view at Palm Nest Heritage, Kuala Lumpur",1600,1067,0,2026-08-18T10:00:00+05:30
hmd_b5d9c04e,htl_c05586df,,exterior,media/hotels/htl_c05586df/exterior.jpg,"Exterior view at Palm Nest Heritage, Kuala Lumpur",1600,1067,1,2026-08-18T10:00:00+05:30
hmd_2e8bb569,htl_c05586df,,lobby,media/hotels/htl_c05586df/lobby.jpg,"Lobby view at Palm Nest Heritage, Kuala Lumpur",1600,1067,2,2026-08-18T10:00:00+05:30
hmd_bc317b44,htl_c05586df,rmt_363659ec,room,media/hotels/htl_c05586df/room.jpg,"Room view at Palm Nest Heritage, Kuala Lumpur",1600,1067,3,2026-08-18T10:00:00+05:30
hmd_5b46d2b4,htl_c05586df,,dining,media/hotels/htl_c05586df/dining.jpg,"Dining view at Palm Nest Heritage, Kuala Lumpur",1600,1067,4,2026-08-18T10:00:00+05:30
hmd_f4706d14,htl_628ee540,,hero,media/hotels/htl_628ee540/hero.jpg,"Hero view at Hillview Meadows Inn, Kuala Lumpur",1600,1067,0,2026-08-18T10:00:00+05:30
hmd_d1673acc,htl_628ee540,,exterior,media/hotels/htl_628ee540/exterior.jpg,"Exterior view at Hillview Meadows Inn, Kuala Lumpur",1600,1067,1,2026-08-18T10:00:00+05:30
hmd_dbb340fd,htl_628ee540,,lobby,media/hotels/htl_628ee540/lobby.jpg,"Lobby view at Hillview Meadows Inn, Kuala Lumpur",1600,1067,2,2026-08-18T10:00:00+05:30
hmd_ab4e7e8e,htl_628ee540,rmt_0b836f77,room,media/hotels/htl_628ee540/room.jpg,"Room view at Hillview Meadows Inn, Kuala Lumpur",1600,1067,3,2026-08-18T10:00:00+05:30
hmd_334e6f78,htl_628ee540,,dining,media/hotels/htl_628ee540/dining.jpg,"Dining view at Hillview Meadows Inn, Kuala Lumpur",1600,1067,4,2026-08-18T10:00:00+05:30
hmd_10e4cbce,htl_fe67eead,,hero,media/hotels/htl_fe67eead/hero.jpg,"Hero view at Amber Vihar Suites, Bali",1600,1067,0,2026-08-18T10:00:00+05:30
hmd_44487f2c,htl_fe67eead,,exterior,media/hotels/htl_fe67eead/exterior.jpg,"Exterior view at Amber Vihar Suites, Bali",1600,1067,1,2026-08-18T10:00:00+05:30
hmd_909512fb,htl_fe67eead,,lobby,media/hotels/htl_fe67eead/lobby.jpg,"Lobby view at Amber Vihar Suites, Bali",1600,1067,2,2026-08-18T10:00:00+05:30
hmd_3d58ada1,htl_fe67eead,rmt_629d88b3,room,media/hotels/htl_fe67eead/room.jpg,"Room view at Amber Vihar Suites, Bali",1600,1067,3,2026-08-18T10:00:00+05:30
hmd_34dcc25c,htl_fe67eead,,dining,media/hotels/htl_fe67eead/dining.jpg,"Dining view at Amber Vihar Suites, Bali",1600,1067,4,2026-08-18T10:00:00+05:30
hmd_0d488d9b,htl_1fc52e5d,,hero,media/hotels/htl_1fc52e5d/hero.jpg,"Hero view at The Old Courtyard Inn, Bali",1600,1067,0,2026-08-18T10:00:00+05:30
hmd_5803963f,htl_1fc52e5d,,exterior,media/hotels/htl_1fc52e5d/exterior.jpg,"Exterior view at The Old Courtyard Inn, Bali",1600,1067,1,2026-08-18T10:00:00+05:30
hmd_cf27cc88,htl_1fc52e5d,,lobby,media/hotels/htl_1fc52e5d/lobby.jpg,"Lobby view at The Old Courtyard Inn, Bali",1600,1067,2,2026-08-18T10:00:00+05:30
hmd_28354fe8,htl_1fc52e5d,rmt_7866dc07,room,media/hotels/htl_1fc52e5d/room.jpg,"Room view at The Old Courtyard Inn, Bali",1600,1067,3,2026-08-18T10:00:00+05:30
hmd_71ac376f,htl_1fc52e5d,,dining,media/hotels/htl_1fc52e5d/dining.jpg,"Dining view at The Old Courtyard Inn, Bali",1600,1067,4,2026-08-18T10:00:00+05:30
hmd_ad7d8958,htl_30408181,,hero,media/hotels/htl_30408181/hero.jpg,"Hero view at Villa Sanctuary by the Lake, Bali",1600,1067,0,2026-08-18T10:00:00+05:30
hmd_d368814c,htl_30408181,,exterior,media/hotels/htl_30408181/exterior.jpg,"Exterior view at Villa Sanctuary by the Lake, Bali",1600,1067,1,2026-08-18T10:00:00+05:30
hmd_62bb362e,htl_30408181,,lobby,media/hotels/htl_30408181/lobby.jpg,"Lobby view at Villa Sanctuary by the Lake, Bali",1600,1067,2,2026-08-18T10:00:00+05:30
hmd_d2628fc5,htl_30408181,rmt_438cfcdc,room,media/hotels/htl_30408181/room.jpg,"Room view at Villa Sanctuary by the Lake, Bali",1600,1067,3,2026-08-18T10:00:00+05:30
hmd_bc46b1c6,htl_30408181,,dining,media/hotels/htl_30408181/dining.jpg,"Dining view at Villa Sanctuary by the Lake, Bali",1600,1067,4,2026-08-18T10:00:00+05:30
hmd_7447c080,htl_15145914,,hero,media/hotels/htl_15145914/hero.jpg,"Hero view at Casa Palms Boutique Stay, Bali",1600,1067,0,2026-08-18T10:00:00+05:30
hmd_69324cab,htl_15145914,,exterior,media/hotels/htl_15145914/exterior.jpg,"Exterior view at Casa Palms Boutique Stay, Bali",1600,1067,1,2026-08-18T10:00:00+05:30
hmd_dd47d5fd,htl_15145914,,lobby,media/hotels/htl_15145914/lobby.jpg,"Lobby view at Casa Palms Boutique Stay, Bali",1600,1067,2,2026-08-18T10:00:00+05:30
hmd_4560d74c,htl_15145914,rmt_0b14ba9c,room,media/hotels/htl_15145914/room.jpg,"Room view at Casa Palms Boutique Stay, Bali",1600,1067,3,2026-08-18T10:00:00+05:30
hmd_14e1c237,htl_15145914,,dining,media/hotels/htl_15145914/dining.jpg,"Dining view at Casa Palms Boutique Stay, Bali",1600,1067,4,2026-08-18T10:00:00+05:30
hmd_51369ead,htl_faf784c8,,hero,media/hotels/htl_faf784c8/hero.jpg,"Hero view at Lake Kothi Heritage, Bali",1600,1067,0,2026-08-18T10:00:00+05:30
hmd_5e9871ee,htl_faf784c8,,exterior,media/hotels/htl_faf784c8/exterior.jpg,"Exterior view at Lake Kothi Heritage, Bali",1600,1067,1,2026-08-18T10:00:00+05:30
hmd_1d1a84f2,htl_faf784c8,,lobby,media/hotels/htl_faf784c8/lobby.jpg,"Lobby view at Lake Kothi Heritage, Bali",1600,1067,2,2026-08-18T10:00:00+05:30
hmd_8c8c597d,htl_faf784c8,rmt_ea923c1e,room,media/hotels/htl_faf784c8/room.jpg,"Room view at Lake Kothi Heritage, Bali",1600,1067,3,2026-08-18T10:00:00+05:30
hmd_09d603bb,htl_faf784c8,,dining,media/hotels/htl_faf784c8/dining.jpg,"Dining view at Lake Kothi Heritage, Bali",1600,1067,4,2026-08-18T10:00:00+05:30
hmd_2c92ceb3,htl_b7ca8001,,hero,media/hotels/htl_b7ca8001/hero.jpg,"Hero view at Royal Orchard Resort, Kyoto",1600,1067,0,2026-08-18T10:00:00+05:30
hmd_47d5cee9,htl_b7ca8001,,exterior,media/hotels/htl_b7ca8001/exterior.jpg,"Exterior view at Royal Orchard Resort, Kyoto",1600,1067,1,2026-08-18T10:00:00+05:30
hmd_4044cdf7,htl_b7ca8001,,lobby,media/hotels/htl_b7ca8001/lobby.jpg,"Lobby view at Royal Orchard Resort, Kyoto",1600,1067,2,2026-08-18T10:00:00+05:30
hmd_44ed9ffb,htl_b7ca8001,rmt_db498e20,room,media/hotels/htl_b7ca8001/room.jpg,"Room view at Royal Orchard Resort, Kyoto",1600,1067,3,2026-08-18T10:00:00+05:30
hmd_ed1b9603,htl_b7ca8001,,dining,media/hotels/htl_b7ca8001/dining.jpg,"Dining view at Royal Orchard Resort, Kyoto",1600,1067,4,2026-08-18T10:00:00+05:30
hmd_8fa1bcfa,htl_647a13b7,,hero,media/hotels/htl_647a13b7/hero.jpg,"Hero view at The Old Manor Heritage, Kyoto",1600,1067,0,2026-08-18T10:00:00+05:30
hmd_56863f3b,htl_647a13b7,,exterior,media/hotels/htl_647a13b7/exterior.jpg,"Exterior view at The Old Manor Heritage, Kyoto",1600,1067,1,2026-08-18T10:00:00+05:30
hmd_4ee08dfd,htl_647a13b7,,lobby,media/hotels/htl_647a13b7/lobby.jpg,"Lobby view at The Old Manor Heritage, Kyoto",1600,1067,2,2026-08-18T10:00:00+05:30
hmd_973a10a2,htl_647a13b7,rmt_21874df4,room,media/hotels/htl_647a13b7/room.jpg,"Room view at The Old Manor Heritage, Kyoto",1600,1067,3,2026-08-18T10:00:00+05:30
hmd_b1e8ceaf,htl_647a13b7,,dining,media/hotels/htl_647a13b7/dining.jpg,"Dining view at The Old Manor Heritage, Kyoto",1600,1067,4,2026-08-18T10:00:00+05:30
hmd_867c2d8c,htl_5ea20ea8,,hero,media/hotels/htl_5ea20ea8/hero.jpg,"Hero view at The Bungalow by the Lake, Kyoto",1600,1067,0,2026-08-18T10:00:00+05:30
hmd_96836696,htl_5ea20ea8,,exterior,media/hotels/htl_5ea20ea8/exterior.jpg,"Exterior view at The Bungalow by the Lake, Kyoto",1600,1067,1,2026-08-18T10:00:00+05:30
hmd_6377a669,htl_5ea20ea8,,lobby,media/hotels/htl_5ea20ea8/lobby.jpg,"Lobby view at The Bungalow by the Lake, Kyoto",1600,1067,2,2026-08-18T10:00:00+05:30
hmd_61bd89aa,htl_5ea20ea8,rmt_3191a5b4,room,media/hotels/htl_5ea20ea8/room.jpg,"Room view at The Bungalow by the Lake, Kyoto",1600,1067,3,2026-08-18T10:00:00+05:30
hmd_535a27a6,htl_5ea20ea8,,dining,media/hotels/htl_5ea20ea8/dining.jpg,"Dining view at The Bungalow by the Lake, Kyoto",1600,1067,4,2026-08-18T10:00:00+05:30
hmd_0d667d9f,htl_92768774,,hero,media/hotels/htl_92768774/hero.jpg,"Hero view at The Orchard by the Lake, Kyoto",1600,1067,0,2026-08-18T10:00:00+05:30
hmd_c925323f,htl_92768774,,exterior,media/hotels/htl_92768774/exterior.jpg,"Exterior view at The Orchard by the Lake, Kyoto",1600,1067,1,2026-08-18T10:00:00+05:30
hmd_6739cd10,htl_92768774,,lobby,media/hotels/htl_92768774/lobby.jpg,"Lobby view at The Orchard by the Lake, Kyoto",1600,1067,2,2026-08-18T10:00:00+05:30
hmd_018c0183,htl_92768774,rmt_505f071e,room,media/hotels/htl_92768774/room.jpg,"Room view at The Orchard by the Lake, Kyoto",1600,1067,3,2026-08-18T10:00:00+05:30
hmd_1049440f,htl_92768774,,dining,media/hotels/htl_92768774/dining.jpg,"Dining view at The Orchard by the Lake, Kyoto",1600,1067,4,2026-08-18T10:00:00+05:30
hmd_481b8455,htl_6583da9d,,hero,media/hotels/htl_6583da9d/hero.jpg,"Hero view at Grand Kothi Resort, Kyoto",1600,1067,0,2026-08-18T10:00:00+05:30
hmd_5032d23a,htl_6583da9d,,exterior,media/hotels/htl_6583da9d/exterior.jpg,"Exterior view at Grand Kothi Resort, Kyoto",1600,1067,1,2026-08-18T10:00:00+05:30
hmd_66013387,htl_6583da9d,,lobby,media/hotels/htl_6583da9d/lobby.jpg,"Lobby view at Grand Kothi Resort, Kyoto",1600,1067,2,2026-08-18T10:00:00+05:30
hmd_835915fc,htl_6583da9d,rmt_ed5919b8,room,media/hotels/htl_6583da9d/room.jpg,"Room view at Grand Kothi Resort, Kyoto",1600,1067,3,2026-08-18T10:00:00+05:30
hmd_29d65f4e,htl_6583da9d,,dining,media/hotels/htl_6583da9d/dining.jpg,"Dining view at Grand Kothi Resort, Kyoto",1600,1067,4,2026-08-18T10:00:00+05:30
hmd_a2da5018,htl_861fb9d1,,hero,media/hotels/htl_861fb9d1/hero.jpg,"Hero view at Lake Kothi Resort, Zurich",1600,1067,0,2026-08-18T10:00:00+05:30
hmd_a00c4b12,htl_861fb9d1,,exterior,media/hotels/htl_861fb9d1/exterior.jpg,"Exterior view at Lake Kothi Resort, Zurich",1600,1067,1,2026-08-18T10:00:00+05:30
hmd_aa0e4209,htl_861fb9d1,,lobby,media/hotels/htl_861fb9d1/lobby.jpg,"Lobby view at Lake Kothi Resort, Zurich",1600,1067,2,2026-08-18T10:00:00+05:30
hmd_42b9f282,htl_861fb9d1,rmt_00c81387,room,media/hotels/htl_861fb9d1/room.jpg,"Room view at Lake Kothi Resort, Zurich",1600,1067,3,2026-08-18T10:00:00+05:30
hmd_f6426115,htl_861fb9d1,,dining,media/hotels/htl_861fb9d1/dining.jpg,"Dining view at Lake Kothi Resort, Zurich",1600,1067,4,2026-08-18T10:00:00+05:30
hmd_1cdb620e,htl_36af7bab,,hero,media/hotels/htl_36af7bab/hero.jpg,"Hero view at Heritage Palms Suites, Zurich",1600,1067,0,2026-08-18T10:00:00+05:30
hmd_6278ae32,htl_36af7bab,,exterior,media/hotels/htl_36af7bab/exterior.jpg,"Exterior view at Heritage Palms Suites, Zurich",1600,1067,1,2026-08-18T10:00:00+05:30
hmd_7ea78912,htl_36af7bab,,lobby,media/hotels/htl_36af7bab/lobby.jpg,"Lobby view at Heritage Palms Suites, Zurich",1600,1067,2,2026-08-18T10:00:00+05:30
hmd_8517e04f,htl_36af7bab,rmt_72d2bca1,room,media/hotels/htl_36af7bab/room.jpg,"Room view at Heritage Palms Suites, Zurich",1600,1067,3,2026-08-18T10:00:00+05:30
hmd_ea192e38,htl_36af7bab,,dining,media/hotels/htl_36af7bab/dining.jpg,"Dining view at Heritage Palms Suites, Zurich",1600,1067,4,2026-08-18T10:00:00+05:30
hmd_36a76271,htl_f73ed585,,hero,media/hotels/htl_f73ed585/hero.jpg,"Hero view at Lake Nest Suites, Zurich",1600,1067,0,2026-08-18T10:00:00+05:30
hmd_1ca46783,htl_f73ed585,,exterior,media/hotels/htl_f73ed585/exterior.jpg,"Exterior view at Lake Nest Suites, Zurich",1600,1067,1,2026-08-18T10:00:00+05:30
hmd_861f3bc7,htl_f73ed585,,lobby,media/hotels/htl_f73ed585/lobby.jpg,"Lobby view at Lake Nest Suites, Zurich",1600,1067,2,2026-08-18T10:00:00+05:30
hmd_325758fc,htl_f73ed585,rmt_ba2a6a3c,room,media/hotels/htl_f73ed585/room.jpg,"Room view at Lake Nest Suites, Zurich",1600,1067,3,2026-08-18T10:00:00+05:30
hmd_fc5446c0,htl_f73ed585,,dining,media/hotels/htl_f73ed585/dining.jpg,"Dining view at Lake Nest Suites, Zurich",1600,1067,4,2026-08-18T10:00:00+05:30
hmd_ba42506d,htl_daff4ec9,,hero,media/hotels/htl_daff4ec9/hero.jpg,"Hero view at Heritage Verandah Suites, Zurich",1600,1067,0,2026-08-18T10:00:00+05:30
hmd_e3e5f659,htl_daff4ec9,,exterior,media/hotels/htl_daff4ec9/exterior.jpg,"Exterior view at Heritage Verandah Suites, Zurich",1600,1067,1,2026-08-18T10:00:00+05:30
hmd_084c5dfd,htl_daff4ec9,,lobby,media/hotels/htl_daff4ec9/lobby.jpg,"Lobby view at Heritage Verandah Suites, Zurich",1600,1067,2,2026-08-18T10:00:00+05:30
hmd_f2a56e22,htl_daff4ec9,rmt_acc1af70,room,media/hotels/htl_daff4ec9/room.jpg,"Room view at Heritage Verandah Suites, Zurich",1600,1067,3,2026-08-18T10:00:00+05:30
hmd_9338d1fa,htl_daff4ec9,,dining,media/hotels/htl_daff4ec9/dining.jpg,"Dining view at Heritage Verandah Suites, Zurich",1600,1067,4,2026-08-18T10:00:00+05:30
hmd_bbb2b18d,htl_4a4eea20,,hero,media/hotels/htl_4a4eea20/hero.jpg,"Hero view at Indigo Niwas Suites, Zurich",1600,1067,0,2026-08-18T10:00:00+05:30
hmd_2dfc5cb2,htl_4a4eea20,,exterior,media/hotels/htl_4a4eea20/exterior.jpg,"Exterior view at Indigo Niwas Suites, Zurich",1600,1067,1,2026-08-18T10:00:00+05:30
hmd_a1229a62,htl_4a4eea20,,lobby,media/hotels/htl_4a4eea20/lobby.jpg,"Lobby view at Indigo Niwas Suites, Zurich",1600,1067,2,2026-08-18T10:00:00+05:30
hmd_1f3d1125,htl_4a4eea20,rmt_a6d366f8,room,media/hotels/htl_4a4eea20/room.jpg,"Room view at Indigo Niwas Suites, Zurich",1600,1067,3,2026-08-18T10:00:00+05:30
hmd_094d80d7,htl_4a4eea20,,dining,media/hotels/htl_4a4eea20/dining.jpg,"Dining view at Indigo Niwas Suites, Zurich",1600,1067,4,2026-08-18T10:00:00+05:30
